Deal ID,Account ID,Snapshot Date,Forecast Week #,Deal Name,Account Name,Account Industry,Owner,Opportunity Type,Exit ARR Impact Amount,Stage,Forecast,L1 Forecast,L1 Best Case,L1 Notes,L2 Forecast,L2 Best Case,L2 Notes,L3 Forecast,L3 Best Case,L3 Notes,L3 Swing Deal,Close Date,ARR Date,Created Date,Next Call,Next Step,Days in Stage,# Pushed,Aggregate Risk Score,Perceived Value Score,"Contacts Engaged (CSM, 90d)","Contacts Engaged (AE, 30d)",Competitor Mentions (AI),Main Competitors,Customer Outcome #1,Customer Outcome #2,PS One-Time Revenue,ARR (Forecast),ARR (Engage),Metrics,Metrics: Validated,Economic Buyer: Validated,Economic Buyer,Decision Criteria: Validated,Decision Criteria,Decision Process: Validated,Decision Process,Identified Pain: Validated,Identified Pain,Champion,Champion: Validated,Competition,Competition: Validated,Compelling Event,Compelling Event: Validated
DL-0007,ACC-004,2026-07-24,13,Beacon Ridge Group 2.0,Beacon Ridge Group,Computers & Electronics,Hugo Halvorsen,New Business,25960.0,Business Alignment,Commit,62800.0,,,62800.0,,,,,"7/13 - DM
This is going to Enterprise due to an acquisition of this company and will be rolled into 1 purchase",False,2026-07-30,2026-07-30T00:00:00.000Z,2026-06-29T19:48:15Z,2026-07-27T20:30+03:00[Asia/Jerusalem],,10,0.0,Red,,0.0,2.0,"Forecastr, Apollo, Co-pilot","Forecastr - Forecast, Apollo - Engage, LeadHub - Engage, LinkedIn - Enable, Co-pilot - Engage",,,3360.0,0.0,0.0,"Missing: exact sales target Kevin's working against

ICP & Account Focus
- Priority 1: narrow an extremely broad ICP down to roughly six segments, using an outside go to market consultant who is interviewing practice leads, salespeople, and the CEO.
- Priority 2: get account associates activated against assigned accounts, ICP, offers, and scripts. At least one associate currently doesn't know which accounts he owns.
- Priority 3: sales training and coaching adoption, including basic ClosePlan usage. Kevin expects all three priorities to take the rest of the year but has no hard metric yet to confirm the team is actually ready for 2027.
Team Activity Targets
- Inside sales team goal: 5 meetings booked per week per rep. Described as a brand new goal since no one had one before.
- No win rate goal set. Team isn't seen as having a win rate problem yet because top of funnel volume is too low to matter.
Margin & Delivery Quality
- Beacon Ridge sells at roughly a 40% margin. Kevin views margin retention through delivery as a rough proxy for sales conversation quality (harder questions, more due diligence upfront).",False,False,"Missing: confirmed EB at Beacon Ridge or Meridian Partners level, who owns purchase approval, whether this deal folds into Meridian Partners's existing Vantera motion, procurement path.
- Kevin (VP, Sales and Revenue) has independently purchased tools for Beacon Ridge before. He cleared a research tool purchase informally with Meridian Partners's CRO, then rolled it out just within Beacon Ridge.
- Meridian Partners (the parent company) already has a separate, active Vantera evaluation running with another rep, creating risk of two competing motions inside one parent company.
- Kevin floated a possible structure: Beacon Ridge is a ""pilot"" group for a broader Meridian Partners rollout, then integrate more broadly with Meridian Partners's systems in January when Beacon Ridge is more integrated with Meridian Partners and moved to their CRM.
- No named budget owner or signer confirmed beyond Kevin's own discretion for smaller purchases.",False,"Missing: ranked criteria, budget range, confirmed integration requirements with OrbitCRM CRM and LeadHub, how the call recording culture concern gets resolved, level of Meridian Partners procurement involvement.
(Still need to confirm how Kevin weighs adoption and culture risk against the productivity case.)
- Wants AI tooling to reduce manual account research and message drafting. Kevin already does some of this ad hoc today.
- Wants automatic call recording and transcription. Today Beacon Ridge only turns on Teams Copilot manually and inconsistently, and reps don't proactively request it.
- Culture and adoption risk around call recording is a top concern. Kevin directly asked how Vantera customers overcome the ""you're spying on me"" objection.
- Interested in productivity beyond coaching: automatic CRM updates, follow up emails, call plans, and ClosePlan generation.
- CRM environment is OrbitCRM at Beacon Ridge with LeadHub for marketing. They'll be consolidating to Meridian Partners's CRM in January.",False,"Missing: formal evaluation steps, other stakeholders involved beyond Kevin, security or procurement review, whether Meridian Partners needs to sign off, timeline past the demo -- (Still need clarity on who signs, what budget is being used, and how this connects to Meridian Partners's parallel Vantera evaluation.)

- Next step is a demo scheduled for next Wednesday, 3 to 4 PM Mountain Time.
- Kevin indicated that if tech stack decisions have to run through Meridian Partners, the process could get slower and more complex, since Meridian Partners hasn't ""bit the apple"" on a purchase like this before.
- Kevin suggested a possible pilot then scale path: sell a set number of licenses within Beacon Ridge first, with broader Meridian Partners integration considered for January.
- No mention yet of legal, security, or procurement steps at either Beacon Ridge or Meridian Partners.",False,"Missing: quantified cost of missed handoffs, org wide confirmation from Meridian Partners, direct input from the delivery leadership team.

What:
- Calls at Beacon Ridge are not recorded today. Teams Copilot has to be manually enabled per meeting and is rarely used.
- No factual record exists of what was said or promised to customers during sales cycles, complicating sales to delivery handoffs, which are currently managed informally in Teams.
- Delivery quality suffers because the ICP is too broad, so the delivery team gets inconsistent types of work every week.
Why:
- Kevin is shifting the team from channel led (Cisco or HP bringing hardware deals) to services led, consultative selling, which requires a different skill set and tighter process.
- Two sales managers haven't historically had the time or focus to do real sales management, coaching, or shadowing.
- Kevin is trying to build a repeatable, higher margin services motion instead of ad hoc hardware resale.
How (without Vantera):
- At his last company, Kevin used a similar transcription tool to auto capture every call and feed proposal writing. That habit hasn't carried over to Beacon Ridge.
- Coaching today relies on manual shadowing and ride alongs led by the two sales managers.
- Account research and message drafting are already partially AI assisted, done ad hoc by Kevin personally.
Highest priority pain: lack of call recording and visibility is compounding both the sales to delivery handoff problem and Kevin's ability to scale coaching.","Missing: confirmation Kevin will actively sell Vantera internally, who at Meridian Partners might need to weigh in, a path to a confirmed economic buyer.
- Kevin Keller (VP, Sales and Revenue): has real influence at Beacon Ridge and has already made at least one independent tool purchase without needing full Meridian Partners sign off. He has a personal stake tied to solving his stated priorities (ICP, activation, training), which Vantera could support.
- This was only an intro call. Kevin hasn't yet sold Vantera internally to anyone else, and hasn't given access to other stakeholders or an economic buyer.
- Based on current evidence, Kevin is a Coach, not yet a Champion. He has power and a personal win, but no demonstrated internal selling or stakeholder access yet.",False,"Missing: full shortlist beyond what's mentioned, status of the parallel Meridian Partners side Vantera evaluation, any other tools Beacon Ridge or Meridian Partners already use for a similar purpose.
- Meridian Partners already has a separate, active Vantera evaluation running through another rep, and has gone through prior Vantera evaluations over the years without closing. This is the primary head to head risk, since it's unclear whether the two motions will merge, compete, or stay separate.
- Status quo at Beacon Ridge is effectively no tool: manual, inconsistent use of Teams Copilot for call recording.
- Kevin referenced a transcription tool from his previous company as a positive past experience, but it is not a currently competing vendor in this evaluation.",False,GAP - None identified,False
DL-0033,ACC-012,2026-07-24,13,Vidora - Seat Add,Vidora,Software & Internet,Cody Danforth,Upsell,31637.5,Contract Negotiation,Commit,45000.0,,,45000.0,,,,,,False,2026-07-31,2026-07-31T00:00:00.000Z,2026-07-13T18:25:52Z,2026-07-27T15:00+03:00[Asia/Jerusalem],,1,0.0,Red,,9.0,7.0,"Forecastr, ProspectFlow",Forecastr - Forecast,New Business,Rep Productivity,0.0,0.0,0.0,,False,False,,False,,False,,False,,,False,,False,,False
DL-0036,ACC-014,2026-07-24,13,DocVault - Enable opp,DocVault,Software & Internet,Elena Whitaker,Upsell,6000.0,Outcome Validation,Commit,36900.0,,,36900.0,,,36900.0,,"5/20 - DM: Had a meeting yesterday to do their POC build and tested it with them. They were excited for it. Expected to sign early June. Main DM has been out of town for a couple of weeks.

Risk - With main DM being out of town making sure when they come back that we are still in alignment on timeline for signatures",False,2026-07-24,2026-07-24T00:00:00.000Z,2026-03-04T01:11:50Z,,"7/6 EW -- Karen and team are testing this week, time next week to answer any remaining technical questions and align on go/no go decisions. Experience so far has been very positive w Enable

6/11 EW -- Karen now in London for next two weeks and not prioritizing Enable eval. Deal slipping into July as next step is not scheduled until June 30th.

5/21 EW:
Audience:
Engaged = Karen Boone (Sr. Dir. Enablement / Champion), Judy Wozniak (Enablement Specialist / builder), Johnny Marconi (Sr. RevOps Analyst / technical support), JP Darden (Aftermarket Manager / field context)
Not Yet Engaged = Marcus Grant (CRO / likely EB) -- not on either POC call. Has expressed interest in the ""game reps"" framing but has not been formally looped into commercial conversation or POC progress.
POV -- Risks tied to MEDDICCC:
#1 Tactical Risk = Karen back 5/26. Judy is building the scenario independently this week but Karen will want to re-review everything live. Risk of re-work or momentum stall if Judy's build doesn't land with Karen on first review.
#1 Strategic Risk = No commercial bridge established. We've validated the use case and built POC momentum, but there is still no agreed path from ""POC works"" to ""here's what we buy."" Karen flagged this explicitly in the 5/5 call. If we don't solve this before Karen returns, positive POC results could still stall into ""let's revisit budget later.""
Plan:
Judy to complete gatekeeper scenario build independently this week (pre-5/26). Elena and Jenna to be available via Slack/email for questions during build. When Karen returns 5/26, schedule a live review session to align on scenario quality, scorecard, and then immediately bridge to commercial framing -- seat count, pricing range, and what ""yes"" looks like post-POC. Marcus needs to be looped in before or at that session to establish EB awareness and protect against budget becoming an excuse to pause.

5/5 EW - finalized POC scope w Karen and team, build out scheduled for 5/19,

4/15 EW - gave Karen 5 min call to ask if there is a world we could execute in April and she said 'No, she won't have time and Marcus will not sign anything w/o Karen building full business case.

4/14 EW:
Audience
Engaged =
Karen Boone – Enablement (Champion, driving POC)
Judy Wozniak – Enablement (power user, POC execution)
Lisa Johnson – supporting POC / rep workflow
Marcus Grant – CRO (EB, positive on SDR ramp / “game reps” use case)
Not Engaged =
Milbank – commercials
Johnny Marconi / Colin Rowe – technical / RevOps
AE / AM leaders – needed to validate business impact

---
POV → Risks
#1 Tactical Risk =
POC not scoped tightly enough → weak signal on value / perceived complexity
#1 Strategic Risk =
No agreed commercial path post-POC → risk of “value proven, no budget / delayed expansion”

---
Plan
- By next Tuesday (build session):Karen / Judy bring 2–3 calls, draft scorecard, define AI + attorney scenarioEW / Jenna lead 1-hr build session (10 seats, focused group)
- Pre/Post build session:EW + Milbank align on commercial path (small-seat start if successful)
- Post POC kickoff:EW to single-thread sales leaders to quantify impact (AI talk track gaps, attorney engagement, deal quality)
- POC scope:1 use case → AI discovery / attorney conversations1 segment → SML + AM mixSuccess = rep feedback + scorecard improvement + early signal on deal impact

4/8 EW
Audience
Engaged = Karen Boone (Enablement, champion), Judy (enablement power user), Marcus Grant (CRO, supportive from onsite)
Not yet engaged but should be = Milbank on commercials, AE/BDR leaders tied to AI talk track gaps
POV → Risks
#1 Tactical Risk = running a vague POC without defined scenario, prep requirements, and success criteria
#1 Strategic Risk = no agreed commercial bridge if POC works, causing value to stall at budget timing
Plan
EW to send recap + Tuesday hold confirmation today
EW/Amanda/Milbank to align on pricing framework before or immediately after Tuesday prep session
Tuesday meeting with Karen/Judy/Jenna to define exact AI talk track / attorney-engagement scenario, required inputs, and build approach
Post-prep session: schedule build-ready POC session with focused user subset

3/27 EW
Audience
Engaged:
- Karen Boone – Enablement (Champion)
- Marcus Grant – CRO (EB, engaged, positive on SDR use case)
- Judy – Enablement (power user)
- Colin / Johnny – RevOps
- Spencer + Sales leaders (in room)
Not Yet Engaged:
- Milbank (pricing stakeholder)
- Additional Sales leaders (need 1:1 POV)
- Potential AE leaders tied to pricing/discovery gaps

---
POV → Risks
#1 Tactical Risk:
POC gets scoped too small / generic → fails to prove value → stalls expansion
#1 Strategic Risk:
No quantified business case or compelling event → defaults to “nice to have enablement tool”

---
Plan
- Elena → Karen (today)
- Schedule POC + success criteria call
- Align on 1 core use case + segment

- Elena → Sales Leaders (next 3–5 days)
- Single-thread discovery:
- Discovery gaps
- Pricing execution gaps
- Impact on deals

- Elena + Alicia + Milbank
- Align on pricing strategy AFTER value is confirmed

- POC Plan
- 1 use case (likely SDR ramp or discovery)
- 1 team
- Defined success criteria tied to behavior",65,4.0,Red,6.0,7.0,6.0,"ProspectFlow, Forecastr, Salesloft, Salesforce",Salesloft - Engage,New Business,Pipeline Generation,,0.0,0.0,"- Qualitative today:
- Reduce manager time spent on coaching / role play
- Improve SDR ramp + readiness for promotion
- Improve execution in:
- Discovery
- Pricing conversations
- AI messaging
- Bringing attorneys into deals earlier

Implied impact:
- Higher win rates
- Faster ramp time
- Better deal progression

Gap - no quantified business metrics",False,False,"- Marcus Grant (CRO) → likely signer / economic buyer
- Engaged
- Positive signal: specifically called out SDR ramp use case

- Karen → strong influencer / program owner",False,"What matters to them:
- must work in a real scenario
- must be reasonably easy to build/manage
- must support small initial deployment
- needs commercial clarity before deeper investment",False,"Likely path:
- Align on value (current stage)
- Run POC with subset of users
- Evaluate results
- Commercial conversation w/ Karen + Milbank + Marcus
- Decision
Gap: No defined timeline or success criteria yet",False,"Confirmed across multiple stakeholders:
- Lack of scalable coaching / practice
- SDR → AE transition gaps (confidence + execution)
- Known skill gaps:
- Discovery quality
- Pricing conversations
- AI messaging
- Multi-threading (getting attorneys involved)

- Limited bandwidth:
- Managers
- Enablement
- Peer-based coaching

- reps are weak in AI discovery / positioning
- reps are not naturally bringing in attorneys early
- they need structured practice for higher-value conversations","Karen Boone
- Positive, engaged, sees use cases
- Wants proof → “if it works”
- Still cautious due to:
- expectation mismatch (thought it was different product)
- pricing sensitivity

Needs: clear win (POC success)",False,"Status quo:
- Manual coaching
- Role play (limited)
- Listening to Vantera calls

- Other tools (implied):
- Tools with more “bot-like” coaching

Real competition = “we don’t need this” + POC fatigue",False,"- No hard timeline
- No forcing function
This is a big risk

Need to create one:
- SDR promotions
- Hiring ramp
- Upcoming enablement initiative
- Q2/Q3 planning",False
DL-0037,ACC-015,2026-07-24,13,PathPoint 5.0,PathPoint,Transportation & Storage,Elena Whitaker,New Business,173520.0,Outcome Validation,Best Case,100000.0,,"7/13

Update:
1. Team wants Vantera
2. Trevor w/ CRO on 7/15 - pricing
3. Need to give confidence in Dynamic integration",66000.0,,,,,"7/16 DM -
#1 Risk - They are not willing to spend anything prior to their next fiscal year/renewal of ProspectFlow which is in October.

Plan - Pricing call today with Brendan to come to discuss specifics of commercials for different packages and how we can work with their budget and not being able to spend until October

7/13 DM -
#1 Risk - They are not willing to spend anything prior to their next fiscal year/renewal of ProspectFlow which is in October.

Plan - We will work with Trevor to get creative here and then Trevor will present how we can do this to their CRO (Brendan) on Wednesday when he is scheduled to meet with him again.

7/6 DM -
#1 Risk - In 1 year with ProspectFlow and can't justify a change due to budget reasons

Plan - Trevor has reached out to CRO and has time on calendar to sync. They will be looking for a way to mitigate that risk while Elena is getting more stakeholders looped in

6/25 - DM:
Risk - CRO does not want to disrupt their budget for this year on a tool they have already purchased this year in ProspectFlow for top of funnel.

Plan - We have uncovered from our champion what are the initiatives from the CRO this year and many of them are things that Vantera can help them with. Meeting with our Champion (Ryan) today to make a plan of how we can get in front of the CRO

6/22 - DM:
Risk - CRO does not want to disrupt their budget for this year on a tool they have already purchased this year in ProspectFlow for top of funnel.

Plan - We have uncovered 3 other priorities that their CRO cares about that Vantera can help solve and will be putting together a business case for our main contact (Ryan) to use to get the CRO to meet with us

6/15 - Meeting tomorrow with Ryan to go over some last technical questions she has had

Risk - Not currently with any real power. Ryan and Neal have kinda been the gatekeepers until we have been able to check some technical and security boxes.

Plan - Using the call tomorrow to get a demo scheduled with power. If Ryan can't deliver then we will start going around her

6/1 - DM: Ryan (Main contact) got back to Elena to schedule something for middle of June. This seems to be somewhat of a positive sign as if there was a non-starter on the security side with our integration for OrbitCRM, then they would have just told us and moved on (as it was tee'd up to do that if the security side couldn't work)

Plan --> Ez to understand more about what could be communicated in that call so we have right resources on our side

5/20 - DM: They have had some additional questions through email on Security stuff. They have ignored Elena's request for a backstop because their hands are tied until their security team comes back with an answer

5/14 - DM - Call to discuss OrbitCRM integration took place this week and most capabilities seem to be much better with what we can do than what they are limited to with ProspectFlow, but big concern with security of our OrbitCRM integration

Audience:
Ryan - Senior Systems Process Analyst
Neal Dawson - OrbitCRM CRM Admin

POV:
Tactical Risk - Our OrbitCRM integration needs full access to OrbitCRM which the CRM Admin said could be a blocker to this all but will have their Security team take a look

Strategic Risk - Recently signed and implemented ProspectFlow, so timing of doing another switch could be difficult

Plan:
Sent over integration and security documentation. Elena is reaching out to Ryan (Main POC) to set up a backstop for after their conversation with Security team. That needs to be determined before anything else can move forward.

5/7 - DM

Audience:
Aligned with Elena

POV:
Tactical Risk = no power is engaged yet until we can validate OrbitCRM first

Strategic Risk = OrbitCRM integration. Ryan flagged it as a 50/50 deal breaker. Until the technical scoping call happens and her dev contact is aligned, this risk is unresolved and could derail momentum with broader stakeholders.

Plan:
Mike Larkin (SE) to join technical scoping call with Ryan and her dev contact on May 11th to validate OrbitCRM integration fit and directly address lead-to-opp gap. Elena to use that call as the trigger to push for Brendan and Mitchell engagement immediately after. Target: power in the room before end of May ProspectFlow evaluation checkpoint.",True,2026-07-30,2026-07-31T00:00:00.000Z,2026-03-06T00:25:07Z,2026-07-27T21:00+03:00[Asia/Jerusalem],"7/13 EW:
Audience:
Engaged =
 Ryan Leighton: Sr. Systems Analyst, champion, 3 months running the eval largely solo
 Brooke Barnes: AE Team Lead, prior Vantera user, positive unprompted reaction
 Jordan Blake: VP Sales, prior Vantera user, forecasting concern resolved
 Jessica Mallory: Director Mid-Market CS, engaged cold, surfaced strong manual-tracking pain
 Mark Patterson: Head of RevOps, chose ProspectFlow last year specifically due to the M365/Engage gap (now resolved), unresolved technical questions on OrbitCRM duplicate/lead architecture
 Baris Yilmaz: Sales Ops Analyst
 Jeetika Taneja: CS Ops
 Neal: OrbitCRM developer, security cleared
Not Yet Fully Engaged =
 Brendan Carlson: CRO, economic buyer, meeting w Trevor now
 Stephanie Wilkinson: CCO, introduced to Vantera internally by Nick V., prior Vantera experience, not yet formally engaged after last second missing last demo
Relationships (friends of Vantera) =
 Brendan has bought Vantera at prior companies. Stephanie was introduced to Vantera by Nick V. internally and knows him. Brooke and Jay are both prior Vantera users with positive personal experience.
POV → Risks
#1 Tactical Risk = Monday's Trevor-Brendan call is the first executive engagement in this deal. If Brendan anchors on price before value lands, or if Mark's technical concerns resurface unresolved, the deal stalls at exactly the moment it needs to accelerate toward a July signature ahead of the believed October ProspectFlow renewal.
#1 Strategic Risk tied to MEDDICCC based on stage = Economic Buyer + Decision Process. Brendan has stated in writing that any move must be ""budget-neutral"" against ProspectFlow, and we have not yet gotten to power to confirm the actual decision process, timeline, or who else needs to sign off. Champion is strong but junior, with no direct exec relationship until Monday. If we don't reframe the comparison set from ProspectFlow-swap to platform-decision, and don't quickly map the real buying path, we risk running out of runway before the fiscal year turns.
Plan →
Trevor-Brendan call right now to first understand Brendan's priorities and reframe the comparison onto PathPoint's own FY27 promises, signal commercial flexibility without a number, and map the buying path (sign-off authority, org buy-in steps). In parallel: close outstanding OrbitCRM technical questions with Mark/Neal (reverse demo/recording requested, soft deadline ~7/17), get ROI metrics (win rate, deal size, closed-won/year, ACV) from Ryan, finalize commercial structure with deal desk before any pricing goes to PathPoint in writing, and schedule the deeper CS dive with Stephanie and her team

7/6 EW:
Audience:
Engaged =
Ryan Leighton: Sr. Systems Analyst, champion
Neal: OrbitCRM developer, technical/security evaluator (cleared)
Brooke Barnes: Sales Team Lead, pre-call scheduled, representing herself and Jay's priorities ahead of Wednesday demo
Not Yet Engaged / Engaging This Week =
Brendan Carlson: CRO, economic buyer, responded to Trevor, anchored on budget-neutral, meeting pending
Mark Patterson: Head of RevOps, ProspectFlow-committed, joining Wednesday sales/RevOps demo
Jordan Blake: VP of Sales, joining Wednesday demo
Baris: Sales Ops Analyst, joining Wednesday demo
Stephanie Wilkinson: CCO, joining Thursday CS demo
Jessica Mallory: Director of Mid Market CS, joining Thursday demo
Jeetika Taneja: CS Ops, joining Thursday demo
Relationships (friends of Vantera) =
Brendan evaluated Vantera last year, confirmed OrbitCRM integration was the only blocker (now resolved). Responds to exec-to-exec outreach.
POV → Risks
#1 Tactical Risk = Two group demos this week (Wed sales/RevOps, Thu CS) are the biggest single-week exposure of the deal to date. Brooke's email signals real but fair skepticism: comfortable with ProspectFlow, prior exposure to Vantera that didn't fully land, and explicit concern about change management and fiscal-year timing. If Wednesday doesn't reframe off ""ProspectFlow replacement"" and onto measurable day-to-day impact, Mark and Jay will reinforce the status quo bias already anchoring Brendan.
#1 Strategic Risk tied to MEDDICCC based on stage = Economic Buyer + Decision Criteria. Brendan has set budget-neutral as his stated gate and Trevor is working to reframe that into a value conversation without conceding it as the criteria. This week's demos are the evidence base Trevor needs before or after Monday. If the sales/RevOps demo lands as feature parity with ProspectFlow rather than a productivity and visibility upgrade, it hardens the price objection instead of loosening it.
Plan →
- 1:1 with Brooke today to extract rep-level friction, her specific change management concern, and what ""measurable efficiency"" means to her, to sharpen the Wednesday demo
- Wednesday demo (Mark, Ryan, Jay, Brooke, Baris) built around full-funnel visibility, coaching/ramp, and RevOps consolidation, explicitly reframed off ProspectFlow comparison
- Thursday CS demo (Stephanie, Jennifer, Jeetika) to open the post-sale and CS engagement thread, sequenced per Ryan's plan to reinforce after Brendan leans in
- Trevor-Brendan Monday meeting to convert his budget-neutral gate into a revenue-outcomes conversation, backed by whatever traction this week's demos produce

6/30 EW:
Audience:
Engaged =
Ryan Leighton: Sr. Systems Analyst, champion driving the eval and cross-functional expansion
Neal: OrbitCRM developer, technical/security evaluator (cleared, no hesitations)

Not Yet Engaged / Engaging Now =
Brendan Carlson: CRO, economic buyer, prior Vantera evaluator, responded to Trevor's outreach. Open to a conversation but anchored hard on budget-neutral.
Mark Patterson: Head of RevOps, ProspectFlow-committed (""this is what we bought into""), joining group demo
Jordan Blake: VP of Sales (joining group demo)
Baris: Sales Ops Analyst (joining group demo)Brooke: AE Team Lead (joining group demo)
Stephanie Wilkinson: CCO, post-sales advocate, intentionally sequenced after Brendan buy-in

Relationships (friends of Vantera) =
Brendan evaluated Vantera last year and confirmed the only blocker was OrbitCRM integration, which is now resolved. Responds well to exec-to-exec outreach.

POV → Risks
#1 Tactical Risk = Brendan has explicitly drawn the line: Vantera must be budget-neutral against ProspectFlow to enter the FY27 budget. He sees too much overlap between the two and won't fund both. The group demo Thursday and the Trevor-to-Brendan Monday meeting both have to move him off the ""expensive ProspectFlow swap"" frame and onto the revenue and platform value, or this caps at a price we can't profitably hit.
#1 Strategic Risk tied to MEDDICCC based on stage = Economic Buyer + Decision Criteria. Brendan is now engaged but is defining the decision criteria as price parity, not business value. If we let ""budget-neutral"" stand as the gate, we lose. We must reframe the criteria around revenue productivity, full-funnel visibility, and the cross-functional consolidation story (CS, implementation, coaching) so the comparison set is bigger than ProspectFlow. Mark remains a sunk-cost blocker. Ryan is a strong champion but cannot move power on price alone, which is why the Trevor exec channel is live.

Plan →
Group demo Thursday with Ryan, Mark, Jay, Brooke, and Baris to land the platform value across sales, ops, and leadership, reframing off the ProspectFlow comparison. Pre-call with Brooke to tailor the demo to rep-level friction and Jay's leadership priorities. Trevor asked to meet Brendan Monday to reframe the decision around revenue outcomes and signal commercial flexibility (""we can work on price if Vantera is the right long-term fit"") without conceding budget-neutral as the criteria. Sequence Stephanie in after Brendan leans in to reinforce the CS side. Drive toward a value-engineered ROI analysis (metrics pending from Ryan's upmarket analyst) and a sandbox technical validation to neutralize the lingering OrbitCRM trust concern before close.

6/15 EW:
Audience:
Engaged =
Ryan Leighton: Sr. Systems Analyst, champion driving the eval and cross-functional expansion
Neal: OrbitCRM developer, technical/security evaluator (cleared, no hesitations)
Not Yet Engaged but Should Be =
Brendan Carlson: CRO, economic buyer, prior Vantera buyer with relationships to our exec team
Stephanie Wilkinson: CCO
Marketing Director (name TBD): win/loss + visibility owner
Relationships (friends of Vantera) =
Brendan has bought Vantera at multiple prior companies and has relationships with our exec team. Stephanie familiar with Vantera.
POV → Risks
#1 Tactical Risk = Eval has expanded cross-functionally but power is still not engaged and the only path to Brendan/Stephanie runs through Ryan. Summer PTO/July 4th threatens to stall momentum if leadership demos aren't locked.
#1 Strategic Risk tied to MEDDICCC based on stage = Champion + EB. Ryan could be a strong champion but has not yet brokered the intro to power...",0,2.0,Yellow,,0.0,5.0,"ProspectFlow, Outplay, Apollo, Nooks, Kaya, Co-pilot, SalesLoft, Forecastr","ProspectFlow - Engage, SalesLoft - Engage, Kaya - Engage, Forecastr - Forecast",,,18000.0,0.0,33440.0,"Quantified 7/22 with Ryan Leighton's upmarket analyst - the ""numbers we can't get today"" ask is closed:
- rep efficiency: ~6 hrs/rep/week lost to manual workflows and spreadsheets
- pipeline visibility / accuracy: 62% forecast accuracy, target 85%+
- outbound execution: 3.5 days lead-to-first-touch, target under 1
Win-rate and ACV baselines from RevOps, reviewed with Mark Patterson 7/22.",True,True,"Brendan Carlson, CRO - validated 7/21. Joined the pricing call, owns purchase approval at this size, and is active in planning and decision-making. Confirmed the budget-neutral gate against the $35K ProspectFlow spend and agreed the July-paper / October-billing structure.",True,"Ranked with Brendan Carlson (CRO) and Mark Patterson (RevOps) on 7/21:
1. OrbitCRM integration quality - CLOSED: security review complete, pipeline-phase visibility and data syncing resolved
2. Commercial fit - budget-neutral against the $35K ProspectFlow spend
3. Workflow efficiency and tool consolidation
4. Data privacy - covered by the security review
5. Measurable ROI - baseline delivered 7/22
Open, not blocking: core custom object unsupported; Global Admin privileges for the integration user.",True,"Validated 7/21 with Brendan Carlson:
- Ryan Leighton ran the evaluation and the comparison against ProspectFlow, Apollo and Outplay - complete
- Use case socialized with Mark Patterson (RevOps), Jordan Blake (VP Sales), Mitchell and the CS org
- Security review complete; legal review of terms in flight - PathPoint wants a two-year max term with performance language and termination rights tied to the OrbitCRM integration
- Sign-off sits with Brendan at this size; no further committee step
The May ProspectFlow checkpoint has passed; replace-vs-renew is decided.",True,"Validated 7/17-7/21 across the buying group:
- fragmented systems (OrbitCRM, ProspectFlow, spreadsheets) - Mark Patterson (RevOps)
- manual lead handling and duplication - Ryan Leighton, quantified 7/22
- no visibility into execution + pipeline - Jordan Blake (VP Sales), stated top issue
- poor enablement + coaching - Brooke Barnes (AE Team Lead)
- inconsistent processes across the upmarket team - Jessica Mallory (Director Mid-Market CS)
Brendan tied all five to PathPoint's FY27 revenue-productivity initiative on 7/21.","Ryan Leighton - validated 7/21. Ran the evaluation for three months, built the internal use case, and brokered the CRO introduction that put Brendan Carlson on the 7/21 pricing call. Now selling internally rather than only evaluating, and carrying the budget-neutral reframe directly. Backed by Brooke Barnes (AE Team Lead) and Jordan Blake (VP Sales), both prior Vantera users.",True,"Validated 7/21. ProspectFlow is the incumbent and the anchor - Brendan holds the comparison to their $35K annual spend. Apollo and Outplay were evaluated and dropped. The real competitor is status quo plus ProspectFlow sunk cost, now offset: the completed security review and resolved OrbitCRM blockers were the original reasons ProspectFlow was chosen.",True,"Validated 7/21. The ProspectFlow renewal lands in October and Brendan will not carry both tools into FY27, so the replace decision is made. Brendan agreed on 7/21 to paper in July with billing aligned to the October fiscal turn, avoiding a double-pay against the flat FY26 budget - the multi-scenario quotes requested 7/24 price that structure. Signature targeted ahead of the 7/31 quarter end.",True
DL-0041,ACC-017,2026-07-24,13,Nimbus.io - Ramp Seats,Nimbus.io,Software & Internet,Cody Danforth,Upsell,7389.0,Discovery,Best Case,11367.69,,,11367.69,,,,,,False,2026-07-31,2026-07-31T00:00:00.000Z,2026-07-07T18:46:55Z,,,16,0.0,Yellow,1.0,1.0,1.0,"ProspectFlow, Salesforce","ProspectFlow - Engage, Sales Engage - Engage",,,0.0,0.0,0.0,,False,False,,False,,False,,False,,,False,,False,,False
DL-0043,ACC-019,2026-07-24,13,ConstructPro Solutions - 34 Seat Add,"ConstructPro Solutions, Inc.",Software & Internet,Ian Lockwood,Upsell,38427.49,Discovery,Pipeline,,,,,,,,,,False,2026-07-31,2026-07-31T00:00:00.000Z,2026-07-17T17:55:28Z,2026-07-28T00:00+03:00[Asia/Jerusalem],,6,0.0,Red,8.0,14.0,4.0,,- Enable,Rep Productivity,,0.0,0.0,0.0,,False,False,,False,,False,,False,,,False,,False,,False
DL-0044,ACC-020,2026-07-24,13,perpetual uptime 2.0,Perpetual uptime,Software & Internet,Ian Lockwood,New Business,21840.0,Discovery,Commit,,,,,,,,,,False,2026-07-31,2026-07-31T00:00:00.000Z,2026-07-15T15:04:21Z,2026-07-27T23:00+03:00[Asia/Jerusalem],"7/22 IL
Audience:
- Engaged = Marcus Bell (Sales Team Lead/AE), Nate Gibson (VP Sales)
- Not Yet Engaged = Gagan (CFO/EB), Kartik, Ravindra, technical contact (NYC, MCP server integration)
POV → Risks
- #1 Tactical Risk = Technical integration (MCP server/PlantOS, no public LLMs) unconfirmed; monthly payment terms need CFO sign-off
- #1 Strategic Risk = EB (Gagan) not engaged — DC/DP unclear; possible internal build (Teams recording) as competitive alt
Plan
- Ian: confirm integration capabilities + send call recording/pricing PDF by 7/27
- Nick: loop in Kartik, Ravindra, Gagan on monthly payment ask — target before next check-in
- Ian: recap call via email to full stakeholder group",6,0.0,Red,,0.0,2.0,Microsoft Teams,No relevant data found.,,,2240.0,0.0,0.0,,False,False,,False,,False,,False,,,False,,False,,False
DL-0045,ACC-021,2026-07-24,13,Aurora - 1.0,Aurora Eyewear,Manufacturing,Cody Danforth,New Business,49600.0,Closed Lost,Omit,49600.0,0.0,,49600.0,0.0,,,,,False,2026-07-09,2026-07-09T00:00:00.000Z,2026-06-11T18:49:38Z,,,15,0.0,Red,,0.0,1.0,No relevant data found.,Zoom - Foundation,,,,0.0,0.0,,False,False,,False,,False,,False,,,False,,False,,False
DL-0046,ACC-022,2026-07-24,13,APEX SSO,Apex Commercial Receivables,Business Services,Elena Whitaker,New Business,10000.0,Closed Lost,Omit,10000.0,0.0,,10000.0,0.0,,,,,False,2026-07-10,2026-07-10T00:00:00.000Z,2026-05-20T16:53:15Z,,"5/26 EW: Disco call w/ Tomas Shaw (CTO) didn't generate qualified interest. Incumbent: Zoom Revenue Accelerator, bundled in multi-year Zoom contract. Price reaction: ""outside our band."" No champion. No compelling event surfaced. Followed up w/ targeted disco questions, response was a polite no-engagement. Moving to nurture. Re-engage Q4 '26 or on trigger event (new exec hire, Zoom contract renewal, Astira tech investment announcement).",14,1.0,Red,,0.0,6.0,"Zoom Revenue Accelerator, ProspectFlow, SalesLoft","Zoom Revenue Accelerator - Engage, Zoom Revenue Accelerator - Forecast",,,,0.0,0.0,,False,False,,False,,False,,False,,,False,,False,,False
DL-0047,ACC-023,2026-07-24,13,Amperly 2.0,Amperly,Business Services,Cody Danforth,New Business,58000.0,Closed Lost,Omit,58000.0,0.0,,58000.0,0.0,,,,,False,2026-05-08,2026-05-08T00:00:00.000Z,2026-03-18T21:02:44Z,,,77,0.0,Red,,0.0,1.0,,,,,,0.0,0.0,,False,False,,False,,False,,False,,,False,,False,,False
DL-0048,ACC-003,2026-07-24,13,Benchmark Bio - Engage Upsell (SalesLoft R&R),Benchmark Bio,Software & Internet,Hugo Halvorsen,Upsell,88000.0,Closed Lost,Omit,88800.0,,,0.0,,,,,"5/21 - DM: Have call with Ada and Fiona today to finalize commercials. Ran 5 minute play yesterday with Fiona to work on anchoring this deal on value instead of just price. She said the value for them really comes with ""unification"" of tools which will help with productivity.

Risk - Still not a strong conviction in the value we are providing as they keep coming back to price will be their main driver and if the price is a big enough gap to justify a change then they might not be able to. Fiona who did seem like a strong champion seems to be back peddling a little bit

5/14 - DM -
Audience:
- Engaged =
- Fiona Sterling, RevOps Systems Manager — champion, driving the evaluation, coordinating all stakeholders
- Adriana Brenner, Leader SMB AMER — AE leader, vocal about pain with SalesLoft accountability and analytics; self-described ""not the decision maker"" but highly influential, said she's sold on Engage.
- Rashaan Abdullah, Leader Sales Development — SDR leader, familiar with Engage from a prior role, rated value a 7/10
- Edmund Oben, Sales Dev Leader — EMEA SDR leader, focused on integration and Salesforce sync, rated value an 8/10
- Drake Garner - CX Operations Manager
- Kate Robertson - CX Operations Leader
- Hannah Jensen - Head of Business Systems

- Not Yet Engaged but Should Be =
- Lee Black, CRO — assumed economic buyer; has not been part of the conversation yet
- Ron Gill - CFO
- Aria Lin - Procurement

- Relationships (Friends of Vantera) =
- Fiona Sterling — prior Engage implementation experience; proactively organized this evaluation and is actively selling internally

POV
- #1 Tactical Risk - Decision Process: There are a lot of needed steps to happen in order for them to get signature by the end of May. That signature date is needed to give enough time for implementation before Salesloft contract renewal at the end of August
- #1 Strategic Risk - Because this will require an early renewal which puts the whole contract over the $100k threshold which requires procurement to get involved and CFO signature. Otherwise the team we have worked with so far could just sign off on this
Plan:
- Call on Monday with Ada from procurement and Fiona (our champion) to discuss commercials more in depth and negotiate a deal to move forward
- Working to get a meeting between GN and Benchmark Bio because GN needs to be set up as a vendor which they think will be the longest part of all of this
- Working to get a technical validation call scheduled to confirm European numbers in Vantera",True,2026-05-29,2026-05-29T00:00:00.000Z,2026-04-17T18:35:55Z,2026-08-05T21:00+03:00[Asia/Jerusalem],"5/27 HH
Audience:
- Engaged =
- Fiona Sterling, RevOps Systems Manager, champion; driving the eval and coordinating all internal approvals; has been inconsistent on value messaging but is still pushing the deal forward
- Hannah Jensen, Head of Business Technology, involved in tech validation and commercial review; constructive ally
- Aria Lin, Head of Procurement, leading commercial negotiations; aggressive on pricing but aligned on 2-year term and May signature
- Adriana Brenner, Rashaan Abdullah, Ed Oben, Aiden Jenson, SMB AE leader, SDR leaders, and sales leaders; engaged throughout the eval, supportive

- Not Yet Engaged but Should Be =
- Ron Gill, CFO, required approver for deals over $100K; approval is sitting on his desk and is the only thing blocking legal, security, and order form execution
- Lee Black, CRO, approved the deal alongside Joseph Young but not directly engaged with Vantera; Fiona confirmed he signed off
- Joseph Young, Sr. Director of Strategic Finance, confirmed approver; has approved, waiting on Ron

POV
- #1 Tactical Risk - Decision Process: Ron Gill (CFO) approval is the single blocker. Everything downstream, including legal, security, order form execution, and signature, is sequential and cannot start until Ron approves. Thursday is the current execution deadline and the end of May is the hard ceiling. No direct line of sight to Ron.
- #1 Strategic Risk - Champion: Fiona has been inconsistent on articulating Engage value, backtracked on the SalesLoft spend number with Ada, and acknowledged she was still taking meetings with SalesLoft and Salesforce during tech validation. She is still moving the deal but her conviction as a champion is conditional and price-dependent.
Plan:
- If no CFO approval by tomorrow afternoon, I'm going to have Milbank reach out to Ron directly with a pointed note on the urgency of EOM signature, addresses Tactical Risk
- HH to keep Fiona close and give her the tools she needs to hold the line internally, specifically the finalized billing schedule and draft order form, so she is not left to navigate Ada and Ron without ammunition, addresses Strategic Risk
- Once Ron approves, HH to move same day on final order form submission to deal desk for VP and CRO sign-off, targeting a same-day turnaround to legal per the process Fiona outlined, addresses Tactical Risk
- GoNimbly vendor approval to run in parallel; Fiona to submit vendor request internally as soon as CFO approves so implementation is not a blocker post-signature, addresses Tactical Risk
- HH to confirm with Fiona that the 25K credit timing shift (November vs. at signing) and the license true-up language are both resolved with Ada before the order form goes final, addresses Tactical Risk
-------------

4/27 HH
Audience:
- Engaged =
- Fiona Sterling, RevOps Systems Manager — champion, driving the evaluation, coordinating all stakeholders
- Adriana Brenner, Leader SMB AMER — AE leader, vocal about pain with SalesLoft accountability and analytics; self-described ""not the decision maker"" but highly influential, said she's sold on Engage.
- Rashaan Abdullah, Leader Sales Development — SDR leader, familiar with Engage from a prior role, rated value a 7/10
- Edmund Oben, Sales Dev Leader — EMEA SDR leader, focused on integration and Salesforce sync, rated value an 8/10

- Not Yet Engaged but Should Be =
- Lee Black, CRO — assumed economic buyer; has not been part of the conversation yet

- Relationships (Friends of Vantera) =
- Fiona Sterling — prior Engage implementation experience; proactively organized this evaluation and is actively selling internally

POV
- #1 Tactical Risk - Decision Process: SalesLoft renews in August. A May decision is required to allow 60 days for migration. Next steps are unscheduled and the EB has not been engaged, which puts the timeline at risk.
- #1 Strategic Risk - Economic Buyer: Lee Black (CRO) is assumed EB but unconfirmed and not yet in the conversation. If he's not engaged before a decision is needed, the deal stalls or gets deprioritized at the wrong moment.
Plan:
- HH to use Thursday's Enable session with Fiona to recommend an on-site with senior leadership, including Lee Black, to accelerate EB engagement and compress timeline before May deadline — addresses both Tactical and Strategic risks
- HH to confirm Lee Black as EB with Fiona on Thursday — addresses Strategic Risk
- HH to schedule SE-led follow-up covering Salesforce reporting, full tech stack integration, and Engage roadmap (A/B testing, branching logic, Orchestrate) — addresses Tactical Risk and keeps deal momentum post-demo",56,0.0,Red,8.0,16.0,7.0,"Salesloft, People.ai, udly, Forecastr, Salesforce","SalesLoft - Engage, Udly - Enable, GainSight - Foundation",Forecast Accuracy,Rep Productivity,,0.0,88000.0,"Missing: any hard pipeline or revenue targets tied to Engage adoption, quantified admin burden from current SalesLoft workflows, SDR meeting volume or call targets, current MQL conversion rates, speed-to-lead SLA.

Sales Engagement Efficiency
- Team is doing manual Salesforce report pulls and lofting leads into SalesLoft cadences by hand after every event or webinar
- No automation on inbound MQL routing today; SDRS are manually triaging who gets followed up and by whom
- AEs are expected to touch 25 accounts per week (""five by five"" framework) but leadership has no reliable way to verify execution

Outbound Coverage & Accountability
- AEs work a finite, vertical-specific audience; coverage gaps are a known risk but hard to measure in SalesLoft
- No reporting mechanism today to tell if an AE executed all steps in a cadence or just added someone and did nothing
- Rashaan flagged overdue and skipped steps as key accountability metrics he wants visibility into

Consolidation
- SalesLoft contract runs through August 2026; Fiona confirmed they are paying for it now
- Fiona explicitly framed Engage as a cost consolidation play alongside workflow simplification",False,False,"Missing: confirmed EB name and title, who owns the Engage budget decision specifically, whether this rolls into a broader renewal conversation or is a standalone purchase, confirmation of who signs. Most likely Lee Black (CRO).
- Fiona Sterling (Revenue Operations Systems Manager) is coordinating the evaluation and procurement side, including managing Zip for contract execution
- She confirmed the product license order form is ready to execute and referenced nudging an executive to sign, but did not name that person
- Fiona noted the upcoming renewal in November will likely be ""messy"" and framed adding Engage now as a way to get better leverage at renewal
- Hugo flagged to Fiona that adding Engage requires at minimum a one-year contract, meaning the path forward is either a contract extension or early renewal
- No named EB has been identified or confirmed on the Engage upsell specifically",False,"Missing: ranked criteria, must-have vs. nice-to-have breakdown, formal evaluation scorecard, whether IT/security sign-off is required, confirmed budget range. (Still need to confirm how the SDR leaders weigh automation capabilities vs. analytics vs. dialer parity with SalesLoft.)
- Phone number provisioning for EMEA is a potential kill shot: Fiona noted that if Vantera cannot provision local numbers in Switzerland and Germany, that could stop the deal entirely; Vantera's SE needs to address this directly
- SalesLoft parity on core engagement features (dialer, email, cadences/snippets/templates) is a baseline requirement before any switch is considered
- Workflow automation is a primary driver, specifically: automatic routing of inbound MQLs and event attendees into the right cadence without manual Salesforce report pulls
- A/B testing for sequences is on the prospect's wish list; noted as near-term roadmap (Q2 of this year) but not available today
- Branching/waterfall flow logic also requested by Fiona; confirmed roadmap but not yet available
- Account-level activity visibility across SDR, AE, and SE is valued; the inability to see this today in SalesLoft is an active pain
- Salesforce bi-directional sync is expected; duplicates and missed activity pushes from SalesLoft are a current frustration
- LeadIQ integration matters; team is ~98% LeadIQ, some ZoomInfo; they want direct Chrome extension-to-flow enrollment
- Chilipiper bundled licensing noted as a positive differentiator; team uses LeanData for routing but wants Chilipiper's booking functionality
- Adriana flagged Marketo integration and intent signal surfacing as a strong-to-have for AE and SDR targeting workflows; flagged as a follow-up item for the SE",False,"Missing: formal evaluation timeline, who needs to approve the Engage purchase specifically, whether security or IT review is required, next meeting scheduled, whether there are other vendors being evaluated for this use case.
- Fiona is the internal coordinator running scheduling and procurement logistics
- Evaluation group identified so far: Fiona Sterling, Adriana Brenner (SMB AMER Leader), Rashaan Abdullah (Sales Dev Leader), Ed Oben (Sales Dev Leader), and potentially others in EMEA
- Hugo proposed bringing in his SE for a deeper technical session covering Salesforce reporting, broader tech stack integration, and roadmap specifics; this was agreed to by Fiona and Adriana
- SE session is not yet scheduled; Fiona agreed to coordinate
- Ed is based in Switzerland, which creates scheduling complexity (time zone coverage across PT, ET, and CET)
- SalesLoft contract ends August 2026; that is the natural forcing function for a decision, though it was described as enough runway to evaluate properly",False,"Missing: quantified time/pipeline lost to manual workflows, whether leadership has formally mandated a SalesLoft replacement or if this is Fiona-driven.

What
- Inbound MQL and event lead follow-up is entirely manual: pull Salesforce report, push to SalesLoft, check for duplicates, manually enroll into cadence
- AE accountability to outbound commitments (five by five) cannot be tracked without leaving Vantera; SalesLoft reporting is too cumbersome for AE leaders to use regularly
- Activity across SDR, AE, and SE is siloed: SalesLoft and Salesforce don't stay in sync, so reps can't tell what's been done on an account without going to multiple places
- No visibility into whether reps are actually executing cadence steps or just adding people and skipping
Why
- Benchmark Bio has a finite, vertical-specific audience; every gap in coverage or follow-up is a direct miss on a limited TAM
- AE leaders are unfamiliar with SalesLoft reporting, so accountability defaults to taking reps at their word
- SalesLoft is expensive and the team sees an opportunity to consolidate spend while also improving the motion
How
- Adriana described the current state as ""unfortunately manual"" with SDRs project-managing follow-up across account types and ownership lines
- Ed noted recurring issues with activity logged in SalesLoft not appearing in Salesforce and vice versa, making it impossible to build consistent best practices
- AE leaders are not using SalesLoft to inspect rep activity, meaning the five-by-five framework runs largely on the honor system","Missing: confirmation that Fiona is actively selling Engage internally, whether Adriana or Rashaan have any budget influence or internal advocacy role, path to whoever owns the EB decision.
- Fiona Sterling is the closest thing to a champion right now; she organized the demo, is coordinating procurement, has prior Engage implementation experience, and is framing the value case internally around consolidation and workflow simplification. She is managing the renewal narrative and has explicitly tied Engage to getting better leverage at the November renewal. However, she is a RevOps Systems Manager with no confirmed budget ownership or signing authority, and she is not yet confirmed as actively selling this to leadership. Label: Coach trending toward Champion, pending internal advocacy confirmation.
- Adriana Brenner was enthusiastic and said on the call ""I'm sold on this"" before catching herself and noting she's not the decision maker. She has line-of-sight into both the AE and SDR motion and could be a strong internal voice. Label: Coach.
- Rashaan Abdullah engaged substantively, asked good technical questions, gave a 7/10 value score, and called out tech consolidation as a personal priority. Not yet doing anything that looks like internal selling. Label: Contact trending toward Coach.
- Ed Oben gave an 8/10 but is geographically in Switzerland and framed his score partly as Friday goodwill. No evidence of internal advocacy. Label: Contact.",False,"Missing: whether SalesLoft is actively being re-evaluated with other vendors, any formal RFP or vendor shortlist, whether there are internal build or AI-native alternatives being considered.
- SalesLoft is the incumbent and the direct replacement target; contract ends August 2026. The team has mixed sentiment: Fiona described it as ""very expensive,"" Adriana said AEs are creating cadences ""left and right"" making it ""the wild west,"" and multiple stakeholders noted poor Salesforce sync. No strong defenders of SalesLoft were present on either call.
- Drift (owned by SalesLoft, being sunset) is in the stack for chat/intent but barely being used; the team acknowledged they've neglected it and are open to alternatives
- EMEA phone number provisioning is a specific SalesLoft advantage that needs to be directly addressed: Fiona noted SalesLoft may be provisioning business numbers for Swiss and German reps in ways that may not be legal but are currently working; Vantera's SE needs to come in with a concrete answer here or this becomes a sticking point",False,"- SalesLoft contract expires August 2026 -- if they're going to move forward with Engage, they need to make a decision on that in May at the latest. SalesLoft typically requires a 60-day notice of intent not to renew so they need to make that clear in June.",False
DL-0049,ACC-003,2026-07-24,13,Benchmark Bio - Enable Upsell,Benchmark Bio,Software & Internet,Hugo Halvorsen,Upsell,60000.0,Closed Lost,Omit,60000.0,0.0,,60000.0,0.0,,30000.0,,,False,2026-05-05,2026-05-05T00:00:00.000Z,2026-03-26T17:29:44Z,,,80,0.0,Red,8.0,16.0,7.0,"People.ai, Salesloft, Udly, Chorus, Forecastr",,Forecast Accuracy,Rep Productivity,,0.0,0.0,,False,False,,False,,False,,False,,,False,,False,,False
DL-0050,ACC-024,2026-07-24,13,Beacon - upsell,Beacon,Software & Internet,Harper Ramsey,Upsell,48000.0,Closed Lost,Omit,48000.0,0.0,,48000.0,0.0,,,,,False,2026-05-27,2026-05-27T00:00:00.000Z,2026-04-17T16:11:43Z,,"Audience
- Caleb Grant (North American Sales Director) — Main contact and Vantera power user; manages a team of 5 (growing to 6); oversees North America, UK, and Australia
- Aaron — Key point of contact (role TBD); on file
- Maria — CRO / Global Head of Sales and CX; potential stakeholder for broader account conversation
- Maxine — Head of CX, EMEA
- Ignacio — Head of CX, North America
- Lana — Vantera CSM assigned to Beacon (~100 users total in platform)
POV
- Key risks: team is at headcount cap (6 reps NA, ~15 global max); Charlie is cost-conscious and skeptical of add-ons; already evaluated forecasting module with prior AE; building internal AI (Nexus on Quad) that overlaps with some Vantera functionality
- Key strengths: Charlie is a genuine daily Vantera advocate — uses deal view, call listening, keyword tracking, and MEDDIC scorecards regularly; open to learning features he's not using yet; receptive to AI builder after it was shown on the call
- Strategy: Focus on retention and deepening usage vs. expansion; connect with Aaron and Maria to map the broader 100-user account; have CSM Lana send resources on deal size visualization and account board; no hard upsell play right now
Plan
- Harper to-dos: Reach out to Aaron and Maria to understand how other teams are using Vantera; loop in Lana to share account board and deal size visualization details; send AI builder follow-up so Charlie can explore it
- On deck: Schedule semi-annual or quarterly business review with broader team; track Vantera ROI against Charlie's OKRs (enterprise pipeline creation and conversion, average deal volume improvement)",58,0.0,Green,5.0,4.0,1.0,Forecastr,Forecastr - Forecast,Retention & Expansion,Pipeline Generation,,48000.0,0.0,,False,False,,False,,False,,False,,,False,,False,,False
DL-0051,ACC-019,2026-07-24,13,ConstructPro Solutions - Enable Upsell,"ConstructPro Solutions, Inc.",Software & Internet,Ian Lockwood,Upsell,69300.0,Closed Lost,Omit,69300.0,0.0,,69300.0,0.0,"Tactical risk = next step is on 4/15 - timing
Strategic risk = competitive, no firm champ yet
Plan = 5 min play with Reid

Champ:
- Reid - has said he sees value but has not yet stated he wants Vantera Enable.

Competition:
- Reviewing Reflex (?)

Compelling event:
- rolling out Sandler 5/1",69300.0,,"5/18 - DM:
We missed the window of a compelling event of a new pricing release that they could have used Enable for. This has been deprioritized (although still interested) and asked to continue conversations later in year.",True,2026-05-18,2026-05-18T00:00:00.000Z,2026-03-23T21:46:14Z,,"5/5 IL
Audience
Engaged Stakeholders
Reid (Sales Enablement Manager) - Champion
- Primary contact, Vantera power user, owns scorecards/trackers/deal boards
- Concern: Bandwidth and optimizing Vantera core before adding Enable
Jordan Sackett (VP Revenue Operations) - Decision Authority
- Oversees tooling and operations, all purchasing decisions roll up to him
- Analytical approach, evaluating competitive options
TK/Tobias Keller (VP Sales) - Economic Buyer
- Final decision maker with Justin
Grant Keswick - Methodology Champion
- Advocate for value selling and authentic practice scenarios
Chloe (CSM) - CS use cases, less immediate need
Zach (Growth Team Lead) - Manages Growth team's Vantera usage

Missing Stakeholders

Blake Self (Director of Sales) - Was invited but hasn't attended recent demos
Wes Lambert (SE Training Specialist) - Oversees SE training, Reid wants to bring him in: ""I'd like to bring in another member of my team. His name's Wes lambert who oversees SE training""
Drew (BDR Leadership) - Has scorecard concerns, should validate BDR use cases

Relationships
- Reid - Primary champion, daily user, trusts Vantera team
- Greg - Methodology advocate, will champion if timing aligns
- Erin → Shane - Strong CSM partnership transitioning

---
POV

#1 Tactical Risk: Bandwidth Constraints
- Focused on ROI calculator rollout and other initiatives
- Risk of ""not the right time"" stall
#1 Strategic Risk: DC + DP + M
Decision Criteria:
- Vantera's advantage is data integration, but not yet validated through POC
Decision Process:
- POC proposed but not scheduled
- Multiple stakeholders need internal alignment
Metrics:
- No quantified ROI or business case established
- Viewed as ""nice to have"" vs. ""must have""
- Limited validation of specific business outcomes

---
Plan
What Has Been Sent/Shared
Demos: Initial overview (April 2), full demo with simulation (April 7), build-ready walkthrough (April 15)
Materials: Enable flywheel framework, video recordings, AI Builder demo, scorecard-to-simulation examples
POC Proposal: One-week controlled POC using their data, no cost/commitment, setup call with Reid
Key Learnings
- Strong Vantera adoption: 40+ trackers, scorecards, deal boards
- Bandwidth is real - ROI calculator launch, Vantera optimization ongoing
- Scorecard cleanup needed before Enable layering
- Reflex AI competitive with attractive pricing - data integration advantage must be proven
- Primary use case: Continuous training (ROI calculator, upfront contract, pain funnel) vs. new hire onboarding
- Reid needs confidence Enable won't create more work
Next Steps
Immediate (1-2 Weeks):
- Send POC outline email with time commitment and outcomes
- Schedule POC setup call with Reid to build first scenario
- Engage Wes Lambert for SE validation
- Re-engage Blake Self
Short-Term (2-4 Weeks): 5. Execute one-week POC (focus on ROI calculator or discovery) 6. Build quantified ROI model with TK and Justin 7. Document competitive advantages ov...",67,1.0,Red,8.0,14.0,4.0,"Reflex AI, Cochem","Reflex AI - Enable, Cochem - Enable",Rep Productivity,,,0.0,0.0,"• ConstructPro Solutions, Inc. measures success by key performance indicators (KPIs) such as seat rate, closing percentage, and lead qualification.
• Lead qualification must meet the BAMP (Budget, Authority, Metrics, Priorities) framework to be considered a qualified meeting set.
• ConstructPro Solutions, Inc. also measures success by adherence to philosophies and tactics, and by tracking the impact of their efforts, such as conversion percentage and closing percentage.
• ConstructPro Solutions, Inc. is optimizing the BDR/SDR BANT (Budget, Authority, Need, Timeline) scorecards and has created a sales initiative board to track inconsistencies.",False,False,"• The VP of Revenue Operations, Jordan Sackett, is the economic buyer who has the final decision-making authority on tooling operations and enablement purchases.
• The VP of Sales, Tobias Keller, is also involved in the decision-making process along with Jordan Sackett.
• All purchasing decisions ultimately roll up to Jordan Sackett, the VP of Revenue Operations.",False,"• ConstructPro Solutions, Inc. values having a centralized solution that can integrate with their existing enablement tools and AI scorecards.
• ConstructPro Solutions, Inc. is interested in Vantera's AI trainer capabilities, as it can leverage their current transcripts and scorecards to deploy enablement, which is more appealing than other tools that require feeding examples.
• ConstructPro Solutions, Inc. is interested in seeing a dashboard for scoring and gamification, as well as beta results and case studies on the effectiveness of Vantera's AI trainer.
• ConstructPro Solutions, Inc. previously evaluated Reflex AI, which they found easy to use and cost-effective, but the lack of integration with their current enablement tools was a drawback.
• ConstructPro Solutions, Inc. was not fully satisfied with Reflex AI's AI capabilities due to noticeable lags, and the setup of environments and simulations seemed like a significant undertaking.",False,"• ConstructPro Solutions plans to roll out Vantera in phases, starting with CS leadership, then senior managers, and finally reps, to ensure they understand the new performance metrics.
• ConstructPro Solutions aims to incorporate AI scorecards into their performance management cadence once the strategic perspective is finalized.
• ConstructPro Solutions wants to ensure their reps are accountable to a process that is not changing in the near future.
• ConstructPro Solutions is working with their Vantera account manager to align on the next steps for the Vantera implementation.
• ConstructPro Solutions is currently prioritizing other initiatives and will discuss the Vantera Enable and AI Trainer implementation in an upcoming meeting.",False,"• ConstructPro Solutions, Inc. is looking to use Vantera's scorecards to identify areas where sales reps are underperforming and leverage AI Trainer for practice-based training to improve their sales motion.
• ConstructPro Solutions, Inc. wants to conduct more reality-based practice to certify new sales motions, providing a secure environment for reps to practice before engaging in actual customer calls.
• ConstructPro Solutions, Inc. is focused on demonstrating the ramp time for their sales representatives.
• ConstructPro Solutions, Inc. is in the process of changing their sales process and does not want to hold reps accountable to a process that will be changing in the near future.
• ConstructPro Solutions, Inc. has not consistently used the close date field in Salesforce, making it difficult to effectively utilize deal boards.","• Reid Bolt, the Director of Enablement - Sales, is the primary point of contact and champion for evaluating sales enablement solutions at ConstructPro Solutions, Inc.
• The final decision on the sales enablement solution will be made by Jordan Sackett, the VP of Revenue Operations, and Tobias Keller, the VP of Sales.
• Wes Lambert, who oversees SE training, will also be involved in the evaluation process.",False,,False,SE deployment of Sandler methodology on 5/1,False
DL-0052,ACC-019,2026-07-24,13,ConstructPro Solutions - 34 Seat Add,"ConstructPro Solutions, Inc.",Software & Internet,Maya Delgado,Upsell,51141.65,Closed Lost,Omit,30381.18,0.0,,30381.18,0.0,,,,,False,2026-06-25,2026-06-26T00:00:00.000Z,2026-06-10T21:12:19Z,,,29,0.0,Red,8.0,14.0,4.0,,No relevant data found.,Rep Productivity,,0.0,0.0,0.0,,False,False,,False,,False,,False,,,False,,False,,False
DL-0053,ACC-005,2026-07-24,13,Kiln | Growth,Kiln Labs Inc.,Software & Internet,Rowan Sinclair,Upsell,5200.0,Closed Lost,Omit,5200.0,0.0,,5200.0,0.0,,,,,False,2026-06-01,2026-06-01T00:00:00.000Z,2026-05-21T19:29:59Z,,"5/27- Organic Growth for new hires. Spencer Calloway add.

I think he just bought these direct purchase. working to confirm and if thats the case will close out.",53,1.0,Red,6.0,16.0,12.0,"Chorus, ZoomInfo, Momentum, Forecastr Co-pilot",Forecastr - Forecast,New Business,,,0.0,0.0,,False,False,,False,,False,,False,,,False,,False,,False
DL-0054,ACC-005,2026-07-24,13,Kiln - Seat adds,Kiln Labs Inc.,Software & Internet,Rowan Sinclair,Upsell,6800.0,Closed Lost,Omit,6800.0,,,6800.0,,,,,,False,2026-07-20,2026-07-20T00:00:00.000Z,2026-07-10T14:54:41Z,2026-07-27T21:00+03:00[Asia/Jerusalem],,3,0.0,Red,6.0,16.0,12.0,Forecastr,"Forecastr - Forecast, Snowflake - Forecast",New Business,,,0.0,2240.0,,False,False,,False,,False,,False,,,False,,False,,False
DL-0055,ACC-005,2026-07-24,13,Kiln | Vantera Enable Upsell,Kiln Labs Inc.,Software & Internet,Rowan Sinclair,Upsell,24000.0,Closed Lost,Omit,24000.0,0.0,,24000.0,0.0,,29100.0,,,False,2026-05-18,2026-05-18T00:00:00.000Z,2026-02-25T23:16:36Z,,"APP 5/13

Audience: Engaged= Marina Georgiou Head of GTM enablement, Jenna Sutton, Director of Sales Enablemet, Blake Weiss

Not engaged=. Ethan Porter, Head of RevOps Head of Sales- Brenda ( Back from Mat leave), Stan Sethi ( Head of Procurement)

POV: Tactical Risk= Don't understand the broader health of the partnership and since a renewal is required to add a new product.

Strategic Risk:
Need to better understand Power POV on Vantera as whole.... Marina has expressed that an early renewal is unlikely.

Doesn't see value in tech stack consolidation. Getting an alternative for free that is ""okay""
At this point we don't have an actual champion for this deal.

Plan: Send Break up email and kill deal this week

Audience:
Engaged= Marina Georgiou Head of GTM enablement, Jenna Sutton Director of Enablement, Blake Weiss Director Enablement
Not Engaged= Brenda Head of Sales, Steve SIdhu- Controller and signer

POV:
Tactical Risk: Enablement has shared w/ us a quantified metric for how enablement can improve new P&P success.
Strategic Risk: Kiln does

Plan:
Workshop with Marina, Brett, Jessica-

Intro Steve to understand perspetive on early renewal.

Pressure test current way of doing objection handling and what the plan of action is to address this?
What is the success criteria for Vantera Enable where we begin to seriously consider adding this to the tech stack",67,1.0,Red,6.0,16.0,12.0,"Highspot, Letter AI, ZoomInfo, Apollo, Forecastr","Highspot - Enable, Letter AI - Enable",New Business,,,0.0,0.0,"• The expectation is for the new product to be discussed on all customer calls, not just 30% of calls.
• The new product has seen significant customer demand, with match rates of 60-65% on Meta and 90% on LinkedIn, compared to previous rates of 20-30%.
• The company is interested in understanding the expected revenue impact of the new product launch for the next year.",False,False,"• The pricing of the tool is a key concern for the economic buyer, as it will impact their existing budget for the LMS which has a similar feature.
• Marina's ability to set up the tool by the end of the week and demonstrate its value could be crucial in securing the economic buyer's approval.
• The economic buyer for this deal appears to be the pre and post-sales leader at Kiln Labs Inc., who needs to approve the purchase of the tool.
• Marina, the GTM Enablement representative, is responsible for securing buy-in from the economic buyer for a mandatory trial of the tool.
• The economic buyer is likely looking to make a decision by the end of the week, as Marina indicates the new pricing will be launched on Tuesday, which could be the last opportunity for a while.",False,"• The prospect is looking for a more robust LMS solution that can accurately assess objection handling, focusing on the specifics of the language used rather than just the technique.
• The prospect is interested in the possibility of loading in top objections for evaluation.
• The prospect is concerned about the pricing of $300 per seat annually, especially since they are evaluating other LMS platforms that already include robust role-playing capabilities.
• The prospect emphasizes the need for a quick setup, ideally by the end of the week, to leverage the momentum for this initiative and gain buy-in from pre- and post-sales leaders.
• The prospect suggests that the solution could be used for objection handling follow-up.",False,"• Kiln Labs is evaluating multiple Learning Management Systems (LMS) and other tools, and Vantera's pricing is a significant hurdle in their decision-making process.
• Kiln Labs is interested in exploring preferential pricing through Vantera's partner program to determine if Vantera is a suitable fit and to address potential pricing and packaging concerns.
• Kiln Labs needs a quick setup, ideally by the end of the week, to leverage current momentum for the initiative and gain buy-in from pre- and post-sales leaders.
• Kiln Labs is considering a mandatory trial of a high-priority initiative, likely the last one for a while, as new pricing is launching on Tuesday, which would be the opportune time to get manager buy-in.",False,"• Lead source quality is a major pain point for Kiln Labs Inc., as they are seeing many unqualified leads that waste the sales team's time.
• Kiln Labs Inc. is concerned about the pricing of the proposed solution, as it is a significant investment compared to the roleplay features already included in their LMS.
• Kiln Labs Inc. is experiencing a disconnect between the reported data on ad discussions and the actual sales conversations, indicating a lack of visibility into field activities.
• Kiln Labs Inc. is seeking clarity on the expectations for post-sales teams regarding the discussion and positioning of their new product, suggesting a potential lack of strategy in this area.","• Marina Georgiou, the GTM Enablement at Kiln Labs Inc., is the primary point of contact and decision-maker for evaluating LMS solutions with roleplay capabilities.
• Kiln Labs is currently considering Uplimit, Highspot, and Leter AI as potential LMS solutions with built-in roleplay features, and the cost of an additional standalone roleplay feature would be a significant hurdle.
• Brock Lownes, from Kiln Labs, is interested in scheduling a meeting to discuss the company's use cases and provide an overview of the platform.",False,"They have an internal LMS that they get for free and like it

Not evualiting any other enablement solution or trainer",False,"• There is significant momentum for a new initiative at Kiln Labs Inc. that needs to be set up by the end of the week to be utilized the following week, indicating a time-bound driver for a purchase decision.
• Kiln Labs Inc. has new pricing launching on Tuesday, which necessitates getting manager buy-in for a mandatory trial of a high-priority initiative, likely the last opportunity for such a trial for a while.",False
DL-0056,ACC-025,2026-07-24,13,Common Goods 1.0,Common Goods,Education,Harper Ramsey,New Business,49000.0,Closed Lost,Omit,49000.0,0.0,,49000.0,0.0,"Tactical risk = time between calls
Strategic risk = Compelling Event (value gap)

Ideal outcome of next call = either purchase path or pilot path
- assumptive excitement - ask for the deal :)",49000.0,,"5/13 - DM - Trying to run a 5 minute play and then would email them to push to the next week. They are interested but things have stalled due to priorities.

Plan:
Maya will come over the top to send an email and get call on calendar",False,2026-05-27,2026-05-27T00:00:00.000Z,2026-03-24T14:05:14Z,,"Audience
- Caleb Sherwood (CRO) & Lena Grayson (CS Director) — both Decision-Makers; need to grow renewal/retention rates from ~52-60% to 85% over 3 years
- Miles Jansen (Sales/Mktg Ops) — Technical Buyer; wants pipeline visibility and call insights
POV
- Key risks: No urgency (goals are long-term), budget/ROI doubts, and fear of added complexity
- Strategy: Show immediate ROI on manual pain points, right-size the solution, and offer a low-risk pilot to build confidence
Plan
- April 15th - pricing introduction: review pricing structure and list price get feedback and understand path to partnership
- April 14 @ 4pm ET — Tailored SE demo (renewals, multi-school, LeadHub); Charlie, Lisa, Harper + impl. team
- Harper to-dos: Send calendar invite w/ March 31 recording, scope pilot program, coordinate SE, start success plan outline

Vantera notes
Apr 15, HR:
- We confirmed Vantera's ability to integrate with their unique LeadHub needs, including workflow automation for meeting outcomes and associating activities with multiple contacts and deals.
- We have a pricing conversation scheduled for Wednesday, October 30th.
- We addressed their main blocker regarding Vantera operating as a separate platform by showcasing bi-directional sync with LeadHub.
- We demonstrated how Vantera can help manage renewals and identify churn risk for post-sale teams.
- There doesn’t seem to be any next meeting planned.",58,2.0,Red,,0.0,2.0,"Fathom, LeadHub",Fathom - Engage,,,,0.0,0.0,"Common Goods aims to increase revenue renewals from 60% to 65% by the end of the year and 85% by the end of three years. Their current net revenue renewal is 58%, and each CSM manages 200-240 customers annually.",False,False,"Caleb Sherwood, the CRO of Common Goods, is the primary economic buyer, leading revenue growth and prioritizing renewals. Principals are also key stakeholders, but have low tenure.",False,"- Decision Process:- Caleb Sherwood mentioned that after presentations, some prospects follow up, some book on the spot, and some say they'll call if interested (Caleb Sherwood).
- Caleb Sherwood and Lena Grayson need time to process and envision how Vantera would integrate with their current processes and address their business life cycle stage.",False,"- Decision Process:- Caleb Sherwood mentioned that after presentations, some prospects follow up, some book on the spot, and some say they'll call if interested (Caleb Sherwood).
- Caleb Sherwood and Lena Grayson need time to process and envision how Vantera would integrate with their curre",False,"- Identify Pain:- Manual and unscalable process for uncovering what's happening on sales calls or with customer support (Harper Ramsey, Mid-Market Account Executive from Vantera).
- Difficulty in maintaining engagement and value proposition throughout the customer lifecycle as principals churn (Harper Ramsey).
- Challenges with multiple prospects from different schools in one Zoom meeting, making opportunity mapping tricky (Caleb Sherwood, Amanda Hollis).
- Lack of call recording as a standard practice (Caleb Sherwood).
- Data integrity issues due to extensive use of spreadsheets outside CRM (Lena Grayson).
- Time-consuming process for Lisa's team to learn what schools and sponsors","- Champion:- Caleb Sherwood and Lena Grayson both expressed excitement about the platform, with Charlie rating it an 8 out of 10 and Lisa thrilled about AI helping with manual tasks.
- Caleb Sherwood appreciated the explanation of Vantera's differentiation from Fathom.",False,"- Competition:- Caleb Sherwood asked about Fathom as a competitor for meeting intelligence (Caleb Sherwood).
- Amanda Hollis explained that Fathom is more for conversation intelligence/note-taking, while Vantera is in revenue orchestration, focusing on action and impact across the team.",False,EOQ,False
DL-0057,ACC-026,2026-07-24,13,CompasMSP - additional seats,CardinalMSP,Other,Harper Ramsey,Upsell,2940.0,Closed Lost,Omit,2400.0,0.0,,2400.0,0.0,,,,,False,2026-06-24,2026-06-24T00:00:00.000Z,2026-06-09T16:13:58Z,,,30,0.0,Yellow,7.0,2.0,0.0,"Forecastr, ProspectFlow, SalesLoft","Forecastr - Forecast, ProspectFlow - Engage, SalesLoft - Engage, LMS - Enable",,,0.0,0.0,0.0,,False,False,,False,,False,,False,,,False,,False,,False
DL-0058,ACC-027,2026-07-24,13,Concourse Technologies - CD will close them,Concourse Technologies,Software & Internet,Cody Danforth,New Business,77500.0,Closed Lost,Omit,0.0,,,0.0,,,,,"7/13 DM -
#1 Risk - No meeting on Calendar and have not heard back from them for 3 weeks.

Plan - We need to let some of the outreach cool off for the next few days as we have been peppering them from different directions. Will wrap up with some very direct outreaches of closing this opp out to see if it illicites a response and if not, I do think we just need to close out and move on

7/6 DM -
#1 Risk - No meeting on calendar and have not heard back from them in over 2 weeks.

Plan - We have had multiple touch points from me, Trevor and Cody. Next step is some more Pointed outreach to call out the fact that they are ghosting us. We need to have progress/response here soon or walk away from this

6/25 - DM:
#1 Risk - No Champion. Our main contact doesn't have enough power to be a champion. He is a coach Vantera is his preferred and he has also got the right people in the room, but he won't be able to sell internally for us.

Plan - CRO has been on multiple calls and has responded favorably but will not give us any indication if we are vendor of choice. Going to have Trevor send an email directly to the CRO to open up line of communication at the highest levels and ask for 1:1 time with their CRO and Trevor
6/15 - DM: Engage demo today and Technical Validation tomorrow

Risk - Ryan (VP of Rev Ops) being a blocker in this because he does not see how Vantera makes his work easier in CRM and Vantera working cohesively. He has been burned by SalesLoft and other tools in the past

Plan - Call tomorrow we will address his most important concerns about being able to audit information in Vantera and that it matches information in SFDC (specifically around Contact ID and Account ID).

6/4 - DM: Call with him tomorrow

Risk --> We are in final 3 and the preferred one by our main contact but our price point at roughly $100K is $20k+ above the other two competitors and Contact said he was being told to phase us out.

Plan --> After 5 minute play today, Cody locked down a call with our main contact tomorrow to discuss pricing more",True,2026-07-14,2026-07-14T00:00:00.000Z,2026-05-23T20:44:37Z,,"7/13 CD:
Audience:
Engaged =
Simon Hartley: Sales Ops (deal coordinator, owns next steps/scheduling)
Milo Merritt: CSO (economic buyer, wants MEDDIC automation, open to pilot but wants to shortlist to 2 first)
Jill Fenwick: CMO (champion for outbound/SDR use case, checks all boxes per her words)
Reid Sawyer: VP RevOps (technical validator, focused on Salesforce id linkage and data integrity, questions now answered)
Shanaya Desai: SDR Lead (end user champion, positive reaction to engage demo)
Laurel Woodward: Inside Sales Director (coaching/enablement use case, on technical calls)
Colby Brandt: Sr. Marketing Ops (RevOps/data integrity validator alongside Ryan)
Will Conley + Jay Dhillon: SDRs (end users, positive demo reaction, ""so far so good"")
Not Yet Engaged =
CEO + CFO: Final budget approval required on price increase over SalesLoft
POV -> Risks
#1 Tactical Risk = Concourse has at least 1 more competitor demo scheduled (per Mark on 6/15). Mark explicitly said ""we're not there in the process yet"" when I asked what still needs to be done to earn CT's business. Mark wants to shortlist to 2 vendors before piloting. We have no visibility into timing or which vendors remain, and the process is managed entirely through Stephen.
#1 Strategic Risk tied to MEDDICCC based on stage = Champion. We have multiple stakeholders that expressed interest and directly stated that they saw value in Vantera. That said, since the team is shortlisting from 3 vendors down to 2 vendors, nobody has been willing to meet with me.
- I've single threaded each stakeholder post demo and received zero communication back from the CT team.
Plan ->
Cody to bump single thread emails to each stakeholder
Cody to leverage Stephen and understand internal sentiment
Cody to use Stephen as a coach and set up next steps",10,0.0,Red,,0.0,8.0,"Salesloft, ProspectFlow, Kiln, Salesnav, Revenue.io, Apollo, Forecastr","Engage: Salesloft, ProspectFlow; Forecast: Forecastr",,,,0.0,20000.0,TBD,False,False,,False,,False,,False,"#1 Priority = Revamping outbound prospecting motion to increase pipe coverage.
What
- Outbound prospecting is highly ineffective at Concourse Technologies (CT), Stephen confidentially described their outbound motion as ""dead"" -- please do not share this information.
- Historically this org has had success with inbounds, MQLs and expansion opportunities, but has lacked a repeatable outbound motion.
- Stephen mentioned CT is in a growth phase - COULD NOT SPEAK TO GROWTH TARGETS.
- Revamping outbound prospecting motion to increase pipe coverage.
- Experiencing sync issues with Salesloft causing duplicate records.
- Inaccurate forecasts utilizing Salesforce + iSEEit.
Why
- Concourse Technologies lacks adoption of structured opportunity qualification process.
- ""Pre-Qualification"" opps should be BANT qualified
- ""Active"" opps should be MEDDPICC qualified
- Reps view qualification process as busy work
- Salesloft sync issue leads to inaccurate data / reporting.
- Leadership cannot tell which flows are converting to meetings / pipeline
How
- Utilizing iSEEit to analyze ""the progress made in the last few days"", this is a deal progress bar.
- iSEEit gives their deals a score based on how much of their deal sheet is filled out
- Deal sheet relates to BANT/MEDDPICC","N/A

Influencer - Stephen, Sales Ops Specialist",False,"Salesloft renewal is in December, $45k ARR

Competitive Sales Engagement Tools: ProspectFlow + Revenue.io

Competitive Forecasting Tool: iSEEit",False,,False
DL-0059,ACC-027,2026-07-24,13,Concourse Technologies - SSO,Concourse Technologies,Software & Internet,Cody Danforth,New Business,0.0,Closed Lost,Omit,0.0,0.0,,0.0,0.0,,,,,False,2026-05-19,2026-05-19T00:00:00.000Z,2026-04-28T20:37:57Z,,,66,0.0,Red,,0.0,8.0,"Salesloft, ProspectFlow, Salesnav, Kiln","Salesloft - Engage, ProspectFlow - Engage",,,,,,,False,False,,False,,False,,False,,,False,,False,,False
DL-0060,ACC-006,2026-07-24,13,Bloomfield - Renewal Upsell (30),Parcel Plus (DBA Bloomfield),Software & Internet,Hugo Halvorsen,Upsell,51570.0,Closed Lost,Omit,51570.0,,,51570.0,,,,,"7/13 DM -
#1 Risk - They got budget approval for less than what a flat renewal would be (their mistake). They are very concerned about being able to get more approved

Plan - Call tomorrow after we narrowed the scope with them last week to follow up on what their leadership said about approvals. They felt like they were able to get it to an amount they think would get approved.

7/6 DM -
#1 Risk - They got budget approval for less than what a flat renewal would be (their mistake). They are very concerned about being able to get more approved",False,2026-07-15,2026-07-15T00:00:00.000Z,2026-05-29T20:12:47Z,2026-07-28T20:30+03:00[Asia/Jerusalem],"6/17 HH:
- We met with Lauren Fisher to clarify Vantera's product lines and discuss seat counts for the renewal, with an initial estimate of 120 Foundation licenses.
- Bloomfield team will finalize the seat counts internally and get us final numbers by the end of the week, and procurement is expected to take a week or less after we get them the finalized order form for the renewal.
- We scheduled a backstop for next Friday (6/26)",9,1.0,Yellow,7.0,8.0,5.0,,,Retention & Expansion,New Business,,0.0,24000.0,,False,False,,False,,False,,False,,,False,,False,,False
DL-0061,ACC-028,2026-07-24,13,Ledgerbase | Enable Upsell,Ledgerbase,Business Services,Ian Lockwood,Upsell,11700.0,Closed Lost,Omit,6000.0,0.0,,6000.0,0.0,,,,,False,2026-05-18,2026-05-18T00:00:00.000Z,2026-04-14T22:00:57Z,,"5/5 IL

Audience
Engaged
- Noel Hume
Not yet Engaged:
- Katy
POV
- Tactical Risk
- Timeline
- Strategic Risk
- DC

Plan
- Get time with Noel on the calendar",67,0.0,Red,8.0,3.0,2.0,"Atlas, LinkedIn Learning","Atlas Copilot - Enable, LinkedIn Learning - Enable",,,0.0,0.0,0.0,,False,False,,False,,False,,False,,,False,,False,,False
DL-0062,ACC-029,2026-07-24,13,Drummond Services 6.0,Drummond Services,Business Services,Elena Whitaker,New Business,58000.0,Closed Lost,Omit,58000.0,0.0,,58000.0,0.0,,,,,False,2026-05-12,2026-05-12T00:00:00.000Z,2026-03-12T21:50:15Z,,"5/5 EW:
Audience
Engaged = Dana Rowan (Dir. of Strategic Alliances, reports directly to Tiff, manages partnerships motion, personal pain around manual CRM entry + event note capture, follows Vantera on LI, bought in personally)
Not Yet Engaged = Tiffany/TJ (CRO, Economic Buyer, punted to Q3, owns budget and roadmap decision), Security/IT stakeholder (unknown name, will be required to clear PII/data concerns before any evaluation moves), CEO (data-driven, PE board reporting, driving KPI rigor initiative)
POV
#1 Tactical Risk = Dawn has to bring this to Tiff in her weekly 1:1 the week of May 5 with no clear prep from us other than the resources sent. We have no visibility or control over that conversation and no relationship with Tiff directly.
#1 Strategic Risk = Security has killed every prior evaluation before it reached a decision. If it comes up again with Tiff before we proactively address it, it becomes the reason this goes back to ""not on the roadmap.""
Plan
Reconnect with Dawn on May 12 to debrief on the Tiff 1:1 and confirm whether this is on the roadmap. If green light, push immediately for a Tiff intro that same week and loop in Vantera security team proactively to get ahead of the PII blocker before it resurfaces. Send CRO video + Nasdaq case study + financial services security one-pager today to arm Dawn for the internal conversation.",73,1.0,Red,,0.0,1.0,Revenue Grid,,,,,0.0,0.0,,False,False,,False,,False,,False,,,False,,False,,False
DL-0063,ACC-029,2026-07-24,13,Drummond - self sourced,Drummond Services,Business Services,Elena Whitaker,New Business,58000.0,Closed Lost,Omit,58000.0,0.0,,58000.0,0.0,,,,,False,2026-07-10,2026-07-10T00:00:00.000Z,2026-06-18T16:49:04Z,,,14,0.0,Red,,0.0,1.0,,,,,,0.0,0.0,,False,False,,False,,False,,False,,,False,,False,,False
DL-0064,ACC-030,2026-07-24,13,Dalton 3.0,Dalton Communications,Telecommunications,Cody Danforth,New Business,42000.0,Closed Lost,Omit,42000.0,0.0,,42000.0,0.0,,,,,False,2026-06-24,2026-06-24T00:00:00.000Z,2026-06-22T22:45:16Z,,,30,0.0,Red,,0.0,0.0,No relevant data found.,No relevant data found.,,,,0.0,0.0,,False,False,,False,,False,,False,,,False,,False,,False
DL-0065,ACC-031,2026-07-24,13,Elmwood Homes,Elmwood Homes,Real Estate & Construction,Rowan Sinclair,New Business,26000.0,Closed Lost,Omit,26000.0,0.0,,26000.0,0.0,,,,,False,2026-05-27,2026-05-27T00:00:00.000Z,2026-04-14T19:32:18Z,,,58,0.0,Red,,0.0,0.0,Rilla,Rilla - Engage,,,,0.0,0.0,,False,False,,False,,False,,False,,,False,,False,,False
DL-0066,ACC-032,2026-07-24,13,Elevate Education - Engage Upsell,Elevate Education,Education,Harper Ramsey,Upsell,0.0,Closed Lost,Omit,0.0,0.0,,0.0,0.0,,,,,False,2026-05-11,2026-05-11T00:00:00.000Z,2026-03-10T17:44:41Z,,"Audience
- Tara Zabala (Marketing Strategy & Ops) — Primary contact. New role supporting marketing, not sales. Actively building competitive trackers, win/loss streams, and product positioning initiative boards in Vantera. Engaged but overwhelmed. Agreed to nudge Tom and Leslie to get on calendar.
- Theo Yates (Manager, Sales Ops) — Target. Unresponsive to scheduling despite earlier commitment to meet. Tara will ping directly.
- Lydia Tate (VP, Sales and Success) — Primary revenue target. Owns new business and renewals. Not yet connected. Tara confirmed she's the right stakeholder and will nudge.
- Ryan Gahm — Vantera Revenue Architect on the account alongside Harper.

---
POV
Strengths:
- Tara is an active Vantera user with a live, urgent use case: tracking adoption of the new ""unified ELD"" positioning and Elevate Benchmark messaging across the sales team. Real business need, not theoretical.
- Tara explicitly wants to solve win/loss inside Vantera rather than go elsewhere. Strong retention signal.
- Salesforce is their CRM. Data Extractor is on her radar — opportunity to deepen the integration.
Risks:
- Tom and Leslie remain unreached. Without the revenue layer, expansion conversations are blocked and this stays a marketing-only relationship.
- Platform is underutilized. Tara is largely self-taught and hitting walls on initiative board visualization and tracker setup.
Expansion Hypothesis: Vantera Enable (AI Trainer) is the natural next conversation once Leslie is engaged. The Benchmark launch and unified ELD positioning rollout create an immediate message adoption use case that is live right now.

---
Next Steps
- Harper: Re-engage Tom and Leslie referencing Tara's nudge. Confirm next call at 3:30 PM Eastern with west coast team included.
- Ryan: Send Tara AI Builder video, Win/Loss walkthrough, and Vantera Academy resources (Data Extractor focus). Investigate tracker notification/consumption issue she flagged.
- Next session focus: Win/Loss deep dive + AI Builder demo for full team.
- On deck: Separate call with Tom and Leslie focused on revenue strategy. Once Leslie is in the room, pivot to Enable/AI Trainer as the Benchmark message adoption solution.",74,0.0,Yellow,5.0,2.0,2.0,,,Retention & Expansion,Rep Productivity,,,,,False,False,,False,,False,,False,,,False,,False,,False
DL-0067,ACC-032,2026-07-24,13,Elevate Education - upsell,Elevate Education,Education,Harper Ramsey,Upsell,44000.0,Closed Lost,Omit,44000.0,,,44000.0,,,,,,False,2026-07-16,2026-07-16T00:00:00.000Z,2026-05-12T14:53:03Z,,"Audience Theo Yates (Manager, Sales Operations) is the primary champion and Vantera admin for the CS team. His priorities include stable Salesforce forecasting during busy season (June–September), onboarding new reps via Vantera Enable, coordinating a QBR with Leslie, and demoing Account Boards to CS leadership. He's also interested in sharing Vantera's outbound capabilities with marketing and is aligned with a company-wide AI initiative.
POV The core risk is low urgency — Elevate is heads-down in busy season with no compelling event to adopt new features. The strategic approach is to tie Account Boards and Enable directly to immediate priorities (e.g., west coast new hire ramp) rather than positioning them as optional add-ons. The December renewal is complicated by a recent reorg and limited visibility into CS leadership's goals and awareness of Vantera's value. Tom should be leveraged to broker introductions with Leslie and the new CS leader ahead of the QBR.
Plan
- May 28: Hirva Raj (Elevate) canceled meeting and said to meet with tom and leslie
- Late June (TBD): QBR with Ryan Gahm, Theo Yates, and Leslie — invite sent, time being finalized.
- Pending: Harper to follow up with Ellie Barrales on west coast ramp and a 20-min new features call.
- Pending: Tom to gauge CS team interest in Account Boards; Ryan to connect with CS leader for a demo.",8,0.0,Yellow,5.0,2.0,2.0,,,Retention & Expansion,Rep Productivity,,40000.0,4000.0,"• Elevate Education's fiscal year resets on July 1st, and they receive their funding at that time, leading to a busy period for processing quotes and purchase orders.
• 80% of Elevate Education's revenue will come in over the next three to four months, which are June, July, August, and September.",False,False,"• Leslie, who is Tom's boss, may have influence or oversight related to purchasing decisions at Elevate Education.
• For the renewal conversation, Vantera would want to include Leslie, who is the key stakeholder with final decision-making authority.",False,,False,"• Leslie, who is Tom's boss, may have influence or oversight related to purchasing decisions at Elevate Education.
• For the renewal conversation, Vantera would want to include Leslie, who is the key stakeholder with final decision-making authority.",False,"• Elevate Education is ramping up for their busy season (June-September), during which 80% of their revenue comes in, and their team is focused on executing tasks like getting quotes out and processing purchase orders.
• Elevate Education spent the first part of the year launching new products and configuring Salesforce, and they are now catching their breath before the busy season.
• Elevate Education has had past frustration with not having complete visibility, and they are currently pressure testing their Salesforce forecasting process against offline methods to ensure accuracy, especially with new products.
• The approval process for Elevate Education's services can vary greatly by district, sometimes requiring approval from the school board, which can be a complex and lengthy process.
• Elevate Education is interested in exploring tools like Vantera's enablement features, particularly after the busy season, to help with onboarding and potential growth in anticipation of new reps next year, as onboarding is typically a time-consuming process.","• Theo Yates, the Manager of Sales Operations at Elevate Education, is likely a key stakeholder and potential champion for the solution.
• Tanya, who is closer to the marketing team's work, may be another potential champion who can provide more details on the company's goals and initiatives.
• The Salesforce process at Elevate Education has been more accurate than their new forecasting approach, indicating a potential need for the solution.
• Theo Yates is unsure of the exact details of how the marketing team's initiatives operate, suggesting a need for further exploration to identify potential champions.
• The company has been pressure testing their Salesforce process with other offline methods due to new products, which could present an opportunity to introduce the solution.",False,,False,"• Elevate Education's renewal is coming up in December of this year.
• Vantera's Mid-Market Revenue Architect, Ryan, likes to start the renewal process about six months out, suggesting a business review with Tom and Leslie (Tom's boss) in June or July.
• Renewal conversations, including pricing, would likely begin approximately three months before the December renewal date.",False
DL-0068,ACC-033,2026-07-24,13,Enable PEO 3.0,Enable PEO,Business Services,Harper Ramsey,New Business,24200.0,Closed Lost,Omit,24200.0,0.0,,24200.0,0.0,,,,,False,2026-07-02,2026-07-02T00:00:00.000Z,2026-06-17T21:17:01Z,,"APP Framework

Account: Enable PEO

Period Mar 25, 26 - Jun 23, 26

Audience
- Dominic Bryce, Regional Vice President of Sales at Enable PEO, is the key customer player identified. He is currently in an exploratory role, evaluating Vantera for his 12-person team and will discuss findings with his boss and team members, positioning him as an End-User/Champion.
- His pain points and objectives include understanding Vantera's pricing (platform access fee, per-seat annual cost, implementation fees), evaluating its use for new team members and sales training, leveraging recording and AI features to avoid missed information, and introducing familiar sales tools to his team.
- He also aims to understand the approval process and costs for implementing Vantera, either for his specific team or potentially for a larger organizational rollout, and previously used Vantera extensively at Trinet.
- David has not acted as an internal champion; he has not proactively introduced new stakeholders, put discussions on hold, and specifically requested that our representative not engage with other Engage team members. This indicates a lack of internal advocacy at this stage, hindering deal progress.

POV
- The primary risk is the lack of a clear champion, as Dominic Bryce, who was initially engaged, has requested to put the discussion on hold and asked not to reach out to other team members. This indicates he is either no longer the champion or is facing internal resistance.
- The decision-making process is undefined, and the path to a larger organizational deal is unclear, as Enable PEO lacks a standard tech stack, and broader system decisions are handled by higher leadership not yet engaged.
- Potential budget and ROI measurement challenges exist because, despite David finding pricing within expectations, the absence of a formal CRM or established ROI tracking processes at Enable PEO could complicate justifying a significant investment.
- Simultaneously, we need to empower David to build a strong internal business case for his team, provide him with all necessary information for his internal discussions, and seek an introduction to higher-level leadership to explore a more strategic, company-wide implementation, being prepared to articulate Vantera's value at an organizational level and address ROI measurement without existing formal systems.
- The strategic POV is that Harper needs to respect David's request, step back from direct outreach to other Enable PEO contacts, and attempt to re-engage David in a non-salesy manner to understand the underlying reason for the hold and identify if there's an opportunity to re-establish him as a champion or find an alternative path.

Plan
- Currently, all next steps for this deal are on hold as Dominic Bryce from Enable PEO explicitly requested to pause discussions and not be contacted by Harper Ramsey, especially after Harper reached out to other Enable PEO team members.
- Given the current situation, there are no immediate, high-priority next steps for the rep to take to move the deal forward as the customer has requested no further contact at this time.
- Prior to the hold, a follow-up call between Dominic Bryce and Harper Ramsey was scheduled for June 22nd to discuss continuing conversations.
- Before the hold, unscheduled next steps included Dominic Bryce meeting internally with his team and boss to identify potential Vantera users and considering a company-wide implementation, as well as an internal review of pricing and call recording from Harper Ramsey.
- Additionally, a potential demo for David's team or leadership, and building a business case if ROI became a key discussion point, were also identified as unscheduled next steps prior to the hold.",22,0.0,Red,,0.0,1.0,,,,,,0.0,0.0,,False,False,,False,,False,,False,,,False,,False,,False
DL-0069,ACC-034,2026-07-24,13,ECP 3.0 (SS),Enhanced Care Professional,Software & Internet,Hugo Halvorsen,New Business,58000.0,Closed Lost,Omit,58000.0,0.0,,58000.0,0.0,,,,,False,2026-06-23,2026-06-23T00:00:00.000Z,2026-06-02T15:03:38Z,,,31,0.0,Red,,0.0,0.0,"Askelephant, Kiln","askelephant - Engage, Forecast, Enable, Foundation; Kiln - Engage, Forecast, Enable, Foundation",,,,0.0,0.0,,False,False,,False,,False,,False,,,False,,False,,False
DL-0070,ACC-035,2026-07-24,13,Ferry - Engage (BDR team),Ferry,Transportation & Storage,Ian Lockwood,Upsell,44000.0,Closed Lost,Omit,44000.0,0.0,,44000.0,0.0,,,,,False,2026-06-02,2026-06-02T00:00:00.000Z,2026-05-20T17:23:45Z,,,52,0.0,Green,1.0,5.0,1.0,"SalesLoft, ProspectFlow",,,,,0.0,12000.0,,False,False,,False,,False,,False,,,False,,False,,False
DL-0071,ACC-036,2026-07-24,13,Frontier Legal 8.0,Frontier Legal,Business Services,Harper Ramsey,New Business,50000.0,Closed Lost,Omit,50000.0,0.0,,50000.0,0.0,,,,"6/4 - First demo got rescheduled to next Tuesday

Risks
- has not accepted meeting invite
- they are apprehensive to record calls with their customers

6/1 - DM: Demo is tomorrow.

RIsk --> Big risk on this one is they are apprehensive to record their calls which will decrease the Vantera value we can bring to them.",False,2026-06-22,2026-06-22T00:00:00.000Z,2026-05-12T19:06:02Z,,"Audience No clear champion has been identified. Nora Trent (Head of Corporate Development) handles M&A, confirmed she's not a decision-maker, and directed to other departments. Kiara Long (VP of Business Development) is a potential decision-maker by title but ended her call abruptly with no follow-through. Marcus Kwan is the current contact but has shown no proactive advocacy.
POV The deal faces two core risks: low urgency (evidenced by multiple reschedules and an unconfirmed demo) and no internal champion. The strategic approach is to confirm commitment by securing explicit demo confirmation, then directly tie Vantera's capabilities to Frontier Legal's known pain points — multi-region visibility and Salesforce integration — with quantifiable outcomes. If Martin remains unresponsive, Harper Ramsey should help identify a more engaged contact.
Plan
- Tuesday confirmed: 45-min scoped demo with Marcus Kwan — invite sent by Ian Lockwood, awaiting Martin's confirmation.
- Pending: Ian to follow up on the invite and confirm the time works.
- If needed: Loop in Vantera's legal and security teams to address any HIPAA concerns Martin raises.",32,0.0,Red,,0.0,2.0,,,,,,0.0,0.0,,False,False,,False,,False,,False,,,False,,False,,False
DL-0072,ACC-037,2026-07-24,13,FarrowHR,"Farrow & Associates, LLC",Business Services,Cody Danforth,New Business,14800.0,Closed Lost,Omit,14800.0,0.0,,14800.0,0.0,,,,,False,2026-05-11,2026-05-11T00:00:00.000Z,2026-03-16T21:45:39Z,,,74,0.0,Red,,0.0,0.0,"Copilot, OrbitCRM, ProspectFlow",Copilot - Foundation,,,,0.0,0.0,,False,False,,False,,False,,False,,,False,,False,,False
DL-0073,ACC-038,2026-07-24,13,Fluxor,Fluxor,Other,Ian Lockwood,New Business,42000.0,Closed Lost,Omit,42000.0,0.0,,42000.0,0.0,,,,5/20 - DM: Risk on this one really comes down to that it is a company with a heavy India presence and did not show up to the Demo. There was interest from the first call but I don't know if there was enough to overcome the price point,False,2026-06-02,2026-06-02T00:00:00.000Z,2026-05-12T22:11:29Z,,"5/21 IL
Audience:
- Engaged
- Rahul – Biz Dev Leader. Owns revenue targets (grow Walmart/Tesla, add new clients). Pain: no recording or visibility into client calls. Lost PayPal in 2024.

- Not Yet Engaged but Should Be
- Rest of team – Rahul said he'd decide solo but likely needs others
- Budget/EB unknown – no CRM, org structure unclear

POV → Risks:
- #1 Tactical Risk = Rahul is offshore, time-crunched, asked for deck + pricing before demo. High ghost risk before Tuesday.
- #1 Strategic Risk = ICP, deal size, and budget authority all unqualified. No EB, DC, or DP. Deal is unvalidated.
Plan:
- Sent capabilities deck, pricing, recording, and demo invite for Tuesday
- Demo 5/19: Qualify budget authority, team size, and decision process. Confirm ICP fit.
- Trying to get back on the calendar",52,0.0,Red,,0.0,0.0,,,,,,0.0,0.0,,False,False,,False,,False,,False,,,False,,False,,False
DL-0074,ACC-039,2026-07-24,13,JetExclusive,JetExclusive,Transportation & Storage,Harper Ramsey,New Business,42000.0,Closed Lost,Omit,42000.0,0.0,,42000.0,0.0,,,,,False,2026-07-02,2026-07-02T00:00:00.000Z,2026-05-13T14:11:47Z,,,22,0.0,Red,1.0,0.0,2.0,,,,,,0.0,0.0,,False,False,,False,,False,,False,,,False,,False,,False
DL-0075,ACC-040,2026-07-24,13,Genova10 4.0 (SS),Genova10,Business Services,Hugo Halvorsen,New Business,122000.0,Closed Lost,Omit,0.0,,,0.0,,,,,,False,2026-05-05,2026-05-05T00:00:00.000Z,2026-03-31T16:15:59Z,,"4/21 HH
Audience:
- Engaged =
- Jonah Larsen, Project Manager - Innovation & Transformation; main point of entry, referred by Mark; AI initiative lead
- Tessa Wren, VP/Leader - devten division; key influencer, highly knowledgeable on sales org gaps and tech stack direction

- Not Yet Engaged but Should Be =
- Amara Blythe, EVP of Genova10 / President of Dev10; confirmed economic buyer candidate, joining Friday's demo
- Milo Prescott, EVP of Corporate Strategy; last ran the Vantera eval in 2021, referred Hugo to Jared, joining Friday's demo

- Relationships (Friends of Vantera) =
- Milo Prescott; prior Vantera evaluator with existing familiarity, and an outspoken fan of Vantera (per Tara)

POV
- #1 Tactical Risk - Champion: Two execs with very different Vantera familiarity joining Friday's demo — Mark knows the product, Angelia is starting from zero. Risk of the conversation landing unevenly and losing Angelia before she's bought in.
- #1 Strategic Risk - Decision Criteria: Genova10 is planning a homegrown CRM build. If they go that route, Vantera's core value is severely limited without a standard CRM integration (LeadHub, SFDC, or OrbitCRM). Scope of this deal changes entirely based on which path they take.
Plan:
- HH to run a 5-minute play with Tara or Jared before Friday — surface CRM path concerns and align on how to frame it for execs without derailing the demo (addresses Strategic Risk)
- HH to align with Gabe (SE) Friday and brief him on deal context ahead of the call (addresses Tactical Risk)
- HH bringing Trevor to Friday's exec demo to title match with Angelia and Mark and drive toward a partnership conversation (addresses Tactical Risk)
- HH + Trevor to align pre-call on how to speak to the leader value narrative for two different buyer profiles — Mark (familiar) vs. Angela (net new) (addresses Tactical Risk)
-------------

4/8 HH
Audience:
- Engaged =
- Jonah Larsen, Project Manager - Innovation & Transformation; main point of entry, referred by Mark; AI initiative lead
- Tessa Wren, Managing Director; key influencer, highly knowledgeable on sales org gaps and tech stack direction

- Not Yet Engaged but Should Be =
- Harley (owner); referenced as driving urgency around new business development and concerned about margin compression — likely EB
- Vinny and Carisi (titles unknown); Jared flagged them as potential demo attendees — confirm roles before the 4/18 demo

- Relationships (Friends of Vantera) =
- None identified (yet)

POV
- #1 Tactical Risk - Decision Criteria: Demo is scheduled for 4/18 but no SE involved yet >> risk of showing Vantera without addressing the CRM dependency early enough to shape their technology decisions in our favor
- #1 Strategic Risk - Decision Criteria: Genova10 is planning a homegrown CRM build. If they go that route, Vantera's core value (Forecast, Vantera Engage, Orchestrate) is severely limited without a standard CRM integration (LeadHub, SFDC, or OrbitCRM). Could disqualify the deal before it starts.
Plan:
- Loop in SE before 4/18 demo to begin consulting on long-term tech stack strategy and position Vantera within a CRM-compatible architecture (addresses both risks)
- Use demo to uncover EB >> direct question to Jared/Tara on who owns the final tech investment decision (addresses Economic Buyer gap)",80,0.0,Red,,0.0,3.0,"ProspectFlow, SalesLoft, Salesforce",,,,,0.0,0.0,"Missing: any quantified targets (revenue goals, meeting volume, conversion rates), no defined ROI benchmark for AI initiative, no timeline-tied success metrics.

AI Initiative Goals
- North star is a repeatable, standardized sales process across all branches, not a single metric
- No singular KPI defined yet; success criteria varies by initiative
Speed to Delivery
- For large enterprise/automated job feeds: target candidate delivery in 48 hours or less
- Speed is the primary KPI for the enterprise segment, quality secondary
Win Rate
- For mid-market/relationship-driven roles: targeting 45-50% win rate
- Quality is the primary driver here; speed is secondary
Efficiency & Admin Reduction
- Multiple manual processes identified as targets for AI-driven hour savings
- One unnamed agent already in progress for scraping/compiling call and meeting data
Operational Infrastructure
- Goal is to move away from tenured-rep-dependent model and onboard high-potential reps who can perform at a tenured level through tooling and coaching",False,False,"Missing: confirmed EB and budget owner, who holds final signature authority, procurement process, whether Harley (owner) is involved in vendor decisions.
- Harley (owner, last name not stated) was referenced as pushing for new business development and net new salespeople, suggesting owner-level awareness of the investment thesis
- No economic buyer was identified or confirmed on this call
- Tessa Wren and Jonah Larsen are the evaluation-side contacts; neither confirmed budget ownership or approval authority
- Need to: identify who owns the budget for tooling and who signs vendor contracts",False,"Missing: ranked or weighted criteria, must-have integrations, acceptable budget range, formal requirements list, any stated preference on consolidation vs. point solutions.
- No CRM today for the Genova10 sales team (50-ish reps); LeadHub is the near-term bridge, with a homegrown CRM as the likely end state
- Vantera was framed by Hugo as a data capture, insight, and orchestration layer, not an LLM replacement, and the prospect nodded along
- Tara specifically asked whether Vantera ingests external market signals, not just internal conversation data, indicating this is likely a requirement
- The homegrown CRM build is the long-term destination; Vantera will need to integrate with or complement that architecture, not just LeadHub
- Need to: confirm whether Vantera's integration story covers LeadHub (interim) and a custom/homegrown CRM (end state)
- Tech stack today: Outlook, Zoom, no dialer, no sales engagement platform, no CRM for Genova10 reps
- Salesloft and SalesNavigator used previously, both removed",False,"Missing: formal evaluation steps, who else is involved beyond Jared and Tara, security/legal/IT review requirements, budget approval path, timeline to decision.
- This was a first call; demo scheduled for Friday April 18 at 11am EST (1 hour)
- Jared will loop in Vinny and Carisi (last names not stated) and potentially forward the demo invite to them
- Mark (last name not stated) was the original referral who pointed Hugo to Jared
- No formal evaluation process discussed; no POC, pilot, or security review mentioned
- Need to: map the full buying process, understand who Vinny and Carisi are and their roles, confirm whether IT or security review is required",False,"Missing: quantified impact of any pain (hours lost, deals missed, revenue at risk), confirmation that pain is felt org-wide vs. limited to leadership layer.

What:
- No CRM for ~50 Genova10 sales reps; the Salesforce implementation failed due to a bidirectional sync issue and was abandoned
- No sales engagement tooling; reps operate with Outlook, Zoom, and no structured process
- Managers cannot meaningfully manage reps or enforce activity because there is no system of record
- Sales activity, client call data, and relationship history are not being captured or applied in any structured way
- The team relies almost entirely on tenured reps and pre-existing client relationships; no repeatable outbound or new logo motion exists
- No standardized onboarding, coaching, or playbook infrastructure
Why:
- Market conditions in tech staffing have been poor for three years, compressing revenue and forcing a rethink of the go-to-market model
- Leadership (Harley, owner) is pushing for new business development and recognizes margin compression on enterprise accounts as a structural risk
- The existing model, hiring tenured reps who farm long-term relationships, is not scalable and does not translate to mid-market hunting
- Branch consolidation (into Strata and Great Lakes) has created an opening to enforce a centralized process for the first time
How:
- Jared has built an early agent to scrape and compile call and meeting data since no system captures it today
- Tara has been running informal AI drip campaigns, sharing market analysis tools and interview prep agents with reps to demonstrate value before any formal rollout
- Reps currently track activity in JobDiva (ATS), which has a cobbled-together CRM component described as ""useless"" for sales management purposes","Missing: confirmation of internal advocacy from either contact, path to economic buyer, whether Tara or Jared have a personal win tied to Vantera succeeding, whether either has budget or stakeholder access.

Tessa Wren (Vice President - Emerging Talent Programs + G10 Managing Director)
- Highly knowledgeable, candid, and clearly influential, ran most of the conversation
- Driving the AI drip campaign and building agents to show sales reps value
- Leads the devten division which already has Salesforce and tooling; Genova10 reps are the target population
- Has access to the sales org and awareness of leadership priorities (Harley's directive on new biz)
- Has not committed to Vantera in any way; no evidence of internal selling on Hugo's behalf
- Label: Coach at this stage
Jonah Larsen (Project Manager, Innovation and Transformation)
- Referred by Mark; stepping into a new AI-focused role
- Already building agents to capture call and meeting data, which directly overlaps with what Vantera does
- Less vocal than Tara; deferred to her on most business context
- Need to: understand whether Jared has a personal win tied to deploying a tool like Vantera vs. continuing to build internally
- Label: Contact/early Coach",False,"Missing: full shortlist, whether any other vendors are being evaluated, whether internal build (homegrown agents + LeadHub) is being considered as an alternative to buying Vantera.
- Primary risk: internal build (/Anthropic explicitly mentioned). Jared is already building agents to capture call data. Tara is building AI tools for the sales team. The team's stated end-state is a homegrown CRM with agents plugged in. Vantera needs to be positioned as accelerating that vision, not competing with it.
- No other vendors named as active evaluations",False,"Missing: hard deadline, specific go-live date, fiscal year planning cycle, budget cycle details, consequence of inaction.
- Jared's AI transformation role is new; there is implicit pressure to show early wins within the next three to six months
- Tara referenced Harley pushing for new business development now, suggesting owner-level urgency around building the infrastructure
- The branch consolidation into Strata and Great Lakes creates a near-term window to enforce a standardized process while fewer stakeholders are involved
- No hard deadline, contract expiry, or fiscal forcing function was identified
- Urgency: Low. Stated preference for progress in the next three to six months, but no consequence tied to missing a specific date.
- Need to: identify whether there is a budget cycle, board commitment, or go-live milestone that creates a real forcing function",False
DL-0076,ACC-041,2026-07-24,13,GTM | Avery New Business,Global Levy Management,Business Services,Rowan Sinclair,New Business,58000.0,Closed Lost,Omit,58000.0,0.0,,58000.0,0.0,,,,"6/15 - Did demo last week and there is some interest but a lot of risk and early stages

Risk - We are not with the right contact in Avery (Marketing & Operations Director). She does not know the business outcomes they are looking for and does not know the pains on the sales side of things.

Plan - Scheduled meeting with her and their Chief Growth Officer on July 1st to be able to get more information on the sales side of the business and understand outcomes/initiatives

6/1 - DM: Very early stages in the deal. Only 1 demo with one contact and the contact has potential to be a champion but her , but we think we need to get more people involved to have a chance with this deal. We will need to get some of the managing partners of their locations buy in for this to gain traction to get Christine (the CRO) to take a look.

Risks:
- not with the right contact yet
- Hesitant to wanting to record calls with their customer base",False,2026-06-24,2026-06-24T00:00:00.000Z,2026-05-05T16:25:24Z,,"6/3 RS APP

Audience
Engaged = Avery Marsh- Director of Marketing and Operations
Not Engaged = Christine- CRO

POV Risk:
Tactical = Concern over Adoption internally that drives Vantera value prop. Overcoming that barrier
Strategic= Single threaded now and no compelling event to move this deal forward before a end of Q3 decision.
Plan:
Sent case studies on PS teams and talk track around driving recording adoption
five minute play with Avery to confirm agenda and try to drive Christine to join.",30,0.0,Red,,0.0,0.0,"LeadHub, IntroHive, Microsoft Teams","IntroHive - Engage, Teams call recording - Foundation/Enable",,,,0.0,0.0,"• Global Levy Management has a general revenue growth goal every year, though the specific percentage was not recalled.
• Each practice group, service area, and region within Global Levy Management has its own growth goal that contributes to the larger corporate revenue growth objective.",False,False,,False,"• Widespread adoption across the organization is a key decision criterion, as the tool is considered more helpful if everyone is on board rather than just a few individuals.",False,"• Global Levy Management's decision-making process involves evaluating their current tool stack, identifying gaps, and determining where Vantera would be most helpful, which is planned for later in the summer.
• Global Levy Management's planning and budgeting for the next year occurs in late summer and early fall, indicating that a decision on Vantera would likely not be immediate but rather part of this annual cycle.
• Global Levy Management typically conducts planning and budgeting towards the fall, suggesting that any potential purchase decisions would likely occur towards the end of the year, specifically in Q4, as their current year's spending has already been allocated.",False,"• The sales ops team at Global Levy Management is understaffed, leading to a focus on pipeline management rather than risk mitigation and deal analysis.
• Global Levy Management lacks a structured process for identifying opportunities like account expansion or at-risk accounts, resulting in missed opportunities and slow execution.
• The company's current process for evaluating won and lost deals is not effective, and they could benefit from automated analysis to improve their understanding of these outcomes.
• Global Levy Management's small team is stretched thin, making it difficult to maintain speed and efficiency in their lead progression and conversion process.
• The company's current process for acting on intent signals is slow, as it involves multiple steps and validation by regional leads before outreach, which they wish to streamline.","• Avery is interested in learning more about Vantera's success with organizations similar in size to Global Levy Management, particularly in the professional services industry.
• Avery is considering implementing Vantera later in the summer as part of their tool review process.
• Avery Marsh, the Marketing Director at Global Levy Management, is identified as a potential champion for implementing Vantera's solution.
• Avery is evaluating various intent data tools, including Vantera, and is interested in understanding how Vantera's data might differ from the intent data already available in LeadHub's sales CRM.
• Avery is interested in reaching out to leads showing intent, without requiring validation from regional leads first.",False,"• Global Levy Management uses intent data from ZoomInfo and LeadHub to identify potential leads and target accounts for outreach.
• The marketing team focuses on top-of-funnel awareness, while the sales team handles more targeted outreach to potential customers.
• The company has a process of validating leads with regional leads before conducting outreach to ensure they are good fit prospects.
• Global Levy Management is looking to streamline their outreach process and reduce the involvement of regional leads in validating leads.
• The company has a sales operations team that assists the various practice areas with building targets and conducting outreach.",False,"• Global Levy Management is evaluating their current tool stack and identifying gaps, which is part of their broader planning and budgeting cycle that occurs in late summer and early fall.
• The evaluation process is planned for later in the summer, suggesting no immediate purchase decision is expected.
• The evaluation is intended to inform decisions for the upcoming year, indicating a defined timeline and business owner.
• There is no mention of a specific Compelling Event that would force action or response from Global Levy Management.
• The information provided does not indicate a Compelling Event that meets the criteria described in the 'Compelling Event' sales methodology entity.",False
DL-0077,ACC-042,2026-07-24,13,Galena Global,Galena Global,Software & Internet,Cody Danforth,New Business,18000.0,Closed Lost,Omit,18000.0,,,18000.0,,,,,,False,2026-07-17,2026-07-17T00:00:00.000Z,2026-01-26T22:49:24Z,,,7,1.0,Red,,0.0,0.0,,,,,,0.0,0.0,,False,False,,False,,False,,False,,,False,,False,,False
DL-0078,ACC-043,2026-07-24,13,Haven - Engage Upsell (SalesLoft R&R),Haven,Software & Internet,Hugo Halvorsen,Upsell,80000.0,Closed Lost,Omit,0.0,,,0.0,,,,,,False,2026-06-09,2026-06-09T00:00:00.000Z,2026-04-16T17:30:39Z,,,45,1.0,Red,4.0,4.0,3.0,"SalesLoft, ProspectFlow, Forecastr","SalesLoft - Engage, ProspectFlow - Engage",Forecast Accuracy,Rep Productivity,,0.0,80000.0,,False,False,,False,,False,,False,,,False,,False,,False
DL-0079,ACC-043,2026-07-24,13,Haven - 10 Seat Add,Haven,Software & Internet,Hugo Halvorsen,Upsell,12580.0,Closed Lost,Omit,13600.0,0.0,,13600.0,0.0,,,,5/21 - DM: I have not heard from Holly after I sent an email to her last week about needing to get licenses trued up/upsold. Their company is at CKO this week in the Bahamas so I did not send a follow up email this week. I did look back on previous calls and she did mention that after CKO she should have some better direction on how new processes will be handled for approvals and signatures (as a lot of that just changed with their new fiscal year just starting up),False,2026-05-27,2026-05-27T00:00:00.000Z,2026-04-09T17:27:55Z,,"Things have stalled for the Haven team internally, this is still in play, but my champion doesn't know when her team will action against it.

Deal fluctuated between 25 and 50 users, but they landed on 25 users. Note from Holly in Slack for more context: ""we are wondering if our hiring will stay as it has been or slow down after this month. We dont want to promise to add another 50 if we wont be hiring that many but right now we need to finish fiscal and reassess and the 25 is a safer option for us right now with the visibility have into headcount""

They've submitted the contract to Tropic for approval, and it will be going out for signature later today or tomorrow.",58,2.0,Red,4.0,4.0,3.0,"SalesLoft, ProspectFlow, Forecastr","SalesLoft - Engage, ProspectFlow - Engage, Forecastr - Forecast",Forecast Accuracy,Rep Productivity,0.0,0.0,0.0,,False,False,,False,,False,,False,,,False,,False,,False
DL-0080,ACC-044,2026-07-24,13,Hcm Unbound 2.0 (SS - VP of Sales),Hcm Unbound,Business Services,Hugo Halvorsen,New Business,50000.0,Closed Lost,Omit,50000.0,0.0,,50000.0,0.0,,,,"5/18 - DM:
Sent email to Vaughn (VP of Sales) to follow up on his conversations with Josiah Walsh (CEO) and Jonas Aldwin (SVP of Sales). Internal meeting got pushed to Thursday May 21st as Vaughn has been traveling.

Plan:
I am trying to get something set on the calendar with Hugo proactively instead of having Vaughn get something on after Hugo is already back",False,2026-06-01,2026-06-01T00:00:00.000Z,2026-04-07T13:54:53Z,,"5/27 HH
Audience:
- Engaged =
- Vaughn Dalton, VP of Sales -- main contact, four touches in; received exec deck and talking points, met with Josiah Walsh on 5/21, recap pending

- Not Yet Engaged but Should Be =
- Josiah Walsh, CEO/Co-Founder -- ultimate EB; Vaughn presented Vantera to him on 5/21, outcome unknown
- Jonas Aldwin, SVP of Sales -- likely influencer or EB; unclear if Vaughn has looped him in yet

POV
- #1 Tactical Risk - Champion: Vaughn met with Josiah Walsh on 5/21 but I have no visibility into how it landed. Vaughn is traveling all week and recap is still pending. No confirmed next step or meeting with leadership yet.
- #1 Strategic Risk - Economic Buyer: EB is still unconfirmed and I've never been in the room with either John. Vaughn is carrying this deal solo and the internal pitch has already happened without me. If John W. had objections or pushback, there's no way to know or address them until Vaughn debriefs.
Plan:
- Going to review Vaughn's cliff notes when they come in tomorrow -- assess how John W. reacted and identify any objections or gaps to address (Tactical Risk)
- Going to use debrief call with Vaughn to push for a direct intro to John W. or John A. (ideally both) -- Vaughn has already done the internal pitch, now I need to be in the room (Strategic Risk)
---------

4/27 HH
Audience:
- Engaged =
- Vaughn Dalton, VP of Sales -- main contact, two calls in, building interest; saw Vantera value firsthand at Paylocity, but not a decision maker and has not yet raised Vantera with leadership

- Not Yet Engaged but Should Be =
- Jonas Aldwin, SVP of Sales -- Vaughn's direct report up; bi-weekly sync with Vaughn, likely influencer or EB
- Josiah Walsh, CEO/Co-Founder -- ultimate EB; Vaughn has standing weekly sync with him

- Relationships (Friends of Vantera) =
- Megan (Paycor in Vaughn's network) -- Vantera advocate; Vaughn mentioned her by name as someone who ""swears by"" Vantera.

POV
- #1 Tactical Risk - Champion: Vaughn is interested but hasn't committed to a timeline for bringing this to the Johns, and there's no confirmed next step beyond a 4/25 prep call. He's carrying this internally without Hugo in the room.
- #1 Strategic Risk - Economic Buyer: EB is unconfirmed between Josiah Walsh and Jonas Aldwin. Vaughn's framing of the initiative -- close rate improvement, rep messaging, competitive differentiation -- may not map to what either John actually prioritizes. No way to know until Hugo gets in front of them.
Plan:
- HH to directly ask Vaughn on 4/25 to get me in front of the Johns -- frame it as making Vaughn's internal pitch stronger, not adding a step (Tactical + Strategic Risk)
- HH to build Vaughn a leave-behind on 4/25 anchored on close rate improvement and competitive pressure -- give him something concrete to walk in with if a direct intro doesn't happen immediately (Tactical Risk)
--------

4/8 HH
Audience:
- Engaged =
- Vaughn Dalton, VP of Sales -- main contact, prior Vantera familiarity from Paylocity days, open to internal advocacy but not a decision maker

- Not Yet Engaged but Should Be =
- Jonas Aldwin, SVP of Sales -- Vaughn's direct report, bi-weekly touchpoint with Vaughn, likely influencer or EB
- Josiah Walsh, CEO/Co-Founder -- ultimate EB, Vaughn has bi-weekly sync with him as well

- Relationships (Friends of Vantera) =
- Vaughn Dalton -- saw Vantera value firsthand at Paylocity, receptive to platform walk-through before bringing to leadership

POV
- #1 Tactical Risk - Champion: Vaughn is willing to broker the conversation internally but hasn't committed to a specific ask or timeline with John A. or John W. No confirmed next step beyond our 4/16 platform walk.
- #1 Strategic Risk - Economic Buyer: EB is unconfirmed between Josiah Walsh (CEO) and Jonas Aldwin (SVP Sales). Vaughn's framing of the initiative -- rep messaging, close ratio improvement, competitive differentiation -- may not map to what either John actually prioritizes.
Plan:
- Hugo to ask Vaughn pointedly on 4/16: ""If John was in the room, would he agree this is the most important focus in the business right now?"" -- stress tests champion alignment and surfaces EB before we go any further (Tactical Risk)
- Hugo to use 4/16 platform walk to co-build the internal narrative Vaughn takes to leadership -- anchor on close ratio improvement and competitive pressure, not technology (Strategic Risk)",53,0.0,Red,,0.0,0.0,"Fathom, Fireflies",Fathom - Foundation,,,,0.0,0.0,"Missing: any quantified targets (revenue, pipeline, close rate goal), current close rate baseline confirmed by leadership, time spent on admin or coaching today, rep headcount and AE-to-deal ratio.

Close Rate
- Vaughn stated Hcm Unbound's current close rate is ""hovering in the forties"" and that it should be higher given they're almost exclusively inbound/referral-sourced
- At Paylocity with a similar referral model, Vaughn said close rate was ""51 percent or higher""
- The gap between ~40% and 51%+ is the implied metric to move, but no target has been set
Sales Execution & Messaging
- No structured sales methodology in place (no MEDDIC, BANT, etc.)
- Current focus is improving rep messaging quality and delivery, not pipeline generation
- Goal is to sharpen how reps show up in first meetings, which is often the only shot before a proposal
Growth Context
- Company is actively growing -- added a broker team and a channel team, currently in a hiring phase
- Vaughn mentioned leave of absence as a new growth area, signaling expanding product/service lines
- 18-month horizon includes potentially adding outbound SDR motion, which would introduce a new set of metrics entirely",False,False,"Missing: confirmed EB and budget owner, who signs contracts, procurement or approval process, whether Josiah Walsh (CEO/Co-Founder) or Jonas Aldwin (SVP of Sales) has authority over tech spend at this size.
- Vaughn Dalton is VP of Sales and the primary contact -- he surfaced the deal and is the day-to-day driver
- Vaughn reports directly to Jonas Aldwin (SVP of Sales), who reports to Josiah Walsh (CEO/Co-Founder)
- Vaughn explicitly said any further conversation or technology evaluation would need to go through Jonas Aldwin and Josiah Walsh -- he framed himself as a facilitator, not the decision maker
- Vaughn said he would ""broach the topic"" with both Johns in his weekly/biweekly syncs and gauge appetite
- No confirmation of who owns budget or signs -- at a company this size, CEO/Co-Founder is the likely EB but not confirmed
- Chris Ault (VP of Product) was named as another key stakeholder for technology decisions -- Vaughn described him as tightly aligned with sales, on all sales leadership calls, and involved in a monthly cross-functional review",False,"Missing: any ranked or stated criteria, must-have integrations, budget range, whether a formal evaluation will even happen, how leadership weighs ROI vs. cost.
(Still need to establish whether a real evaluation is on the table -- no criteria have been surfaced yet. Vaughn was non-committal on whether leadership has appetite.)
- Current tool is Fathom -- used for call recording and scribing, with notes sent to ops. Vaughn acknowledged it's not as robust as Vantera
- The bar Vantera needs to clear is: what does Vantera do that justifies replacing Fathom and the cost delta that comes with it
- Vaughn's framing suggests the core ask will be around visibility into rep execution -- how are reps delivering the message, where are the gaps, and how do you identify it without manually scrubbing recordings
- No platform consolidation angle has emerged yet -- Hcm Unbound does not appear to have a complex tech stack at this stage
- No integration requirements discussed
- Pricing sensitivity unknown -- Vaughn made no mention of budget constraints, but at their size and growth stage it will likely come up",False,"Missing: whether leadership has any appetite for a formal eval, internal steps once Vaughn raises it, who needs to be involved, timeline, any security or legal requirements. (No formal process exists yet -- this is pre-discovery with leadership. Vaughn's next step is an internal conversation to gauge interest.)
- Vaughn plans to raise Vantera with Jonas Aldwin and Josiah Walsh in his bi-weekly syncs
- If leadership is interested, the likely path runs through Chris Ault (VP of Product) as the technology decision stakeholder
- Next confirmed step: Hugo and Vaughn meeting April 16, 2-3pm for a platform walkthrough -- goal is to arm Vaughn with enough context to bring it upstairs credibly
- Deal is entirely dependent on Vaughn successfully socializing this internally -- no direct access to EB or VP of Product yet",False,"Missing: quantified impact of any pain, whether leadership has acknowledged these problems directly, downstream consequences of the close rate gap, what ""coaching"" looks like today.

What
- Close rate is sitting in the low forties despite a nearly 100% referral/inbound deal flow -- Vaughn knows this should be higher
- Reps are not executing their messaging consistently or at a high enough level in first meetings
- No structured coaching, no formalized sales methodology, no playbooks
- Vaughn himself said he periodically goes back through Fathom recordings to review calls with his boss and team, then admits that habit fades when growth priorities take over
Why
- Competitive landscape is intensifying fast -- both large HCM platforms (Paylocity, UKG, Rippling) expanding managed services AND small boutique competitors (ex-employees starting shops) are eating into Hcm Unbound's differentiation
- The company's core message needs to evolve from tactical implementation to strategic execution partnership -- reps haven't made that shift yet
- Leadership bandwidth is consumed by growth execution, so coaching and rep development are falling through the cracks
How
- Vaughn manually reviews Fathom recordings when he can, but it's ad hoc and unsustainable
- No feedback loop on message effectiveness -- no way to know if reps are landing the new narrative or reverting to old habits
- No system to coach at scale -- everything is tribal and reactive","Vaughn Dalton -- Coach at best right now, not yet a Champion
- Has influence as VP of Sales with direct lines to both Johns and attends regular syncs with leadership
-
- Willing to raise Vantera internally and gauge appetite -- that's a positive signal
- But he's been clear that Vantera hasn't come up in leadership conversations and that the company is heads-down on growth, not tool evaluation
- No evidence he's selling internally on Vantera's behalf yet or that he has a personal win tied to this
- He needs to see the platform on April 16 before he'll have the conviction to champion it -- that meeting is the make-or-break moment for champion development",False,"Missing: full view of what else is in the tech stack, whether leadership has evaluated or considered any Vantera alternatives, future evaluation shortlist if this goes to a formal process.
- Fathom is the incumbent -- in use for call recording and note-taking. Vaughn acknowledged it's limited (recording + scribing only, no intelligence layer), but it's not causing active pain. It's comfortable and cheap
- No other competitors mentioned
- The real competition here may be the status quo -- ""we're growing fast and don't have the bandwidth to evaluate tools right now"" is the most likely objection from leadership",False,"Missing: any hard deadline, go-live target, fiscal year cutoff, or consequence attached to inaction.
- No compelling event exists right now -- urgency is low
- Vaughn framed everything aspirationally: the company wants to grow, close rates should improve, reps need better coaching someday
- The closest thing to a forcing function is the intensifying competitive pressure from both big platforms and boutique shops -- but Vaughn did not attach a timeline or consequence to it
- Potential future forcing function: if Hcm Unbound moves forward with an outbound SDR motion in the next 12-18 months, that would create a legitimate need for a more structured tech stack and qualification process -- but that's speculative today
- April 16 demo is the next pressure point. If Vaughn doesn't come out of that meeting with conviction to bring it to leadership, this deal stalls indefinitely",False
DL-0081,ACC-045,2026-07-24,13,Lateral Integration | New Business,Lateral Integration,Business Services,Rowan Sinclair,New Business,280000.0,Closed Lost,Omit,0.0,,,0.0,,,,,"6/1 - DM:
Out only contact so far and person who came inbound to us just announced on Linkedin that he is no longer with the company.

Plan --> Rowan is working to identify other contacts to reach out to about this project they were looking into while it is still fresh. Identified who we believe his boss was (Adam Dore)

5/21 - DM:
Risk - He cancelled our demo for today and said he had some other applications he had to focus on for now and asked to push this out a few weeks. Big risk of us/this project being deprioritized",False,2026-06-03,2026-06-03T00:00:00.000Z,2026-05-11T17:29:40Z,,"5/27 RS:

Audience:
Engaged = Callum Harrow — Director of Digital Transformation (UAE-based). Has gone dark — emailed night before confirmed deep dive to push out ""a few weeks"" citing a shift in application focus. No next call confirmed.
Not Yet Engaged = Mason Thorne — CRO/VP of Sales MD — required sign-off per Callum IT Team — prerequisite for commercials/RFP per Callum 3 other key decision-makers — Callum referenced needing 4 total buy-ins Additional stakeholders TBD — actively prospecting in via multi-threading

---
POV → Risks
#1 Tactical Risk = Callum went dark the night before the deep dive with a vague ""change of focus"" message and no rescheduled date. No next call confirmed. Proposed June 4th but no response yet. Every day without a reply increases the risk this deal goes cold.
#1 Strategic Risk = Still completely single-threaded into an account where we have zero EB access and an unknown competitive landscape. Callum's sudden pullback could signal internal reprioritization, budget pressure, or a competitor gaining ground. DC, EB, compelling event, and buying criteria all remain undefined.

---
Plan → Actions
- Rowan to re-engage Callum with a value touch email anchored around the Meteomatics and Ironclad case studies — tied directly to his stated pain points around deal slippage, pipeline quality, and customer signals — with a soft ask to confirm June 4th as the reconnect date
- Rowan to follow up with Sean Judge this week to get his read on what's happening with Callum internally and whether the shift in focus is a real blocker or a timing issue
- Rowan to keep sending value touches to maintain visibility while Callum is unresponsive",51,0.0,Red,,0.0,4.0,,,,,,0.0,30000.0,Higher late stage win Rates,False,False,,False,,False,,False,Deal slippage,Callum Harrow is a potenial champion,False,,False,,False
DL-0082,ACC-020,2026-07-24,13,perpetual uptime 1.0,Perpetual uptime,Software & Internet,Ian Lockwood,New Business,26000.0,Closed Lost,Omit,26000.0,0.0,,26000.0,0.0,,,,,False,2026-06-03,2026-06-03T00:00:00.000Z,2026-06-02T15:48:01Z,,"6/2 IL
Audience:
- Engaged:
- Marcus Bell — primary contact, potential champion; focused on AE team scaling, call recording and coaching
- Nate Gibson — engaged, role/influence unclear at this stage

- Not Yet Engaged:
- Mitchell's boss — EB, not yet in the conversation
- Mitchell's counterpart — identified as someone who should be on a disco/demo call

POV → Risks:
- #1 Tactical Risk: Rescheduled meeting on 6/3 at 2pm EST hasn't been confirmed — if it slips again, early momentum stalls on a deal that has very limited activity so far
- #1 Strategic Risk (MEDDICCC): Single-threaded at the champion level with no EB engagement, no defined decision process or criteria, and no compelling event beyond general AE team scaling — deal has no urgency mechanism yet
Plan:
- Confirm 6/3 2pm EST meeting — use it as a proper disco/demo to establish pain, metrics, and begin mapping decision process; bring Mitchell's counterpart onto that call
- Come prepared with pricing to address that ask, but use it as leverage to open the EB conversation — who needs to approve this and what does their process look like?
- Identify a compelling event tied to AE headcount growth or a specific revenue target to create urgency",51,0.0,Red,,0.0,2.0,,,,,,0.0,0.0,,False,False,,False,,False,,False,,,False,,False,,False
DL-0083,ACC-046,2026-07-24,13,JRP 3.0,JRP,Software & Internet,Harper Ramsey,New Business,50000.0,Closed Lost,Omit,50000.0,0.0,,50000.0,0.0,,,,,False,2026-06-15,2026-06-15T00:00:00.000Z,2026-06-01T22:01:12Z,,,39,0.0,Red,,0.0,6.0,,,,,,0.0,0.0,,False,False,,False,,False,,False,,,False,,False,,False
DL-0084,ACC-012,2026-07-24,13,Vidora - Vantera Data Migration Order Form,Vidora,Software & Internet,Cody Danforth,Upsell,0.0,Closed Lost,Omit,0.0,0.0,,0.0,0.0,,,,,False,2026-07-13,2026-07-13T00:00:00.000Z,2026-05-20T19:53:55Z,,,11,0.0,Red,,9.0,7.0,"ProspectFlow Kaya, Einstein","Forecastr - Forecast, ProspectFlow - Enable",New Business,Rep Productivity,0.0,0.0,0.0,,False,False,,False,,False,,False,,,False,,False,,False
DL-0085,ACC-047,2026-07-24,13,Lionforce 3.0,Lionforce,Business Services,Harper Ramsey,New Business,22800.0,Closed Lost,Omit,22800.0,0.0,,22800.0,0.0,,,,,False,2026-05-27,2026-05-27T00:00:00.000Z,2026-03-30T18:17:39Z,,"Audience
- Rocco Valdez (Sales Director) — Primary contact. Came over from Monster ~7 months ago as part of a 10-person leadership package including new CRO and CMO. Owns the staffing division. Direct, self-aware, knows the sales process well. Has a counterpart who owns direct employer — she may join the demo.
- Theo Shen — Vantera SDR who sourced and opened the account.

---
POV
- Lionforce is effectively a restart. 12-year-old company with entirely new leadership treating it like a startup. Core focus is net new business — 90-95% outbound, team of ~8 in Roger's division.
- Roger wants to shorten sales cycles and generate more inbound. He was initially looking for a website conversion/lead capture tool (Chili Piper use case) — Harper correctly scoped Vantera out of that and pivoted to post-lead intelligence and engagement.
- Currently using Salesforce Engagement Platform + Firefly for call recording. Chorus/Firefly is the direct competitive displacement opportunity.
- Budget is tight. Roger ballparked $25-35K as the upper limit for the year and was transparent that even that would be a stretch. Demo needs to be strong to justify it.
- Not a tire kicker by his own admission — said if the demo lands, he'll move.

---
Next Steps
- Tony: Bump calendar invite to same time next week for demo.
- Harper: Build demo around shortening sales cycle, surfacing why deals stall, and outbound call intelligence. Reference Monster history in Vantera as a personalization hook.
- Roger to try to bring his direct employer counterpart — confirm before demo.
- Do NOT pipeline yet per Roger's request. Qualify further after demo.",58,0.0,Red,,0.0,3.0,"Chorus, Firefly","Chorus - Foundation, Firefly - Foundation",,,,0.0,0.0,,False,False,,False,,False,,False,,,False,,False,,False
DL-0086,ACC-048,2026-07-24,13,Cargo Handling 2.0,Cargo Handling,Wholesale & Distribution,Harper Ramsey,New Business,42000.0,Closed Lost,Omit,42000.0,0.0,,42000.0,0.0,,42000.0,,"5/13 - DM - Stalled out but want to run a pilot. Competing Priorities. Asked to wait until Early June to do the Pilot.

Why they are needing something is they have a new product in a software (previously only sold forklifts) and it is not scalable to have the head of sales on all calls.",False,2026-06-01,2026-06-01T00:00:00.000Z,2026-03-10T14:15:55Z,,"Audience
- Caleb Shaw (VP/EVP) — Champion and primary decision-maker contact; tasked internally to drive this initiative forward, get a proposal together, and secure authorization from leadership (likely the company president). Wears multiple hats as both regional sales manager and executive.
- Chase Turner — No mention on this call; status unknown
- Company President — Identified as economic buyer/final approver; Chris needs to bring him in, potentially for a future demo
POV
- Key risks: Economic buyer (president) not yet engaged; CRM is vsimple (uncommon, integration TBD); company is cautious/lean — wants to pilot before any full rollout; economic headwinds making them stagnant at $85M
- Key strengths: Chris sees clear value, is not price-scared (~$30K list for 12 seats), and has strong internal motivation — a recent major sales training investment (consultative selling, ""STEPS"" methodology) that Vantera can directly reinforce and make stick
- Strategy: Tailor pilot scope around 2 reps (one senior, one junior per Chris's suggestion); position Vantera as the execution layer on top of their new sales training; get president involved ASAP
Plan
- Next call: Friday June 1, 9am MT / 11am ET — Harper to send updated invite; agenda TBD based on mid-week check-in
- Harper to-dos: Send call recap + recording + pricing sheet; email Chris early next week to determine next call focus (pilot scoping vs. deeper demo on manager view / AI coaching features)
- Chris to-dos: Review pricing, identify pilot candidates, get internal authorization from president; may loop president into a future call",53,1.0,Red,,0.0,1.0,ZoomInfo,,,,,0.0,0.0,85 million revenue goal,False,False,"• The President of Cargo Handling is a key stakeholder in the decision-making process, as he is the brother of the Vice President who is the main point of contact.
• Two Regional VPs at Cargo Handling are also likely to be involved in the decision-making process.
• The President of Cargo Handling may be invited to join an upcoming call, further indicating his involvement in the purchase decision.",False,"• AI's ability to automate the feedback and correction process in sales training, saving significant time compared to manual methods, is a key decision criterion for Cargo Handling.
• The time-saving aspect of AI-powered sales coaching is a critical factor in Cargo Handling's purchasing decision.",False,"• Cargo Handling follows a phased approach to new technology adoption, starting with a pilot program before a full rollout.
• The decision-making process involves multiple stakeholders, including an influencer who reviews the quote internally and a key decision-maker who needs to authorize the budget.
• Cargo Handling requires approximately a week to identify the stakeholders involved in the pilot program and to obtain the necessary authorization.
• Vantera proposed two potential next steps: a deeper dive demo or initiating discussions for a pilot program, depending on Cargo Handling's business needs.
• Cargo Handling is not the type of company to ""jump in the deep end"" and prefers to take a cautious approach to new technology adoption.",False,"• Cargo Handling is looking to improve coaching and accelerate the ramp-up time for their younger salespeople, especially those new to the industry or B2B sales.
• The current enablement process, including a recent sales training, is cumbersome and manual, requiring significant effort from sales managers to provide feedback and corrections.
• Cargo Handling believes that having AI automatically train and provide insights to reps would be much more helpful and save significant time for sales managers.
• Cargo Handling's primary pain point is finding the right contact information at the accounts they are targeting.
• Cargo Handling is not utilizing automated outreach features like email and text, and is instead focusing on using ZoomInfo strictly for gathering contact information to facilitate phone calls.","• Caleb Shaw, the General Manager of Cargo Handling, is a potential champion for the sales representative's solution.
• Cargo Handling is currently in a transition period with their sales team and training, and they are under contract with ZoomInfo until mid-year.
• Chris is familiar with the sales representative's company and their partnership with 30 Minutes Presidents Club.
• Cargo Handling's primary focus is on finding the right contact information for the accounts they are targeting.
• Chris indicated that it would be better for the sales representative to reach out in the June-July timeframe.",False,"• Cargo Handling is currently using ZoomInfo for contact information gathering, but prefers direct outreach via phone calls over automated outreach methods.
• Cargo Handling believes Vantera may have similar capabilities to ZoomInfo in terms of finding contacts.
• Cargo Handling is in a transition period with their sales team and training, which may be impacting their outreach efforts.",False,,False
DL-0087,ACC-049,2026-07-24,13,Marillion - Enable,Marillion,Software & Internet,Cody Danforth,Upsell,22160.01,Closed Lost,Omit,18213.71,0.0,,18213.71,0.0,,18213.71,,,False,2026-05-11,2026-05-11T00:00:00.000Z,2026-02-24T17:22:17Z,,"4/15 - CD:
Audience:
- Engaged:
- Sean = Sr. Director, Sales Enablement
- Kait, Sales Enablement
- Danielle, Sales Enablement
- Semi-Engaged = Laurie = VP Strategy and Operations, Sean's boss
POV → Risks
- #1 Tactical Risk = No concrete next step or understanding of decision process.
- #1 Strategic Risk tied to MEDDICCC based on stage = Compelling Event
Plan → TBD",74,3.0,Yellow,6.0,9.0,4.0,"Highspot, Nooks, Hyperbound, Udly, ProspectFlow",ProspectFlow - Engage; Hyperbound - Enable; Nooks - Enable; Udly - Enable; Ampup - Enable; Exact - En...,,,0.0,0.0,0.0,"Impacted Metrics:
- Primary - Ramp time / onboarding time
- Secondary - Improve overall win rates

Need to quantify this business case with Sean and validate the business case with Laurie.",False,False,Laurie Schrager - VP GTM Strategy and Operations,False,"N/A - they were in the AI Trainer beta, they like Enable and see the value. Their ideal outcome is that they don't have to look at other tools. We need to make Enable pricing a no brainer.",False,"- Enable wasn't budgeted for.
- Sean is taking list price to Laurie and getting a ball park.
- Sean meets with Cam and I tomorrow to negotiate.
- Sean will take the negotiated price to their CFO.
- Their CFO approves budget.
- Laurie signs.",False,"What (The Pain / Challenge):
- Marillion is a complicated sales process. They're ""not selling seats"", they are selling business outcomes.
- Sellers are currently taught generalities and theoretically taught how to sell Marillion, but there isn't a process to pressure test their abilities.
- Sales team is experiencing turn over and Sean is focused on up leveling the sales team to improve retention / average tenure for sellers.
Why (The Business Impact / Why It Matters):
- Sellers are currently practicing and being trained on live customers.
- Testing strategies on customers is leaving money on the table
How (Desired Future State / Success Criteria):
- They have Highspot, but hate it and don't use it properly
- Google Drives are used for storing content","Sean Harris - Sr. Director Sales Enablement
Amy Smith - Director Revenue Systems",False,None at this point,False,,False
DL-0088,ACC-014,2026-07-24,13,DocVault - seat adds,DocVault,Software & Internet,Elena Whitaker,Upsell,0.0,Closed Lost,Omit,,,,,,,,,,False,2026-07-27,2026-07-27T00:00:00.000Z,2026-07-17T18:39:46Z,2026-07-30T19:00+03:00[Asia/Jerusalem],,0,0.0,Red,6.0,7.0,6.0,,No relevant data found.,New Business,Pipeline Generation,,,,,False,False,,False,,False,,False,,,False,,False,,False
DL-0089,ACC-014,2026-07-24,13,DocVault - data cloud,DocVault,Software & Internet,Elena Whitaker,Upsell,11750.0,Closed Lost,Omit,10000.0,,,10000.0,,,,,,False,2026-07-20,2026-07-20T00:00:00.000Z,2026-06-18T16:19:22Z,2026-07-30T19:00+03:00[Asia/Jerusalem],,4,0.0,Red,6.0,7.0,6.0,No relevant data found.,No relevant data found.,New Business,Pipeline Generation,0.0,0.0,0.0,,False,False,,False,,False,,False,,,False,,False,,False
DL-0090,ACC-050,2026-07-24,13,OnVertex - 7.0,OnVertex,Computers & Electronics,Cody Danforth,New Business,110000.0,Closed Lost,Omit,55000.0,,"6/18

Context:
1. OB/IB (Holdover opp from another AE in MM)
2. No compelling event
3. LeadHub/GoogleMeets

Risks:
1. DP/DC
2. Champion
3. IP -->",55000.0,,,,,"6/25 - DM:
Risk:
Tactical - No true champion as Drew is too low in power. He has been gathering people for demos but not enough juice to push timelines internally. Trying to get to Max Sloan (VP of Sales starting in July) who has been on demos but wanting to get some 1:1 time to make him a champion, but he is pushing us off until Q3.

Strategic - They (Don) are willing to meet to slowly progress this, but he and now Matt has said this will be a end of Q3/Q4 initiative. Not likely to get this in this quarter.

Plan - Putting time on Don's Calendar for the first week of July after he gets back from PTO to discuss ""officially"" the structural changes that take effect in July and map out our best path forward on getting this deal done -- even with an extended timeline

6/22 - DM:
Risk - Stuck with Drew (Global Sales Operations) as main point of contact. He is too low on the totem pole to drive urgency internally and to be a true champion

Plan - We have a call tomorrow with Max Sloan who is the VP that would ultimately take this to their CRO for final approval. Bringing Trevor into that conversation to jersey match and open up a direct line of communication to try and turn Matt into our champion (he has been on a couple of demos, but we have not been able to VWK him)

6/15 - DM: Meeting with Champion, Drew (Global Sales Operations), tomorrow as a backstop on internal conversations and to review Business Case together.

Risk - Not a specific metric or business outcome that has been identified to really push this through final approvals internally

Plan - A lot of buy in from stakeholders so far, but in order to get this to get the approvals from DMs, we are doing a call tomorrow to break down the business case more to identify what will move the needle in his conversations and we can provide value/proof points in those areas

6/1 - DM: Getting NDA signed with them so they can talk more specific on how their CRM works and what data it contains. This is specifically for the Forecast Product. Still progressing in conversations around Foundations and Engage as well.

Demo today for Engage

5/19 - DM:
Risk -Biggest risk is gonna be timeline as they said it may be months before they make a decision. We need to get access to real Decision Makers to be able to help expedite this",False,2026-07-17,2026-07-17T00:00:00.000Z,2026-04-16T16:36:23Z,,"6/22 CD:
Audience: Engaged =
- Drew Mallory (Global Sales Operations to Business Operations starting 7/1) -- primary influencer, internal liaison, owns proposal and pitch process; will report to Dean Wexler starting 7/1
- Max Sloan (VP Sales starting 7/1) -- will be Don's skip-level manager. Need to develop this POC as a Vantera Champion, he's a key internal advocate. Top of mind = heavily emphasized AI model customization (training Vantera on OnVertex-specific language)
- Curtis Nwosu (Sales Director, Acquisition/Net New) -- engaged on Foundations + Engage demo; key stakeholder for adoption/commitment.
- Gray Emberland (RevOps Analyst) -- attended multiple demos, supports the OnVertex team from a workflow and technical stand point.
- Evan Williams (Marketing Ops to Business Operations starting 7/1) -- co-leading tech audit with Don; strong internal advocate
- Dean Wexler (Don's incoming manager starting 7/1) -- CD has spoken with Dan twice; Drew confirmed alignment with him is a near-term step
- Sara Mellinger (AI Strategy/Operational Excellence) -- AI governance gatekeeper.
Not Yet Engaged =
- Max Ward (CRO) -- ultimate economic buyer; final approvals run through him via GMT process; no direct Vantera exposure yet
- Finance/Procurement -- must approve internal purchase request; Drew will use multi-year term argument to justify cost increase savings (~5-7% annual escalation)
- GMT (Global Management Team) -- final budget approvers; historically never meet directly with vendors; VPs present on their behalf
- IT/InfoSec -- still needed for AI governance sign-off per Sarah's outstanding concerns
Relationships (friends of Vantera) =
- Drew + Evan -- strongest internal advocates; explicitly stated they are not evaluating any competitors; even got confirmation from their own LeadHub rep that Vantera adds value LeadHub can't replicate
- Max Sloan -- interested, but has outstanding questions around AI model customization for OnVertex-specific terminology; needs a dedicated follow-up to get fully bought in before he presents to GMT
- LeadHub rep -- unexpectedly validated Vantera's differentiation when Drew asked them directly; not engaged with us but acting as a third-party endorsement
POV -> Risks tied to MEDDICCC based on stage:
#1 Tactical Risk = Max Sloan has unanswered questions around AI model training/customization. This introduces risk/hesitation as we plan to use him to champion Vantera internally up to Max Ward and GMT. He is the VP-equivalent who will present to the GMT. If Max Sloan isn't fully bought in, it introduces risk when the team pitches internally.
#1 Strategic Risk = Champion. Recognizing Drew is a coach / influencer, we don't have a champion in this deal. We're using the call on 6/23 to neutralize risk with Max Sloan and build him into a champion.
Plan:
- Cody, Maya and Trevor to connect with Drew and Max Sloan on Tuesday 6/23. The goal of this call is to neutralize the AI / LLM questions that Max Sloan has asked and more importantly uncover the WHY behind his questions.
- Trevor to spend 1:1 time with Max Sloan and pressure test him as a champion.
- Sara Mellinger has LLM training model questions. Need to confirm she grabs time with myself and the security team.",7,1.0,Red,,0.0,1.0,"ProspectFlow, SalesLoft","SalesLoft - Engage, ProspectFlow - Engage, LeadHub - Engage",,,,0.0,24000.0,TBD,False,False,,False,,False,,False,TBD,TBD,False,,False,TBD,False
DL-0091,ACC-051,2026-07-24,13,"Lantern Risk | Early Renewal & CS Tea,",Lantern Risk,Software & Internet,Rowan Sinclair,Upsell,72000.0,Closed Lost,Omit,72000.0,0.0,,72000.0,0.0,,,,"6/1 - DM: We won't be able to get the early renewal with ramped seats as we initially thought or at least as big as we thought. We are gonna tie this to their Enable evaluation that their is a meeting on the books for mid June. If there is not the appetite to move forward with Enable, then we will still try to get the 10-15 seats this quarter and use the 2% uplift as our leverage. Otherwise that 2% uplift we are gonna use for leverage for them to do an early renewal and add Enable.

5/21 - DM: Call with procurement today to discuss the early renewal.

Risk - There is no real big compelling reason for them to do an early renewal considering they don't want to add the forecasting tool this year and conversations for Enable product are just getting started. Procurement wants to work to find something to make it compelling to do the early renewal because he feels confident in Vantera.

Plan - We are going to talk about ramping out seats and then discuss adding language for a cap in uplift (currently there is no language and he gave this idea as something that could help them do an early renewal so they can have a little more projection on cost in the future). We are gonna offer a 10% cap, which we expect he will counter with 5% and we hope to land somewhere around 7%. We will see if doing something like this is enough to get him to agree to an early renewal",False,2026-06-04,2026-06-04T00:00:00.000Z,2026-05-08T18:37:37Z,,"6/3 RS APP

Audience
Engaged = Shane Prescott- Head of procurement
Not Engaged = Sales leaders

POV Risk = Tactical- Shane is really just procurement... He is not a strategic rev leader. So when he comes back saying we can only commit to 15 seats max. He is just doing what CRO or other leaders told him to. He's motivated by doing what he can do keep a 2% cap on the lift but is limited by his role and scope.

Strategic= Single thread on the ramp and renewal portion w/ Shane. We have a Enable upsell opp starting w/ Dave to run in tandem but that is separate from the expansion side of things.

There really isnt a compelling event here. They want predictable and flat renewals but there also 10 months away from renewal..... It would easy to see this being out on long term back burner.

Plan-

Giving a cool of period than Maya to come up over the top and see if there a pathway to secure early renewal and 20 seat expansion. I will upward manage this.",50,1.0,Yellow,6.0,4.0,7.0,,,New Business,Pipeline Generation,,0.0,0.0,,False,False,,False,,False,,False,,,False,,False,,False
DL-0092,ACC-051,2026-07-24,13,Lantern Risk | Ramp pt2,Lantern Risk,Software & Internet,Rowan Sinclair,Upsell,36000.0,Closed Lost,Omit,36000.0,0.0,,36000.0,0.0,,,,,False,2026-05-27,2026-05-27T00:00:00.000Z,2026-05-21T21:52:52Z,,,58,0.0,Yellow,6.0,4.0,7.0,,,New Business,Pipeline Generation,,0.0,0.0,,False,False,,False,,False,,False,,,False,,False,,False
DL-0093,ACC-052,2026-07-24,13,PrimePlan 5.0 (SS),PrimePlan,Software & Internet,Hugo Halvorsen,New Business,50000.0,Closed Lost,Omit,50000.0,0.0,,50000.0,0.0,,,,,False,2026-05-26,2026-05-26T00:00:00.000Z,2026-04-30T21:32:52Z,,"5/7 HH - Kiran's role at PrimePlan has changed since our initial deal cycle with him (he's no longer working as part of their ops/strategy team) so he didn't have a ton of insight into what's going on in the business. I didn't set next steps with Kiran as he's the wrong person at the org to work with.

He said he's willing to help tee up a conversation w/ Jay (SVP of Global Sales), so I'm working to chase that conversation to progress the deal.",59,1.0,Red,,0.0,0.0,"Forecastr, Amplemarket, Salesloft",Amplemarket - Engage,,,,0.0,0.0,,False,False,,False,,False,,False,,,False,,False,,False
DL-0094,ACC-053,2026-07-24,13,Pro Duct 1.0,Pro Duct,Business Services,Ian Lockwood,New Business,26000.0,Closed Lost,Omit,26000.0,0.0,,26000.0,0.0,,,,5/20 - DM: Previously met with Vantera about 7 months ago when it was a 1 man team but now they have acquired a couple of companies and have a team of ~10 reps and growing. Demo on Friday.,False,2026-06-12,2026-06-12T00:00:00.000Z,2026-05-13T15:56:23Z,,"6/2 IL
Audience:
- Engaged:
- Russell Jennings — primary contact, champion
- Dorian Locke — Russell's direct report, key influencer and potential EB

- Not Yet Engaged:
- Ultimate economic buyer above Russell — unclear who owns the financial decision
- Broader leadership involved in internal discussions

POV → Risks:
- #1 Tactical Risk: Demo with David and Russell has not yet happened — full platform understanding is not established, which means we can't confirm pain, criteria, or champion strength before pushing forward
- #1 Strategic Risk (MEDDICCC): No compelling event defined, no metrics tied to pain, and EB is unconfirmed — deal could stall in internal discussions with no urgency and no one owning the decision. History of a bad experience with a prior rep + Fireflies as competitive context adds relationship/trust risk
Plan:
- Lock the demo with Russell and David — use it to validate pain (rep visibility, coaching gaps, CRM completeness, ramp time) and begin establishing decision criteria and process
- Use the demo to identify and map path to the EB — need to understand who owns budget above Russell
- Proactively address Fireflies competitive thread and prior rep experience to rebuild trust and differentiate",42,0.0,Red,,0.0,0.0,Fireflies,Fireflies - AI services,,,,0.0,0.0,,False,False,,False,,False,,False,,,False,,False,,False
DL-0095,ACC-054,2026-07-24,13,RDI Systems 2.0,RDI Systems,Software & Internet,Hugo Halvorsen,New Business,70000.0,Closed Lost,Omit,70000.0,,,70000.0,,,,,,False,2026-07-23,2026-07-23T00:00:00.000Z,2026-06-04T18:48:46Z,,,1,0.0,Red,,0.0,1.0,Data extractor found no relevant data in the calls and emails,Data extractor found no relevant data in the calls and emails,,,,20000.0,0.0,,False,False,,False,,False,,False,,,False,,False,,False
DL-0096,ACC-055,2026-07-24,13,BrightRecruiters - SSO,BrightRecruiters,Software & Internet,Elena Whitaker,New Business,0.0,Closed Lost,Omit,0.0,0.0,,0.0,0.0,,,,,False,2026-05-08,2026-05-08T00:00:00.000Z,2026-05-06T17:25:28Z,,,77,0.0,Red,,0.0,0.0,Chorus,,,,,,,,False,False,,False,,False,,False,,,False,,False,,False
DL-0097,ACC-017,2026-07-24,13,Solo - 1 seat,Nimbus.io,Software & Internet,Cody Danforth,Upsell,1042.67,Closed Lost,Omit,1360.0,,,1360.0,,,,,,False,2026-07-15,2026-07-15T00:00:00.000Z,2026-05-27T15:03:27Z,,,9,1.0,Yellow,1.0,1.0,1.0,,,,,0.0,0.0,0.0,,False,False,,False,,False,,False,,,False,,False,,False
DL-0098,ACC-056,2026-07-24,13,Splashwave 4.0,Splashwave,Software & Internet,Rowan Sinclair,New Business,98000.0,Closed Lost,Omit,0.0,,,0.0,,,,,"6/4 - DM: Emily He sent email to Alex which he responded to. She looped me into email because I will be in Bay Area next week. He was supposively in Global Leadership meetings the last couple of days where he was gonna try to bring up Vantera as part of a consolidation play. I sent email today to follow up.

6/1 - DM: Only been single threaded to Enzo so far. Alex (His boss) has not agreed to a meeting yet and so we used a possible relationship between our CMO to reach out to him to get a meeting (they worked together previously). That went out end of last week and waiting for response.

Plan --> In meantime, I will be sending an email to Enzo this week to see if I can meet with Alex while I am in the SF office next week (He mentioned Alex would be in town beginning of June)

5/21 - DM: Not confident that call today with Alex will happen.

Risk - we are spinning our wheels working with Enzo (who does want Vantera) but does not have the power to get anyone else really interested. He has been trying to get Alex, but nothing has come from it yet.

5/14 - DM - Call with their Head of Sales, Alex, is scheduled for next Thursday (while the head of sales is in town from EMEA). Getting Alex on board will be key in order to multi-thread into other stakeholders like Katie (VP of RevOps) and new CRO

5/12 - DM - Enzo has been tasked with building out the partnership program and him now understanding that we can help with partnerships has helped him have a a little more excitement to try and get this moving through the org.

Audience:
Engaged:
talo Nava - Director of Strategic Partnership & Sales Enablement

Not Engaged:
Morgan Frost - Sr Director of N/A Sales ( but will be on next call)
Alex - VP of Sales/Head of SalesKatie Christenson VP of RevOps and
New CRO? Has not been accouned yet and Enzo has confirmed that they haven't annouced internally yet either.

POV:
Tactical Risk - Not 100% confirmed for the demo this Thursday, but Enzo has committed if that can't work that we will get Alex on a demo while he is in town these 2 weeks before going back to Amsterdam

Strategic Risk - Single Threaded so far

Plan:
Demo on the calendar with Alex on Thursday while he is in town for 2 weeks from Amsterdam. Demo will to get him bought into Vantera and help move this up the chain more to get Katie and CRO involved.",False,2026-06-11,2026-06-11T00:00:00.000Z,2026-04-09T23:28:45Z,,"6/3 RS:

Audience:
Engaged =
- Enzo Navarro, Dir. Strategic Partner & Sales Enablement — building business case for June QBR; sent one-pager on tech stack consolidation
Not Yet Engaged =
- Alex (Alexander), VP of Sales — responded warmly to Emily's intro email; mentioned tech stack reduction as top priority; bringing Vantera up at global leadership meetings Tuesday/Wednesday this week; in Cupertino for next two weeks
- Katie, VP of RevOps — outreach initiated via account board video; no response yet
- Morgan Frost, Sr. Sales Director — Vantera-familiar, low urgency, deferred to Enzo on decision
- New CRO — unannounced; early engagement opportunity

---
POV → Risks:
#1 Tactical Risk = Waiting on Alex's response to Emily's follow up — he said he'd circle back after leadership meetings Tuesday/Wednesday. Window to lock Maya's Cupertino visit is this week while Alex is local
#1 Strategic Risk = Still single threaded through Enzo — no direct conversation with Alex yet despite warm signal from Emily's intro. If Alex deprioritizes after leadership meetings or Enzo doesn't reinforce internally, momentum stalls heading into June QBR

---
Plan:
- Rowan to send tech stack consolidation one-pager to Enzo to arm him for internal QBR conversation
- Monitor Alex's response to Emily's follow up; target locking Maya's Cupertino visit this week
- Rowan to call Enzo directly to align on QBR narrative and reinforce urgency while Alex is local
- Continue building Katie relationship as parallel multi-thread path",43,0.0,Red,,0.0,6.0,"Salesloft, Forecastr, Cross AI, Across AI","Salesloft - Engage, Matkudo - Foundation, Salesforce - Forecast, Across.ai - Not specified",,,,0.0,0.0,Trying to improve customer view,False,False,CRO Venkat and VP of Rev Ops Katie,False,"• Improved integration capabilities with existing tools like LeadHub, Salesforce, and Zendesk are a key decision criterion.
• Actionable insights and predictive analytics based on prospect/customer interactions and product usage data are important decision criteria.
• Ease of use and intuitive workflows, including the ability to identify and act on issues like low usage without relying on custom reporting, are critical decision criteria.
• Seamless integration with the existing Salesforce pipeline and automation of data entry to remove dependencies on RevOps are significant decision factors.
• Organizational buy-in across teams and integration with collaboration platforms like Microsoft Teams are important to maximize the tool's value.",False,RevOps is currently a major stakeholder.,False,Want a 360 customer view.,Enzo Navarro,False,"• Splashwave currently uses SalesLoft for outreach and pipeline management, but there are challenges with adoption and implementation of the tool's features.
• Splashwave is hesitant to switch from SalesLoft to Vantera due to resistance from the team, but they may revisit the decision in Q3.
• Splashwave is interested in Vantera's capabilities, particularly the SPICED methodology, which they believe SalesLoft may not be able to provide.
• Splashwave previously considered Vantera but chose SalesLoft due to its better pricing and ability to create lists and cadences for outreach.
• Splashwave has found that SalesLoft has not been very helpful in setting up the desired automations and features.",False,Need Compelling Event,False
DL-0099,ACC-057,2026-07-24,13,Athletic Business Journal 2.0,Athletic Business Journal,Media & Entertainment,Ian Lockwood,New Business,26000.0,Closed Lost,Omit,26000.0,0.0,,26000.0,0.0,,,,,False,2026-05-05,2026-05-05T00:00:00.000Z,2026-04-27T16:51:37Z,,,80,0.0,Red,,0.0,2.0,,,,,,0.0,0.0,,False,False,,False,,False,,False,,,False,,False,,False
DL-0100,ACC-058,2026-07-24,13,Speranza | Chorus RIP,Speranza,"Travel, Recreation, and Leisure",Rowan Sinclair,New Business,74000.0,Closed Lost,Omit,74000.0,0.0,,74000.0,0.0,,50000.0,,"6/1 - DM: Kelly (Main contact) got back to us and said their IT team decided to move forward with Read.ai to roll out to the whole company to see if it meets their needs. Said to follow up in early 2027

Plan --> Have Milbank send an email to Kelly to throw us under the bus to see if there is a way to salvage it or at the least get an understanding of where the biggest misses were so we can come more prepared at the end of 2026/beginning of 2027

5/21 - DM:
Risk - Momentum in this deal is slipping because they are not seeing value in us over what they currently use with Read.ai since they don't have a direct selling motion and don't need anything to help with forecasting, deal management, etc.

Plan - I sent an email to come over the top and try to reset on how we can help with their Account Management and CS objectives. Trying to get on a call with Kelly to reset, better define their pains, and reframe how Vantera can help them

5/18 - DM:

Audience:
Aligned with Rowan

POV/Risk:
Sentiment has seemed to shift a little bit from our champion and they are meeting with Read.ai to see if they can do some of the things they have liked in Vantera. Their Channel/indirect selling motion is causing them to feel like a lot of what we do and value we provide is not needed by them. Had a call with Main Contact (Kelly) today but she declined the meeting and just wanted information via email

Plan:
Trying to schedule call with Kelly and someone from our partnership team to discuss how Vantera can be used in a partnership sales & relationship process",True,2026-06-04,2026-06-04T00:00:00.000Z,2026-03-27T14:57:36Z,,"6/2 RS:
Audience:
Engaged =
- Kayla Cortez, Sr. Sales Ops Manager — primary champion, owns evaluation; no response to 5/22 email, no meeting on calendar
- Theo Ross, IT — security review, integration, MCP Server concerns
- Dexter Brands, VP Implementations — excited about Vantera, strong internal advocate
- Chloe Bram, VP Account Management — key DM for AM team
- Braden Stone + Kayla Sterns, AMs — end-users, internal advocates
- Reid Barlow + Julian Kane, Product Ops — evaluating Productboard integration + AI features
Not Yet Engaged =
- Rowan Sinclair (internal debrief not yet scheduled)
- EVP of Sales — needed for POC approval and budget sign-off

---
POV → Risks:
#1 Tactical Risk = Kelly said they will move forward w/ Read AI and touch back next year.
#1 Strategic Risk = If we can't get Kelly on a call to reframe Vantera's value around Speranza's partner-led motion, the deal defaults to Read.ai by inertia — not by evaluation. We haven't had the chance to address her objections directly or align on pilot criteria.

---
Plan → Actions:
- Milbank to send my ghost written email to see what happens.

Will close out of opp next week if we cant get time",50,0.0,Red,,0.0,0.0,"Chorus, Read AI, Forecastr, ProspectFlow, SalesLoft","Chorus - Engage, ZoomInfo - Engage, Read.ai - Engage, Read.ai - Forecast",,,,0.0,0.0,Need a quantifiable metric.,False,False,"Bill Tillman EVP of Sales & Justin Schuster VP of Marketing

Kayla Cortez - Sales ops",False,"• Speranza is dissatisfied with their current tool's user-friendliness and is looking for a less confusing alternative that can better capture product feedback and identify gaps.
• Speranza requires a tool that can easily integrate expenses, match competitor features like Navon, and provide accessible call recordings for account management, especially for large clients like Amazon.
• Speranza emphasizes the importance of verbal accountability and the ability to retrieve information from calls, particularly when unauthorized calls occur.
• Budget and cost are significant decision criteria for Speranza, as they are unsure if their company would be willing to pay for overlapping systems, and the decision might depend on available budget, potentially impacting hiring decisions.
• Speranza is looking to move to a software that works across all teams (Sales, AM, IM, Product), as they are currently using Chorus but dislike it.",False,"• The decision-making process involves the marketing department, specifically Justin, the VP of Marketing, and the sales organization, including Bill Tillman and Kayla Sterns.
• The budget for Vantera is currently under the marketing department, but they are trying to move it back to the sales organization.
• The decision timeline is driven by the ZoomInfo contract renewal, which is scheduled for September or early October. Speranza is considering starting with Vantera before the ZoomInfo contract ends to avoid paying for two systems.
• The decision-making process may be influenced by the ability to hire a new sales representative and the cost and available budget, especially given another unexpected expense from a system migration.
• The marketing department's procurement vendor may need to be involved in the decision-making process, but this is still unclear.",False,"• Dissatisfaction with the current CRM tool (Salesforce) due to it being ""not user friendly"" and difficult to understand.
• Frustration with the current call intelligence/data tool (Chorus) due to its complexity, lack of user engagement, and inability to effectively utilize the tool.
• Lack of expense integration in the travel tool causing significant issues for partners, leading to lost deals.
• Difficulty in accessing and recalling call records, especially for large customers, making it challenging to hold teams accountable.
• Considering moving from ZoomInfo to Vantera, but concerned about potential overlap with another system causing unexpected expenses.","• The Director of Sales, Ruben, has been involved in the partnership side of the business due to changes in their headcount.
• The VP of Sales, Bill, is focused on the partnership aspect of the business.
• The company is considering moving away from Chorus and using other tools like ZoomInfo's RingLead, Vantera, and Kiln.
• The budget for Chorus will be discussed with the VP of Sales, Bill Tillman, and the VP of Marketing, Justin, to potentially move the budget from the marketing side to the sales side.",False,"• Speranza is considering replacing Chorus with Vantera, as they believe Vantera can provide the intelligence and actionable steps that Chorus lacks.
• Speranza is also evaluating ZoomInfo's ringlead tool as a potential replacement for Chorus.
• Speranza's VP of Marketing, who manages the ZoomInfo contract, wants to understand how the budget for Chorus would be reallocated if they switch to Vantera.
• Speranza is looking to move the Chorus budget from the marketing side to the sales side, as Chorus is not being used by the entire team.
• Speranza is currently using Chorus, but they dislike it and want to move to a software that works across all teams.",False,"• Speranza's ZoomInfo contract is up for renewal in September/October, which is a key driver for evaluating new solutions.
• Speranza is currently undergoing a transition from ThoughtSpot to Tableau, which has created an unexpected, significant expense due to the need to run both systems concurrently for an estimated year-long integration period.
• ThoughtSpot refused to offer a month-to-month or six-month contract, forcing Speranza to absorb the full cost, which has impacted their budget and may influence their willingness to pay for overlapping systems.
• Speranza is open to starting with Vantera earlier than their ZoomInfo contract expiration if cost-effective, but this decision is contingent on available budget and potential trade-offs like hiring a sales rep.",False
DL-0101,ACC-059,2026-07-24,13,Cedar Technology 1.0,Cedar Technology,Business Services,Ian Lockwood,New Business,34000.0,Closed Lost,Omit,34000.0,0.0,,34000.0,0.0,,,,5/20 - DM: They are interested but won't be able to evaluate further until they cleanup their CRM a little more. Have a call scheduled on June 10th after they have been able to clean up their CRM instance,False,2026-05-28,2026-05-28T00:00:00.000Z,2026-04-08T18:17:34Z,,"5/21 IL
Audience:
- Engaged
- Reece Stone – VP, Primary Champion. Attended intro (4/10), demo (4/21), deep dive (4/24). Owns CRM hygiene + sales process maturity. ""If it's a tool that can help me fix my data hygiene problem at the same time as elevate my intelligence… then I'd be intrigued.""
- John – External GTM Advisor. Joined demo, strategic questions on reporting + exec use cases. Moderate supporter.

- Not Yet Engaged but Should Be
- CFO/EB – no budget conversation yet
- Sales Team – end users, adoption risk
- IT – LeadHub + Outlook integration

POV → Risks:
- #1 Tactical Risk = Rick wants to solve CRM cleanup before implementing Vantera. Must reframe Vantera as the solution to that problem, not what comes after.
- #1 Strategic Risk = EB, DC, DP all blank. No economic buyer, decision criteria, or timeline established. Deal can't advance without surfacing budget authority and starting an MSP.
Plan:
- By 5/28: Send one-pager showing Vantera solves the CRM hygiene problem directly. Ask Rick who owns budget and who else needs to be involved in a decision.
- By 6/4: Follow-up call to establish light MSP — criteria, timeline, IT integration path.",57,1.0,Red,,0.0,2.0,"ZoomInfo, Apollo, LeadHub",,,,,8000.0,0.0,Not identified yet,False,False,Reece Stone - EVP GTM,False,"• The ability to capture and sync contact information across different tools, such as Outlook and LeadHub, is a key decision criterion.
• Maintaining data accuracy and freshness through ongoing data maintenance is an important requirement in their decision-making process.",False,,False,"• The company's CRM usage is sporadic, leading to data cleanup exercises and a lack of data rigor.
• Contact records are almost non-existent in the CRM, with information residing in individual sellers' Outlook or iPhones, making it difficult for Vantera to be helpful.
• Data enrichment and cleaning up LeadHub is the company's top priority, as they struggle with inconsistent discipline in recording contacts and qualified opportunities.
• The company's CRM usage is described as ""immature,"" with a lack of muscle memory for entering contacts into LeadHub and low CRM adoption due to sellers' dislike of using CRM systems.
• The company is looking for an easier way to capture and sync contact information from Outlook to their CRM.",Reece Stone?,False,,False,,False
DL-0102,ACC-018,2026-07-24,13,SARELLA - Auto Renewal (15) - Shadow Opp,SARELLA,Retail,Harper Ramsey,Upsell,7400.0,Closed Lost,Omit,7400.0,0.0,,7400.0,0.0,,,,,False,2026-06-17,2026-07-31T00:00:00.000Z,2026-06-09T17:10:35Z,,,37,0.0,Red,5.0,5.0,0.0,No relevant data found.,No relevant data found.,Rep Productivity,Ramp Time,0.0,0.0,0.0,,False,False,,False,,False,,False,,,False,,False,,False
DL-0103,ACC-060,2026-07-24,13,VMG - SSO,VMG (Verified Media Group),Media & Entertainment,Cody Danforth,New Business,74000.0,Closed Lost,Omit,74000.0,0.0,,74000.0,0.0,,,,,False,2026-06-30,2026-06-30T00:00:00.000Z,2026-03-30T23:45:35Z,,,24,1.0,Red,,0.0,1.0,,,,,,0.0,0.0,,False,False,,False,,False,,False,,,False,,False,,False
DL-0104,ACC-061,2026-07-24,13,TRG 1.0,"TRG, Inc.",Software & Internet,Harper Ramsey,New Business,9800.0,Closed Lost,Omit,9800.0,,,9800.0,,,,,,False,2026-07-17,2026-07-17T00:00:00.000Z,2026-05-14T20:30:03Z,,,7,0.0,Red,,0.0,0.0,Anna,Anna - Engage,,,,0.0,0.0,,False,False,,False,,False,,False,,,False,,False,,False
DL-0105,ACC-062,2026-07-24,13,Esquire Deposition Solutions,TRG Reporting,Business Services,Cody Danforth,New Business,138000.0,Closed Lost,Omit,0.0,,,0.0,,,,,,False,2026-07-17,2026-07-17T00:00:00.000Z,2026-06-25T22:37:29Z,,,7,0.0,Red,,0.0,3.0,"Agentforce, SalesLoft, Apollo",Salesforce Agentforce - Engage,,,,0.0,0.0,,False,False,,False,,False,,False,,,False,,False,,False
DL-0106,ACC-063,2026-07-24,13,Tuned Management,Tuned Management,Business Services,Rowan Sinclair,New Business,50000.0,Closed Lost,Omit,0.0,,,0.0,,,,,,False,2026-07-23,2026-07-23T00:00:00.000Z,2026-06-30T21:36:24Z,,,1,0.0,Red,,0.0,1.0,,No relevant data found.,,,,0.0,0.0,,False,False,,False,,False,,False,,,False,,False,,False
DL-0107,ACC-063,2026-07-24,13,Tuned Management | Net New,Tuned Management,Business Services,Rowan Sinclair,New Business,40000.0,Closed Lost,Omit,,,,,,,,,,False,2026-07-24,2026-07-24T00:00:00.000Z,2026-07-23T19:00:03Z,,,0,0.0,Red,,0.0,1.0,,,,,,0.0,0.0,,False,False,,False,,False,,False,,,False,,False,,False
DL-0108,ACC-064,2026-07-24,13,Tavro - upsell 2.0,Tavro,Software & Internet,Harper Ramsey,Upsell,15000.0,Closed Lost,Omit,,,,,,,,,,False,2026-07-27,2026-07-27T00:00:00.000Z,2026-07-16T20:39:35Z,2026-09-20T20:00+03:00[Asia/Jerusalem],,0,0.0,Red,5.0,1.0,2.0,"LeadHub, ProspectFlow, Gemini",No relevant data found.,New Business,Rep Productivity,,0.0,0.0,,False,False,,False,,False,,False,,,False,,False,,False
DL-0109,ACC-065,2026-07-24,13,Therapy Spring 3.0 (SS),Therapy Spring,Education,Hugo Halvorsen,New Business,43000.0,Closed Lost,Omit,43000.0,0.0,,43000.0,0.0,,,,,False,2026-05-05,2026-05-05T00:00:00.000Z,2026-03-30T17:40:33Z,,"4/8 HH
Audience:
- Engaged =
- Preston Poole: President -- main contact, decision influencer, likely EB. Has awareness of Vantera but low familiarity (self-rated 3-4/10). Focused on getting the business to a place of operational calm so his sales team can execute.

- Not Yet Engaged but Should Be =
- VP of Sales + VP of Marketing: Phil flagged both as stakeholders he'd need to bring in before moving forward. Neither is looped in yet.

- Relationships (Friends of Vantera) =
- None yet

POV
- #1 Tactical Risk - Decision Criteria: No Bullhorn integration exists. Vantera Foundation value has to stand on its own before any custom CRM build-out conversation is credible. If Phil doesn't see clear standalone value, the integration gap becomes a dealbreaker.
- #1 Strategic Risk - Economic Buyer: Phil is likely the EB but has already signaled he needs VP of Sales and VP of Marketing aligned before committing. Stakeholder map is undefined and no exec sponsorship is confirmed.
Plan:
- Hugo to run a focused demo tomorrow (4/9) scoped to Vantera Foundation -- call recording, coaching, and visibility -- to establish value independent of CRM integration (addresses #1 Tactical Risk)
- Hugo to bring in CRM integration partner early, ideally on or before the 4/16-4/17 window, to give Phil a credible answer on what a Bullhorn build-out looks like (addresses #1 Tactical Risk)
- Hugo to align with Phil post-demo on how to position Vantera internally and who to loop in next -- targeting VP of Sales and VP of Marketing (addresses #1 Strategic Risk)",80,0.0,Red,,0.0,1.0,,,,,,0.0,0.0,"Missing: any quantified targets (revenue, pipeline, win rate, conversion rates), current rep activity baselines, specific coaching or productivity KPIs, headcount on the sales team

Growth & Revenue
- Currently dead flat on growth heading into 2026, attributed to ongoing tech disruption from the Bullhorn CRM rollout
- Philip acknowledged the company may end the year ""up a tick or two above flat"" but nothing material
- No revenue targets, pipeline goals, or success metrics were stated on this call
Rep Productivity & Visibility
- Philip has limited instrumentation right now -- basic call reports and activity data are not yet accessible due to an incomplete Bullhorn implementation
- Implementer estimated 12 to 36 months to reach full implementation; they are roughly one year in
- Sales VP is manually finding workarounds to get visibility in the absence of analytics
- Philip needs the sales team focused on outbound pursuit and lead conversion, not internal troubleshooting",False,False,"Missing: confirmed EB and budget owner, who signs contracts, procurement or approval process, budget availability for a tool like Vantera in FY26
- Preston Poole holds the title of President and took the role roughly 7 to 8 months ago; he is the senior stakeholder on this call and the most likely EB
- No explicit confirmation that Philip owns budget or signs contracts
- No other stakeholders were named or referenced in any approval capacity
- Philip mentioned wanting to loop in his VP of Sales and VP of Marketing before any strategic decision is made, suggesting the deal will require internal buy-in beyond him
- Need to confirm: does Philip own budget for a purchase like this, or does it route through finance or another approver?",False,"Missing: ranked or weighted criteria, must-have integrations list, any pricing sensitivity or budget range, formal requirements from VP of Sales or VP of Marketing (Still need to understand how Philip's VP of Sales and VP of Marketing will weigh in, and what criteria they'll bring to the table.)
- Core use cases Philip flagged from prior engagement as priorities: call coaching and training content, forecasting automation, automated follow-ups, and improving customer experience
- Philip wants technology that reduces disruption and lets the sales team focus on selling -- simplicity and low operational lift are clearly valued
- Bullhorn CRM integration is a known gap. Vantera does not have a standard Bullhorn integration. A partner-built custom integration is possible but will not be at full parity with Salesforce, LeadHub, or OrbitCRM integrations. Forecast and Engage modules specifically will be affected
- Core conversational intelligence and coaching functionality will work regardless of CRM integration status
- Philip expressed preference for a modular approach rather than all-or-nothing -- confirmed that Vantera is not a full-platform-or-nothing purchase
- Philip rated his familiarity with Vantera at a 3 or 4 out of 10 -- decision criteria are not yet fully formed and will likely evolve after the demo",False,"Missing: formal evaluation steps, who is involved beyond Philip, VP of Sales and VP of Marketing roles in the process, legal or security review requirements, any procurement process, target go-live date (Need clarity on what happens after the demo -- how does Philip frame this internally, who needs to sign off, and what does a ""yes"" actually look like here?)

Known Process
- Philip wants to do a demo call with Hugo first (scheduled for April 2, 2026 at 1pm ET) to get aligned on Vantera's value before looping in other stakeholders
- After the demo, Philip's plan is to sit down with his VP of Sales and VP of Marketing to walk through where he sees value and get them on board
- Philip suggested he would use a Vantera recording clip from the demo to share with the team proactively -- a positive signal for internal selling
- No formal RFP, security review, or legal step was mentioned",False,"Missing: quantified impact of any pain (hours lost, deals missed, revenue impact), downstream consequences of continued tech disruption, org-wide confirmation of sales team challenges beyond Philip's perspective

What
- Sales team is operationally distracted by ongoing tech issues stemming from the Bullhorn rollout and bolt-on integrations (EmployDrive, Timesheet Portal)
- Philip has almost no visibility into sales team activity -- no access to basic call reports or performance analytics
- Growth is dead flat heading into 2026; Philip directly tied this to the technology disruption
- Increasing competition for a shrinking pool of qualified therapist candidates in the school marketplace
Why
- Bullhorn migration created integration failures between systems; therapists were not getting paid, direct deposit issues surfaced, and sales team morale and focus took a hit
- More players in the staffing space combined with a shrinking candidate pool means Therapy Spring needs a more aggressive and structured outbound motion to compete
- Philip took over as President 7 to 8 months ago and is actively trying to stabilize operations and build toward a scalable go-to-market
How
- Sales VP is manually compensating for the lack of analytics by using other avenues for visibility
- Marketing is carrying a heavy inbound load while sales tries to stay afloat
- No structured outbound motion, no standardized sales playbook, and no call recording or review process currently in place","Missing: confirmation that Philip will actively sell internally, whether VP of Sales or VP of Marketing will advocate, Philip's personal win tied to a Vantera purchase, access to other stakeholders or EB
- Preston Poole (President) is the primary contact and initiated re-engagement with Vantera for 2026 planning -- Label: Coach trending toward Champion
- He has organizational authority as President
- He is self-directing the evaluation and has a stated strategic interest in solving the sales team's performance problem
- He has not yet given access to other stakeholders or confirmed he will advocate internally beyond his own interest
- His personal win is clear: stabilize the business, drive growth, and deliver results in his first full year as President -- Vantera solves a real problem he owns
- Risk: Philip still needs to get VP of Sales and VP of Marketing on board. If either pushes back, deal could stall. Single-threaded until the next call.",False,"Missing: full competitive landscape, whether any other vendors are being evaluated, Philip's awareness of or interest in competitive tools
- No competitors or alternative vendors were mentioned on this call
- Status quo is effectively no solution -- the team has no call recording, no coaching tool, and limited analytics
- Bullhorn's native capabilities are unknown but not referenced as a substitute for what Vantera would provide
- No known head-to-head competition at this stage, but this is an early-stage deal and the competitive picture has not been explored",False,"Missing: hard go-live deadline, fiscal year budget cycle details, consequence of not acting in 2026, whether there is any contract expiry or renewal forcing a decision
- Philip wants to get to ""a place of calm"" with technology before aggressively scaling the sales team -- Vantera is positioned as part of that stabilization, not a standalone investment
- Business is entering its busy season now through September/October -- getting the sales team fully enabled before or during this window has implied urgency
- Growth is flat; Philip needs to show results as a relatively new President -- there is personal urgency tied to 2026 performance
- No hard deadline, contract expiry, or fiscal forcing function was stated. Urgency is real but internally driven and not yet locked to a specific date.
- Urgency rating: Medium -- Philip is motivated, the problem is real, and he re-engaged proactively, but nothing is forcing a decision on a specific timeline",False
DL-0110,ACC-066,2026-07-24,13,VSoftware,VSoftware,Business Services,Ian Lockwood,New Business,22000.0,Closed Lost,Omit,22000.0,0.0,,22000.0,0.0,,,,,False,2026-06-08,2026-06-08T00:00:00.000Z,2026-03-11T16:23:20Z,,"6/2 IL
Audience:
- Engaged:
- Miles Baldwin (VP Business Development, UK) — only engaged stakeholder; champion but expressing doubt about company readiness for Vantera

- Not Yet Engaged:
- Victor (CEO) — economic buyer, critical to get aligned
- Kate (BDR Lead) — key use case owner, meeting was rescheduled and not yet held
- Gary (CMO) — not yet in the conversation

POV → Risks:
- #1 Tactical Risk: BDR lead meeting with Kate was rescheduled, delaying engagement with the most relevant use case owner — every week without her slows champion development and demo justification
- #1 Strategic Risk (MEDDICCC): Mark himself doesn't believe the company is ready for Vantera — no EB alignment, no decision process or criteria defined, and no CEO/CMO buy-in. Single-threaded deal with a skeptical champion is a high stall risk
Plan:
- Mark to connect with Kate and Victor ahead of a rescheduled meeting — target Monday; Ian to check in with Mark Tuesday morning to debrief and determine if a demo is warranted
- Use the Tuesday touch to assess whether CEO and CMO are showing any interest — if not, push Mark to facilitate introductions before momentum dies
- Build out the BDR use case (outbound motion, pipeline visibility) as the hook to get Kate engaged and create a compelling event tied to the US team expansion",46,1.0,Red,,0.0,1.0,"Fireflies, Apollo, LeadHub","Fireflies - Engage, Apollo - Engage, LeadHub - Engage",,,,0.0,4000.0,,False,False,,False,,False,,False,,,False,,False,,False
DL-0111,ACC-067,2026-07-24,13,VVista 4.0,VVista,Software & Internet,Cody Danforth,New Business,27500.0,Closed Lost,Omit,50000.0,,,50000.0,,,,,,False,2026-07-21,2026-07-21T00:00:00.000Z,2026-06-08T19:39:38Z,,,3,1.0,Red,,0.0,8.0,"Salesforce Engage, Salesloft, Firefly AI, Ascadona, Avoma, Donna","Salesforce - Engage, Avoma - Enable",,,0.0,0.0,0.0,TBD,False,False,"Omer, CRO",False,TBD,False,TBD,False,"What (The Pain / Challenge):
Improving the post sales hand off process.
Improve their ability to measure success of sales team
Flying blind post sales; Rick and team are unclear on the effectiveness of their post sales team
Needs to understands what customers are saying (Marketing and product use case)

Why (The Business Impact / Why It Matters):
Sellers do a good job running discovery around pain/challenges, but because nothing is recorded, the use case fizzles out by the time the next team is involved
TLDR: pre sales to post sales handoff drops the ball mapping back to the ideal outcome
Sales team is currently managed by revenue/units sold.
Rick recognizes that revenue is the lagging indicator
There are more ingredients to success than the outcome (revenue / units sold)
Post Sales: Rick and team don't know if the post sales is relationship selling or actually driving value. Has zero visibility into these conversations.
Doesn't have data to help prioritize feature requests, competitor mentions, etc.

How (Desired Future State / Success Criteria):
Word of mouth
CRM Notes
Not recording calls today",TBD,False,AskDonna and Pocket,False,TBD,False
DL-0112,ACC-068,2026-07-24,13,ValGenova 1.0 (SS),ValGenova,Software & Internet,Hugo Halvorsen,New Business,0.0,Closed Lost,Omit,0.0,0.0,,0.0,0.0,,,,,False,2026-05-26,2026-05-26T00:00:00.000Z,2026-04-17T18:37:46Z,,,59,0.0,Red,,0.0,1.0,,,,,,,,,False,False,,False,,False,,False,,,False,,False,,False
DL-0113,ACC-003,2026-07-24,13,Benchmark Bio - Stub Upsell,Benchmark Bio,Software & Internet,Hugo Halvorsen,Upsell,93750.0,Closed Won,Won,0.0,0.0,,0.0,0.0,,,,,False,2026-05-29,2026-05-29T00:00:00.000Z,2026-05-29T22:39:31Z,,,56,0.0,Red,8.0,16.0,7.0,"Forecastr, Chorus, Vivun, Demostack",,Forecast Accuracy,Rep Productivity,0.0,0.0,65400.0,"• Benchmark Bio wants to forecast incremental revenue bumps in multi-year deals based on periodic ARR increases, and create a new opportunity type to track these increases.
• Benchmark Bio is tracking which use cases and value propositions are being discussed, as well as win rates.
• Benchmark Bio is interested in using Vantera to identify the most important calls for leaders to review, create dashboards, and monitor how the team presents pricing.",False,False,• Arjun Verma is the key stakeholder who needs to provide feedback on the various Vantera use cases and deliverables. eeds to ensure the CRO (Chief Revenue Officer) approves the Vantera projections.,False,,False,,False,"• Benchmark Bio's leaders are stretched thin and need a way for Vantera to highlight the important calls for them to listen to, as they have a high volume of calls from their sales reps that they cannot manually review.
• Benchmark Bio's Manager of Startup Sales North America struggles with ""high volume inspection"" and would want Vantera to be specific about what to look for in their sales calls.
• Benchmark Bio uses Vantera to record their customer meetings, but they have difficulty identifying who is speaking when sharing their screen, as Vantera is unable to show the participants' videos in that scenario.",,False,,False,,False
DL-0114,ACC-005,2026-07-24,13,Kiln | July Seat adds,Kiln Labs Inc.,Software & Internet,Rowan Sinclair,Upsell,76500.0,Closed Won,Won,1700.0,0.0,,1700.0,0.0,,,,,False,2026-05-26,2026-05-26T00:00:00.000Z,2026-05-21T21:42:27Z,,,59,2.0,Red,6.0,16.0,12.0,,,New Business,,0.0,0.0,560.0,,False,False,,False,,False,,False,,,False,,False,,False
DL-0115,ACC-005,2026-07-24,13,Kiln Labs | June Seat adds,Kiln Labs Inc.,Software & Internet,Rowan Sinclair,Upsell,51000.0,Closed Won,Won,1700.0,0.0,,1700.0,0.0,,,,,False,2026-05-26,2026-05-26T00:00:00.000Z,2026-05-21T21:42:27Z,,,59,2.0,Red,6.0,16.0,12.0,,,New Business,,0.0,0.0,560.0,,False,False,,False,,False,,False,,,False,,False,,False
DL-0116,ACC-006,2026-07-24,13,Parcel Plus (DBA Bloomfield) - Renewal +,Parcel Plus (DBA Bloomfield),Software & Internet,Hugo Halvorsen,Upsell,35792.0,Closed Won,Won,148500.0,148500.0,,148500.0,148500.0,,128000.0,148500.0,"2/26: - Working through BR to position our value story - Bloomfield going through migration, there will technical risk 
 
 4/11 SD: - Meeting with CRO on Monday - objective: traini",False,2026-07-20,2026-07-20T00:00:00.000Z,2026-07-20T17:05:28Z,,"5/27 - CS - VE slides made. Working to set up EBR.

Working through Vantera instance migration, and upselling overage on seats.

4/9 CS - Setting up EBR with VE. Data migration signed, and in PS queue.

3/19 CS - Scheduling a EBR for the team, ROI will need to be strong here for the exec team to see value and renew. We are actively following up on the data migration process with Karen Pulkkinen. We need to refresh the expired order form for data migration and 6 Engage seats with Samira Hasib and Karen Pulkkinen.",4,3.0,Yellow,7.0,8.0,5.0,"Lumina, Salesforce, Zoom, Zendesk, In-house solutions","Salesforce - Engage, Zoom - Forecast Essentials & Enable Essentials",Retention & Expansion,New Business,0.0,0.0,31199.99,"• Parcel Plus (DBA Bloomfield) wants to increase the number of professional movers from 78 to 85, which is a 7% increase.
• Parcel Plus (DBA Bloomfield) is currently getting inaccurate win rates of 98, 9,900% and needs access to the actual real win rate.
• Vantera users managing about 40 deals generated about $500,000 more in revenue compared to other reps.
• Parcel Plus (DBA Bloomfield) is interested in adding trackers to the AI analysis, such as for competitor mentions and the count of elite questions.
• Parcel Plus (DBA Bloomfield) is interested in pulling Vantera call statistics into their metrics and dashboards and tying the data to opportunities.",False,False,"• The economic buyer for this deal is Lauren Fisher, the Senior Director of Business Systems at Parcel Plus (DBA Bloomfield).
• Lauren Fisher has the final say in signing off on the contract renewal with Vantera.
• Lauren Fisher is exploring other vendors that provide similar services to Vantera, such as Momentum and ProspectFlow, and the renewal conversation will depend on the details provided.
• Lauren Fisher stated that a 9% increase is not acceptable, and a 2-3% increase would be more in line with the direction from leadership.
• Lauren Fisher indicated that they want a simple and straightforward renewal process, as they are looking to cut costs.",False,"• Parcel Plus (DBA Bloomfield) is interested in understanding the key factors that led to lost deals, as well as the specific solutions that were proposed, to inform their decision-making.
• Parcel Plus (DBA Bloomfield) wants the ability to configure which Salesforce fields can be updated within the Vantera system, including both opportunity and account fields.
• Parcel Plus (DBA Bloomfield) needs robust user management capabilities, including automated user updates from Okta to Vantera for approximately 200 people.
• Parcel Plus (DBA Bloomfield) requires the Vantera recording and summary, with accurate call start/end times and rescheduling information, but does not need the Zoom invite link.
• Parcel Plus (DBA Bloomfield) wants to ensure a seamless data migration process, with a clear timeline and mutually agreed-upon hourly rate for professional services.",False,"• Parcel Plus (DBA Bloomfield) is waiting on their legal team to sign the deal room document, which is delaying the process.
• Parcel Plus (DBA Bloomfield) is targeting the end of February for the migration to Vantera, with the amendment signing expected in about two weeks.
• Parcel Plus (DBA Bloomfield) needs to understand the impact of Vantera and evaluate other tools before the contract expires in June.
• Parcel Plus (DBA Bloomfield) is exploring other vendors that provide similar capabilities to Vantera, and they are leaning towards a one-year renewal rather than a multi-year contract to have flexibility.
• Parcel Plus (DBA Bloomfield) is exploring the details of their Salesforce instances and how it will impact their decision to continue using Vantera or move to another vendor.",False,"• Parcel Plus (DBA Bloomfield) is experiencing issues with the Vantera scorecard functionality, such as retroactive application of scorecards and the inability to transfer notes to Salesforce
• Parcel Plus (DBA Bloomfield) is concerned about the integration between their two Salesforce instances and Vantera, as it will impact their decision to renew with Vantera or explore other vendors
• Samira is frustrated with the Vantera AI builder not working, as it does not provide any output, adjust titles, or allow her to assess the quality, making her job more difficult
• Parcel Plus (DBA Bloomfield) is facing challenges with the user migration process, including manually updating email addresses and creating users in the new Vantera instance to preserve data and collaborator access
• Parcel Plus (DBA Bloomfield) is concerned about the data migration process from Vantera to Vantera, as it was not seamless in the past, and they want to ensure a smooth transition this time","• Lauren Fisher, the Senior Director of Business Systems at Parcel Plus (DBA Bloomfield), is another potential champion who is interested in working with vendors that provide value and align with the company's direction.
• Parcel Plus (DBA Bloomfield) has two Salesforce instances, and the company is typically open to a 2-3% increase in vendor costs if the vendor is providing value and working with the company on the new organization.
• Samira Hasib, an Enablement Specialist II at Parcel Plus (DBA Bloomfield), is a key contact and potential champion for the Vantera solution.
• Parcel Plus (DBA Bloomfield) has requested that certain user accounts remain active in the ""New Bloomfield"" Vantera org.
• Parcel Plus (DBA Bloomfield) is aligning internally for the implementation team and will revisit a larger amendment to their contract in early November.",False,"• The renewal conversation with Vantera will depend on how Parcel Plus (Bloomfield) perceives the capabilities of the competing solutions.
• Parcel Plus (Bloomfield) is in the process of gathering information and details on the competing solutions to inform their decision-making.
• Parcel Plus (Bloomfield) is evaluating other vendors that provide similar capabilities to Vantera, such as Momentum, ProspectFlow, and Common Room.
• ProspectFlow and Vantera together seem to be a potential solution for Parcel Plus (Bloomfield).",False,"• The analysis of Vantera's stickiness and adoption with current reps, and how to increase adoption, will be crucial in January before the contract expires in June.
• The data migration needs to be completed by the end of February, with the sunsetting of the old Vantera instance expected to occur by the end of January or early February.
• There is a defined deadline for the data migration and sunsetting of the old Vantera instance, with the business owner being Samira, the Enablement Specialist II at Parcel Plus (DBA Bloomfield).
• Parcel Plus (DBA Bloomfield) is looking at other tools and wants to avoid sunsetting everything simultaneously.
• The ideal scenario is for the migration to be completed before the Salesforce legacy is turned off.",False
DL-0117,ACC-014,2026-07-24,13,DocVault - growth,DocVault,Software & Internet,Elena Whitaker,Upsell,31600.0,Closed Won,Won,31600.0,0.0,,31600.0,0.0,,,,,False,2026-05-12,2026-05-12T00:00:00.000Z,2026-05-11T15:28:34Z,,,73,0.0,Red,6.0,7.0,6.0,"Forecastr, Salesloft, Salesforce",Salesloft - Engage,New Business,Pipeline Generation,0.0,3000.0,3000.0,,False,False,,False,,False,,False,,,False,,False,,False
DL-0118,ACC-002,2026-07-24,13,Aldwin Q3 Growth,"Aldwin, Inc.",Software & Internet,Hugo Halvorsen,Upsell,24720.0,Closed Won,Won,,,,,,,,,,False,2026-07-22,2026-07-22T00:00:00.000Z,2026-07-16T19:20:10Z,2026-08-12T20:00+03:00[Asia/Jerusalem],,2,0.0,Yellow,6.0,8.0,2.0,No relevant data found.,No relevant data found.,Pipeline Generation,,0.0,0.0,0.0,,False,False,,False,,False,,False,,,False,,False,,False
DL-0119,ACC-005,2026-07-24,13,Kiln Labs Inc. - Vantera Upsell: Direct Purchase,Kiln Labs Inc.,Software & Internet,Rowan Sinclair,Upsell,11920.0,Closed Won,Won,1700.0,0.0,,1700.0,0.0,,,,,False,2026-05-26,2026-05-26T00:00:00.000Z,2026-05-21T21:42:27Z,,,59,2.0,Red,6.0,16.0,12.0,,,New Business,,0.0,0.0,560.0,,False,False,,False,,False,,False,,,False,,False,,False
DL-0120,ACC-007,2026-07-24,13,Pulse Social - Renewal (52) - upsell (11) part of renewal,Pulse Social,Software & Internet,Ian Lockwood,Upsell,11902.0,Closed Won,Won,1200.0,0.0,,1200.0,0.0,,,,,False,2026-06-15,2026-06-15T00:00:00.000Z,2026-06-12T12:54:46Z,,,39,2.0,Yellow,8.0,15.0,0.0,,,Forecast Accuracy,Rep Productivity,0.0,1200.0,0.0,,False,False,,False,,False,,False,,,False,,False,,False
DL-0121,ACC-002,2026-07-24,13,"Aldwin, Inc. - Vantera Upsell: Direct Purchase","Aldwin, Inc.",Software & Internet,Hugo Halvorsen,Upsell,11330.0,Closed Won,Won,,,,,,,,,,False,2026-07-22,2026-07-22T00:00:00.000Z,2026-07-16T19:20:10Z,2026-08-12T20:00+03:00[Asia/Jerusalem],,2,0.0,Yellow,6.0,8.0,2.0,No relevant data found.,No relevant data found.,Pipeline Generation,,0.0,0.0,0.0,,False,False,,False,,False,,False,,,False,,False,,False
DL-0122,ACC-008,2026-07-24,13,DraftSketch - Vantera Upsell: Direct Purchase,DraftSketch,Software & Internet,Harper Ramsey,Upsell,10880.0,Closed Won,Won,10880.0,0.0,,10880.0,0.0,,,,,False,2026-06-29,2026-06-29T00:00:00.000Z,2026-06-15T15:08:36Z,,,25,2.0,Red,0.0,2.0,4.0,No relevant data found.,No relevant data found.,,,0.0,0.0,0.0,,False,False,,False,,False,,False,,,False,,False,,False
DL-0123,ACC-001,2026-07-24,13,METIER - Renewal Upsell (8),METIER,Software & Internet,Hugo Halvorsen,Upsell,10880.0,Closed Won,Won,1359.99,0.0,,1359.99,0.0,,,,,False,2026-05-05,2026-05-05T00:00:00.000Z,2026-05-05T15:01:03Z,,,80,0.0,Red,2.0,4.0,2.0,,,New Business,,0.0,0.0,0.0,,False,False,,False,,False,,False,,,False,,False,,False
DL-0124,ACC-011,2026-07-24,13,FranBridge - Enable Upsell,FranBridge,Software & Internet,Hugo Halvorsen,Upsell,10560.0,Closed Won,Won,10560.0,0.0,,10560.0,0.0,,,,,False,2026-06-29,2026-06-30T00:00:00.000Z,2026-05-28T16:11:57Z,,"6/17 HH:
Demo getting pushed, details from Aaron in our text thread: ""It would need to be next week as I had to let go of one of my sales leaders today and it’s thrown things out of whack a little bit as a result. I don’t think there’s any way I’m gonna be able to get it signed this month but I can still try if we can meet at some point next week""",25,1.0,Yellow,8.0,4.0,4.0,"ProspectFlow, Agency",- Enable; ProspectFlow - Engage; Agency - Enable,Forecast Accuracy,New Business,0.0,0.0,0.0,,False,False,,False,,False,,False,,,False,,False,,False
DL-0125,ACC-005,2026-07-24,13,Kiln Labs Inc. - Vantera Upsell: Direct Purchase,Kiln Labs Inc.,Software & Internet,Rowan Sinclair,Upsell,8500.0,Closed Won,Won,1700.0,0.0,,1700.0,0.0,,,,,False,2026-05-26,2026-05-26T00:00:00.000Z,2026-05-21T21:42:27Z,,,59,2.0,Red,6.0,16.0,12.0,,,New Business,,0.0,0.0,560.0,,False,False,,False,,False,,False,,,False,,False,,False
DL-0126,ACC-005,2026-07-24,13,Kiln Labs Inc. - Vantera Upsell: Direct Purchase,Kiln Labs Inc.,Software & Internet,Rowan Sinclair,Upsell,8500.0,Closed Won,Won,1700.0,0.0,,1700.0,0.0,,,,,False,2026-05-26,2026-05-26T00:00:00.000Z,2026-05-21T21:42:27Z,,,59,2.0,Red,6.0,16.0,12.0,,,New Business,,0.0,0.0,560.0,,False,False,,False,,False,,False,,,False,,False,,False
DL-0127,ACC-005,2026-07-24,13,Kiln Labs Inc. - Vantera Upsell: Direct Purchase,Kiln Labs Inc.,Software & Internet,Rowan Sinclair,Upsell,8500.0,Closed Won,Won,1700.0,0.0,,1700.0,0.0,,,,,False,2026-05-26,2026-05-26T00:00:00.000Z,2026-05-21T21:42:27Z,,,59,2.0,Red,6.0,16.0,12.0,,,New Business,,0.0,0.0,560.0,,False,False,,False,,False,,False,,,False,,False,,False
DL-0128,ACC-018,2026-07-24,13,SARELLA - Auto Renewal (15) - upsell (8) part of renewal,SARELLA,Retail,Harper Ramsey,Upsell,7400.0,Closed Won,Won,7400.0,0.0,,7400.0,0.0,,,,,False,2026-06-17,2026-07-31T00:00:00.000Z,2026-06-17T21:49:23Z,,Has contract out for signature by EOW 6/19,37,0.0,Red,5.0,5.0,0.0,Smart Tracker,,Rep Productivity,Ramp Time,0.0,0.0,0.0,,False,False,,False,,False,,False,,,False,,False,,False
DL-0129,ACC-005,2026-07-24,13,Kiln Labs Inc. - Vantera Upsell: Direct Purchase,Kiln Labs Inc.,Software & Internet,Rowan Sinclair,Upsell,5700.0,Closed Won,Won,1700.0,0.0,,1700.0,0.0,,,,,False,2026-05-26,2026-05-26T00:00:00.000Z,2026-05-21T21:42:27Z,,,59,2.0,Red,6.0,16.0,12.0,,,New Business,,0.0,0.0,560.0,,False,False,,False,,False,,False,,,False,,False,,False
DL-0130,ACC-005,2026-07-24,13,Kiln Labs Inc. - Vantera Upsell: Direct Purchase,Kiln Labs Inc.,Software & Internet,Rowan Sinclair,Upsell,3920.0,Closed Won,Won,1700.0,0.0,,1700.0,0.0,,,,,False,2026-05-26,2026-05-26T00:00:00.000Z,2026-05-21T21:42:27Z,,,59,2.0,Red,6.0,16.0,12.0,,,New Business,,0.0,0.0,560.0,,False,False,,False,,False,,False,,,False,,False,,False
DL-0131,ACC-007,2026-07-24,13,Pulse Social - Forecast Essentials to Forecast SWAP,Pulse Social,Software & Internet,Ian Lockwood,Upsell,1800.0,Closed Won,Won,1200.0,0.0,,1200.0,0.0,,,,,False,2026-06-15,2026-06-15T00:00:00.000Z,2026-06-12T12:54:46Z,,,39,2.0,Yellow,8.0,15.0,0.0,,,Forecast Accuracy,Rep Productivity,0.0,1200.0,0.0,,False,False,,False,,False,,False,,,False,,False,,False
DL-0132,ACC-005,2026-07-24,13,Kiln Labs Inc. - Vantera Upsell: Direct Purchase,Kiln Labs Inc.,Software & Internet,Rowan Sinclair,Upsell,1700.0,Closed Won,Won,1700.0,0.0,,1700.0,0.0,,,,,False,2026-05-26,2026-05-26T00:00:00.000Z,2026-05-21T21:42:27Z,,,59,2.0,Red,6.0,16.0,12.0,,,New Business,,0.0,0.0,560.0,,False,False,,False,,False,,False,,,False,,False,,False
DL-0133,ACC-005,2026-07-24,13,Kiln Labs Inc. - Vantera Upsell: Direct Purchase,Kiln Labs Inc.,Software & Internet,Rowan Sinclair,Upsell,1700.0,Closed Won,Won,1700.0,0.0,,1700.0,0.0,,,,,False,2026-05-26,2026-05-26T00:00:00.000Z,2026-05-21T21:42:27Z,,,59,2.0,Red,6.0,16.0,12.0,,,New Business,,0.0,0.0,560.0,,False,False,,False,,False,,False,,,False,,False,,False
DL-0134,ACC-005,2026-07-24,13,Kiln Labs Inc. - Vantera Upsell: Direct Purchase,Kiln Labs Inc.,Software & Internet,Rowan Sinclair,Upsell,1700.0,Closed Won,Won,1700.0,0.0,,1700.0,0.0,,,,,False,2026-05-26,2026-05-26T00:00:00.000Z,2026-05-21T21:42:27Z,,,59,2.0,Red,6.0,16.0,12.0,,,New Business,,0.0,0.0,560.0,,False,False,,False,,False,,False,,,False,,False,,False
DL-0135,ACC-069,2026-07-24,13,Baitwell - seat add,Baitwell Inventory,Software & Internet,Hugo Halvorsen,Upsell,1680.0,Closed Won,Won,1359.99,0.0,,1359.99,0.0,,,,,False,2026-05-05,2026-05-05T00:00:00.000Z,2026-05-05T15:01:03Z,,,80,0.0,Red,2.0,4.0,2.0,,,New Business,,0.0,0.0,0.0,,False,False,,False,,False,,False,,,False,,False,,False
DL-0136,ACC-009,2026-07-24,13,ECM Corporate Services - Vantera Upsell: Direct Purchase,ECM Corporate Services,Business Services,Cody Danforth,Upsell,1600.0,Closed Won,Won,1600.0,0.0,,1600.0,0.0,,,,,False,2026-07-06,2026-07-06T00:00:00.000Z,2026-07-03T16:16:13Z,,,21,2.0,Red,8.0,1.0,3.0,,No relevant data found.,,,0.0,0.0,0.0,,False,False,,False,,False,,False,,,False,,False,,False
DL-0137,ACC-001,2026-07-24,13,METIER - 1 Seat Add,METIER,Software & Internet,Hugo Halvorsen,Upsell,1360.0,Closed Won,Won,1359.99,0.0,,1359.99,0.0,,,,,False,2026-05-05,2026-05-05T00:00:00.000Z,2026-05-05T15:01:03Z,,,80,0.0,Red,2.0,4.0,2.0,,,New Business,,0.0,0.0,0.0,,False,False,,False,,False,,False,,,False,,False,,False
DL-0138,ACC-017,2026-07-24,13,Nimbus.io - +1 Foundations,Nimbus.io,Software & Internet,Cody Danforth,Upsell,1360.0,Closed Won,Won,1360.0,0.0,,1360.0,0.0,,,,,False,2026-05-20,2026-05-26T00:00:00.000Z,2026-04-13T21:06:04Z,,,65,2.0,Yellow,1.0,1.0,1.0,,,,,0.0,0.0,0.0,,False,False,,False,,False,,False,,,False,,False,,False
DL-0139,ACC-001,2026-07-24,13,METIER - Seat Add (1),METIER,Software & Internet,Hugo Halvorsen,Upsell,1360.0,Closed Won,Won,1359.99,0.0,,1359.99,0.0,,,,,False,2026-05-05,2026-05-05T00:00:00.000Z,2026-05-05T15:01:03Z,,,80,0.0,Red,2.0,4.0,2.0,,,New Business,,0.0,0.0,0.0,,False,False,,False,,False,,False,,,False,,False,,False
DL-0140,ACC-016,2026-07-24,13,Rafter Inc. - Vantera Upsell: Direct Purchase,Rafter Inc.,Software & Internet,Hugo Halvorsen,Upsell,1280.0,Closed Won,Won,1280.0,0.0,,1280.0,0.0,,,,,False,2026-05-26,2026-05-26T00:00:00.000Z,2026-05-22T16:00:54Z,,,59,2.0,Green,1.0,12.0,3.0,,,Retention & Expansion,New Business,0.0,0.0,0.0,,False,False,,False,,False,,False,,,False,,False,,False
DL-0141,ACC-016,2026-07-24,13,Rafter Inc. - Vantera Upsell: Direct Purchase,Rafter Inc.,Software & Internet,Hugo Halvorsen,Upsell,1280.0,Closed Won,Won,1280.0,0.0,,1280.0,0.0,,,,,False,2026-05-26,2026-05-26T00:00:00.000Z,2026-05-22T16:00:54Z,,,59,2.0,Green,1.0,12.0,3.0,,,Retention & Expansion,New Business,0.0,0.0,0.0,,False,False,,False,,False,,False,,,False,,False,,False
DL-0142,ACC-007,2026-07-24,13,Pulse Social - Vantera Upsell: Direct Purchase,Pulse Social,Software & Internet,Ian Lockwood,Upsell,1200.0,Closed Won,Won,1200.0,0.0,,1200.0,0.0,,,,,False,2026-06-15,2026-06-15T00:00:00.000Z,2026-06-12T12:54:46Z,,,39,2.0,Yellow,8.0,15.0,0.0,,,Forecast Accuracy,Rep Productivity,0.0,1200.0,0.0,,False,False,,False,,False,,False,,,False,,False,,False
DL-0143,ACC-013,2026-07-24,13,LogHarbor - Vantera Upsell: Direct Purchase,LogHarbor,Software & Internet,Rowan Sinclair,Upsell,945.0,Closed Won,Won,945.0,0.0,,945.0,0.0,,,,,False,2026-06-05,2026-06-05T00:00:00.000Z,2026-06-04T15:57:53Z,,,49,2.0,Green,4.0,1.0,1.0,,,,,0.0,0.0,0.0,,False,False,,False,,False,,False,,,False,,False,,False
DL-0144,ACC-005,2026-07-24,13,Kiln Labs Inc. - Vantera Upsell: Direct Purchase,Kiln Labs Inc.,Software & Internet,Rowan Sinclair,Upsell,560.0,Closed Won,Won,1700.0,0.0,,1700.0,0.0,,,,,False,2026-05-26,2026-05-26T00:00:00.000Z,2026-05-21T21:42:27Z,,,59,2.0,Red,6.0,16.0,12.0,,,New Business,,0.0,0.0,560.0,,False,False,,False,,False,,False,,,False,,False,,False
DL-0145,ACC-005,2026-07-24,13,Kiln Labs Inc. - Vantera Upsell: Direct Purchase,Kiln Labs Inc.,Software & Internet,Rowan Sinclair,Upsell,560.0,Closed Won,Won,1700.0,0.0,,1700.0,0.0,,,,,False,2026-05-26,2026-05-26T00:00:00.000Z,2026-05-21T21:42:27Z,,,59,2.0,Red,6.0,16.0,12.0,,,New Business,,0.0,0.0,560.0,,False,False,,False,,False,,False,,,False,,False,,False
DL-0146,ACC-005,2026-07-24,13,Kiln Labs Inc. - Vantera Upsell: Direct Purchase,Kiln Labs Inc.,Software & Internet,Rowan Sinclair,Upsell,560.0,Closed Won,Won,1700.0,0.0,,1700.0,0.0,,,,,False,2026-05-26,2026-05-26T00:00:00.000Z,2026-05-21T21:42:27Z,,,59,2.0,Red,6.0,16.0,12.0,,,New Business,,0.0,0.0,560.0,,False,False,,False,,False,,False,,,False,,False,,False
DL-0147,ACC-005,2026-07-24,13,Kiln Labs Inc. - Vantera Upsell: Direct Purchase,Kiln Labs Inc.,Software & Internet,Rowan Sinclair,Upsell,560.0,Closed Won,Won,1700.0,0.0,,1700.0,0.0,,,,,False,2026-05-26,2026-05-26T00:00:00.000Z,2026-05-21T21:42:27Z,,,59,2.0,Red,6.0,16.0,12.0,,,New Business,,0.0,0.0,560.0,,False,False,,False,,False,,False,,,False,,False,,False
DL-0148,ACC-005,2026-07-24,13,Kiln Labs Inc. - Vantera Upsell: Direct Purchase,Kiln Labs Inc.,Software & Internet,Rowan Sinclair,Upsell,560.0,Closed Won,Won,1700.0,0.0,,1700.0,0.0,,,,,False,2026-05-26,2026-05-26T00:00:00.000Z,2026-05-21T21:42:27Z,,,59,2.0,Red,6.0,16.0,12.0,,,New Business,,0.0,0.0,560.0,,False,False,,False,,False,,False,,,False,,False,,False
DL-0149,ACC-005,2026-07-24,13,Kiln Labs Inc. - Vantera Upsell: Direct Purchase,Kiln Labs Inc.,Software & Internet,Rowan Sinclair,Upsell,560.0,Closed Won,Won,1700.0,0.0,,1700.0,0.0,,,,,False,2026-05-26,2026-05-26T00:00:00.000Z,2026-05-21T21:42:27Z,,,59,2.0,Red,6.0,16.0,12.0,,,New Business,,0.0,0.0,560.0,,False,False,,False,,False,,False,,,False,,False,,False
DL-0150,ACC-070,2026-07-24,13,Halcyon Freight - New Business,Halcyon Freight,Transportation,Harper Ramsey,New Business,18000.0,Discovery,Pipeline,,,,,,,,,,False,2026-07-31,2026-07-31T00:00:00.000Z,2026-06-29T10:12:44Z,,"7/21 HR - 2 calls held with the account to date; neither was recorded, so there is no transcript or email capture in the revenue-intelligence tool. No next meeting scheduled. Nothing further logged.",25,0.0,,,0.0,2.0,0.0,,,,0.0,0.0,0.0,,False,False,,False,,False,,False,,,False,,False,,False
