User Name,User Status,User Status Change Date,Is Team,Manager Name,Period,Period Fiscal Year,Period Type,Period Value,Week,Category,Value Type,Value,Notes,Update Date,Start Cadence,End Cadence,Submission Type
Ian Lockwood,Active,2026-01-23,FALSE,Maya Delgado,M7-FY2027,2027,MONTH,7,11,Forecast,Forecast,25000.0,"Headline: Calling 25K for July

Current July CW = $0
Gap to call = $25K
Pipe coverage to forecast: 1.24x

Logic:
Ferry Upsell
Couch Cushions

Upside:",2026-07-08T16:43:01,2026-07-03T06:00:00,2026-07-10T06:00:00,Standard Submission
Ian Lockwood,Active,2026-01-23,FALSE,Maya Delgado,M7-FY2027,2027,MONTH,7,12,Forecast,Forecast,25000.0,"Headline: Calling 25K for July

Current July CW = $0
Gap to call = $25K
Pipe coverage to forecast: 1.24x

Logic:
Ferry Upsell
Couch Cushions

Upside:",2026-07-15T18:40:42,2026-07-10T06:00:00,2026-07-17T06:00:00,Standard Submission
Ian Lockwood,Active,2026-01-23,FALSE,Maya Delgado,M7-FY2027,2027,MONTH,7,13,Forecast,Forecast,25000.0,"Headline: Calling 25K for July

Current July CW = $0
Gap to call = $25K
Pipe coverage to forecast: 1.24x

Logic:
Ferry Upsell
Couch Cushions

Upside:",2026-07-22T15:22:03,2026-07-17T06:00:00,2026-07-24T06:00:00,Standard Submission
Ian Lockwood,Active,2026-01-23,FALSE,Maya Delgado,M7-FY2027,2027,MONTH,7,11,Best Case,Forecast,55000.0,,2026-07-08T13:32:39,2026-07-03T06:00:00,2026-07-10T06:00:00,Standard Submission
Ian Lockwood,Active,2026-01-23,FALSE,Maya Delgado,M7-FY2027,2027,MONTH,7,12,Best Case,Forecast,55000.0,,2026-07-15T17:39:11,2026-07-10T06:00:00,2026-07-17T06:00:00,Standard Submission
Ian Lockwood,Active,2026-01-23,FALSE,Maya Delgado,M7-FY2027,2027,MONTH,7,13,Best Case,Forecast,51900.0,,2026-07-22T15:22:44,2026-07-17T06:00:00,2026-07-24T06:00:00,Standard Submission
Ian Lockwood,Active,2026-01-23,FALSE,Maya Delgado,M7-FY2027,2027,MONTH,7,11,New Logos Forecast (#),Forecast,0.0,,2026-07-08T15:09:08,2026-07-03T06:00:00,2026-07-10T06:00:00,Standard Submission
Ian Lockwood,Active,2026-01-23,FALSE,Maya Delgado,M7-FY2027,2027,MONTH,7,12,New Logos Forecast (#),Forecast,0.0,,2026-07-15T17:37:16,2026-07-10T06:00:00,2026-07-17T06:00:00,Standard Submission
Ian Lockwood,Active,2026-01-23,FALSE,Maya Delgado,M7-FY2027,2027,MONTH,7,13,New Logos Forecast (#),Forecast,1.0,,2026-07-22T15:23:03,2026-07-17T06:00:00,2026-07-24T06:00:00,Standard Submission
Ian Lockwood,Active,2026-01-23,FALSE,Maya Delgado,M5-FY2027,2027,MONTH,5,1,Forecast,Forecast,32000.0,,2026-04-29T18:34:33,2026-05-01T00:00:00,2026-05-01T06:00:00,Standard Submission
Ian Lockwood,Active,2026-01-23,FALSE,Maya Delgado,M5-FY2027,2027,MONTH,5,2,Forecast,Forecast,32000.0,"Headline: $32K call for May

Current Q CW = $13K
Gap to call = $20K
Pipe coverage to forecast: 0x

Logic:
- Early renewal for Pulse Social pulled in - no current Q deals slated to close in May. All later in Q.

Key deals impacting my call:
- None

Upside:
- ConstructPro || Enable
- Ledgerbase || Enable
- Spruce Technologies",2026-05-06T16:00:55,2026-05-01T06:00:00,2026-05-08T06:00:00,Standard Submission
Ian Lockwood,Active,2026-01-23,FALSE,Maya Delgado,M5-FY2027,2027,MONTH,5,3,Forecast,Forecast,32000.0,"Headline: Holding my $32K call for May

Current Q CW = $13K
Gap to call = $20K
Pipe coverage to forecast: 0x

Logic:
- Closed upsell to Pulse Social (13K)
- 20K gap is currently dependent on ConstructPro timeline and a source and close find.

Key deals impacting my call:
- Pulse Social

Upside:
- ConstructPro || Enable",2026-05-13T16:17:26,2026-05-08T06:00:00,2026-05-15T06:00:00,Standard Submission
Ian Lockwood,Active,2026-01-23,FALSE,Maya Delgado,M5-FY2027,2027,MONTH,5,4,Forecast,Forecast,13702.0,"Headline: Dropping my call by $20K for May

Current Q CW = $13K
Gap to call = $0K
Pipe coverage to forecast: 0x

Logic:
- Closed upsell to Pulse Social (13K)

Key deals impacting my call:
- Pulse Social

Upside:",2026-05-20T16:24:22,2026-05-15T06:00:00,2026-05-22T06:00:00,Standard Submission
Ian Lockwood,Active,2026-01-23,FALSE,Maya Delgado,M5-FY2027,2027,MONTH,5,5,Forecast,Forecast,13702.0,"Headline: Holding my call at $13,702

Current Q CW = $13K
Gap to call = $0K
Pipe coverage to forecast: 0x

Logic:
- Closed upsell to Pulse Social (13K)

Key deals impacting my call:
- Pulse Social

Upside:",2026-05-27T16:20:42,2026-05-22T06:00:00,2026-05-29T06:00:00,Standard Submission
Ian Lockwood,Active,2026-01-23,FALSE,Maya Delgado,M5-FY2027,2027,MONTH,5,1,Best Case,Forecast,40000.0,,2026-04-29T18:35:23,2026-05-01T00:00:00,2026-05-01T06:00:00,Standard Submission
Ian Lockwood,Active,2026-01-23,FALSE,Maya Delgado,M5-FY2027,2027,MONTH,5,2,Best Case,Forecast,40000.0,,2026-05-06T16:01:02,2026-05-01T06:00:00,2026-05-08T06:00:00,Standard Submission
Ian Lockwood,Active,2026-01-23,FALSE,Maya Delgado,M5-FY2027,2027,MONTH,5,3,Best Case,Forecast,40000.0,,2026-05-13T15:27:07,2026-05-08T06:00:00,2026-05-15T06:00:00,Standard Submission
Ian Lockwood,Active,2026-01-23,FALSE,Maya Delgado,M5-FY2027,2027,MONTH,5,4,Best Case,Forecast,31433.0,,2026-05-20T16:04:43,2026-05-15T06:00:00,2026-05-22T06:00:00,Standard Submission
Ian Lockwood,Active,2026-01-23,FALSE,Maya Delgado,M5-FY2027,2027,MONTH,5,5,Best Case,Forecast,13702.0,,2026-05-27T15:56:21,2026-05-22T06:00:00,2026-05-29T06:00:00,Standard Submission
Ian Lockwood,Active,2026-01-23,FALSE,Maya Delgado,M5-FY2027,2027,MONTH,5,1,New Logos Forecast (#),Forecast,1.0,,2026-04-29T18:34:59,2026-05-01T00:00:00,2026-05-01T06:00:00,Standard Submission
Ian Lockwood,Active,2026-01-23,FALSE,Maya Delgado,M5-FY2027,2027,MONTH,5,2,New Logos Forecast (#),Forecast,1.0,,2026-05-06T16:01:17,2026-05-01T06:00:00,2026-05-08T06:00:00,Standard Submission
Ian Lockwood,Active,2026-01-23,FALSE,Maya Delgado,M5-FY2027,2027,MONTH,5,3,New Logos Forecast (#),Forecast,1.0,,2026-05-13T15:27:39,2026-05-08T06:00:00,2026-05-15T06:00:00,Standard Submission
Ian Lockwood,Active,2026-01-23,FALSE,Maya Delgado,M5-FY2027,2027,MONTH,5,4,New Logos Forecast (#),Forecast,0.0,,2026-05-20T16:09:03,2026-05-15T06:00:00,2026-05-22T06:00:00,Standard Submission
Ian Lockwood,Active,2026-01-23,FALSE,Maya Delgado,M5-FY2027,2027,MONTH,5,5,New Logos Forecast (#),Forecast,0.0,,2026-05-27T15:57:38,2026-05-22T06:00:00,2026-05-29T06:00:00,Standard Submission
Ian Lockwood,Active,2026-01-23,FALSE,Maya Delgado,Q2-FY2027,2027,QUARTER,2,1,Forecast,Forecast,158000.0,,2026-04-29T18:32:05,2026-05-01T00:00:00,2026-05-01T06:00:00,Standard Submission
Ian Lockwood,Active,2026-01-23,FALSE,Maya Delgado,Q2-FY2027,2027,QUARTER,2,2,Forecast,Forecast,158000.0,"Headline: $158K call for Q2

Current Q CW = $13K
Gap to call = $145K
Pipe coverage to forecast: 0.7x

Logic:
- Early renewal for Pulse Social pulled in, all other deals showing good trajectory. Need next steps on the calendar sooner rather than later.

Key deals impacting my call:
- ConstructPro || Enable

Upside:
- Ledgerbase || Enable
- Spruce Technologies",2026-05-06T16:00:55,2026-05-01T06:00:00,2026-05-08T06:00:00,Standard Submission
Ian Lockwood,Active,2026-01-23,FALSE,Maya Delgado,Q2-FY2027,2027,QUARTER,2,3,Forecast,Forecast,158000.0,"Headline: Holding at $158K call for Q2

Current Q CW = $13,702
Gap to call = $145K
Pipe coverage to forecast: 0.7x

Logic:
- 3 deals in Q are currently forecasted at 100K.
- Needing to find another 50K in source and close before EOM to realistically close enough in Q2.
- Struggling to find SS pipe - but have some good meetings this week as a result of T3's wanting to meet through my SDR.

Key deals impacting my call:
- ConstructPro || Enable

Upside:",2026-05-13T16:17:26,2026-05-08T06:00:00,2026-05-15T06:00:00,Standard Submission
Ian Lockwood,Active,2026-01-23,FALSE,Maya Delgado,Q2-FY2027,2027,QUARTER,2,4,Forecast,Forecast,118000.0,"Headline: Dropping my call to 118K call for Q2

Current Q CW = $13,702
Gap to call = $105K
Pipe coverage to forecast: 1.4x

Logic:
- 5 deals in Q2 are currently forecasted at 159K - so I'm hedging.
- Ideally, I find more pipe that will close in Q2 - running out of time before the end of May.

Key deals impacting my call:
- Fluxor 42K
- Cedar Technology 34K
- Pro Duct 26K
- Ferry 20K (Upsell)

Upside:
- Ferry 44K (BDR Team Engage)",2026-05-20T16:24:22,2026-05-15T06:00:00,2026-05-22T06:00:00,Standard Submission
Ian Lockwood,Active,2026-01-23,FALSE,Maya Delgado,Q2-FY2027,2027,QUARTER,2,5,Forecast,Forecast,118000.0,"Headline: Holding my call at 118K for Q2

Current Q CW = $13,702
Gap to call = $105K
Pipe coverage to forecast: 1.4x

Logic:
- 13K currently closed
- 5 deals with potential to close in Q2 and are currently forecasted at 155K
- Last Q I had a 83% win rate, which would mean 128K of it will close.
- I'm being more conservative and banking on 100K of it closing.
- Ideally, I find more pipe that will close in Q2
Key deals impacting my call:
- Pulse Social 13K (Closed)
- Fluxor 42K
- Cedar Technology 34K
- Eyefinity 33K
- Pro Duct 26K
- VSoftware 22K
- Ferry ~20K (Renewal Delta)
Upside:
- Ferry 44K (BDR Team Engage + Foundation Seats)",2026-05-27T16:20:42,2026-05-22T06:00:00,2026-05-29T06:00:00,Standard Submission
Ian Lockwood,Active,2026-01-23,FALSE,Maya Delgado,Q2-FY2027,2027,QUARTER,2,6,Forecast,Forecast,118000.0,"Headline: Holding my call at 118K for Q2

Current Q CW = $13,702
Gap to call = $105K
Pipe coverage to forecast: 1.4x

Logic:
- 13K currently closed
- 4 deals with potential to close in Q2 and are currently forecasted at 100K
- Focus on Customer upsells
- Find more pipe that will close in Q2
Key deals impacting my call:
- Pulse Social 13K (Closed)
- Eyefinity 33K
- Pro Duct 26K
- VSoftware 22K
- Ferry ~20K (Renewal Delta)
Upside:
Ferry 44K (BDR Team Engage + Foundation Seats)
perpetual uptime? Start of Jul",2026-06-03T16:28:15,2026-05-29T06:00:00,2026-06-05T06:00:00,Standard Submission
Ian Lockwood,Active,2026-01-23,FALSE,Maya Delgado,Q2-FY2027,2027,QUARTER,2,7,Forecast,Forecast,118000.0,"Headline: Holding my call at 118K for Q2

Current Q CW = $13,702
Gap to call = $105K
Pipe coverage to forecast: 1.4x

Logic:
- 13K currently closed
- 4 deals with potential to close in Q2 and are currently forecasted at 100K
- Focus on Customer upsells
- Find more pipe that will close in Q2
Key deals impacting my call:
- Pulse Social 13K (Closed)
- Eyefinity 33K
- Pro Duct 26K
- VSoftware 22K
- Ferry ~20K (Renewal Delta)
Upside:
Ferry 44K (BDR Team Engage + Foundation Seats)
perpetual uptime? Start of Jul",2026-06-12T06:02:59,2026-06-05T06:00:00,2026-06-12T06:00:00,Missing Submission
Ian Lockwood,Active,2026-01-23,FALSE,Maya Delgado,Q2-FY2027,2027,QUARTER,2,8,Forecast,Forecast,118000.0,"Headline: Holding my call at 118K for Q2

Current Q CW = $13,702
Gap to call = $105K
Pipe coverage to forecast: 1.4x

Logic:
- 13K currently closed
- 4 deals with potential to close in Q2 and are currently forecasted at 100K
- Focus on Customer upsells
- Find more pipe that will close in Q2
Key deals impacting my call:
- Pulse Social 13K (Closed)
- Eyefinity 33K
- Pro Duct 26K
- VSoftware 22K
- Ferry ~20K (Renewal Delta)
Upside:
Ferry 44K (BDR Team Engage + Foundation Seats)
perpetual uptime? Start of Jul",2026-06-19T06:03:24,2026-06-12T06:00:00,2026-06-19T06:00:00,Missing Submission
Ian Lockwood,Active,2026-01-23,FALSE,Maya Delgado,Q2-FY2027,2027,QUARTER,2,9,Forecast,Forecast,118000.0,"Headline: Holding my call at 118K for Q2

Current Q CW = $13,702
Gap to call = $105K
Pipe coverage to forecast: 1.4x

Logic:
- 13K currently closed
- 4 deals with potential to close in Q2 and are currently forecasted at 100K
- Focus on Customer upsells
- Find more pipe that will close in Q2
Key deals impacting my call:
- Pulse Social 13K (Closed)
- Eyefinity 33K
- Pro Duct 26K
- VSoftware 22K
- Ferry ~20K (Renewal Delta)
Upside:
Ferry 44K (BDR Team Engage + Foundation Seats)
perpetual uptime? Start of Jul",2026-06-26T06:03:18,2026-06-19T06:00:00,2026-06-26T06:00:00,Missing Submission
Ian Lockwood,Active,2026-01-23,FALSE,Maya Delgado,Q2-FY2027,2027,QUARTER,2,10,Forecast,Forecast,118000.0,"Headline: Holding my call at 118K for Q2

Current Q CW = $13,702
Gap to call = $105K
Pipe coverage to forecast: 1.4x

Logic:
- 13K currently closed
- 4 deals with potential to close in Q2 and are currently forecasted at 100K
- Focus on Customer upsells
- Find more pipe that will close in Q2
Key deals impacting my call:
- Pulse Social 13K (Closed)
- Eyefinity 33K
- Pro Duct 26K
- VSoftware 22K
- Ferry ~20K (Renewal Delta)
Upside:
Ferry 44K (BDR Team Engage + Foundation Seats)
perpetual uptime? Start of Jul",2026-07-03T06:03:23,2026-06-26T06:00:00,2026-07-03T06:00:00,Missing Submission
Ian Lockwood,Active,2026-01-23,FALSE,Maya Delgado,Q2-FY2027,2027,QUARTER,2,11,Forecast,Forecast,40000.0,"Headline: Dropping my call to 40K for Q2

Current Q CW = $13,702
Gap to call = $27K
Pipe coverage to forecast: x

Logic:
- 13K currently closed
- Ferry Upsell to come in today/tomorrow
- Operation Couch Cushion in full effect
Key Deals impacting my call:
- Pulse Social 13K (Closed)
- Ferry 14K (Renewal Delta)
Upside:
- Eyefinity 31K
- Customer Seat Adds ~ 10K
- ConstructPro Seat Add 30-50K",2026-07-08T16:43:01,2026-07-03T06:00:00,2026-07-10T06:00:00,Standard Submission
Ian Lockwood,Active,2026-01-23,FALSE,Maya Delgado,Q2-FY2027,2027,QUARTER,2,12,Forecast,Forecast,25000.0,"Headline: Holding my call to 40K for Q2

Current Q CW = $13,702
Gap to call = $27K
Pipe coverage to forecast: x

Logic:
- 13K currently closed
- Ferry Upsell signed
- Find some Customer upsells
Key Deals impacting my call:
- Pulse Social 13K (Closed)
- Ferry 14K
Upside:
- Eyefinity 31K
- Customer Seat Adds ~ 10K
- ConstructPro Seat Add 30-50K",2026-07-15T18:40:42,2026-07-10T06:00:00,2026-07-17T06:00:00,Standard Submission
Ian Lockwood,Active,2026-01-23,FALSE,Maya Delgado,Q2-FY2027,2027,QUARTER,2,13,Forecast,Forecast,25000.0,"Headline: Holding my call to 25K for Q2

Current Q CW = $13,702
Gap to call = $10K
Pipe coverage to forecast: 5.14x

Logic:
- 13K currently closed
- Net new business deal with perpetual uptime progressing nicely
- Seats add with current customers
Key Deals impacting my call:
- Pulse Social 13K (Closed)
- perpetual uptime - 19K
- ToolsGroup - 5K
Upside:
- Eyefinity 31K
- ConstructPro 31K",2026-07-22T15:22:03,2026-07-17T06:00:00,2026-07-24T06:00:00,Standard Submission
Ian Lockwood,Active,2026-01-23,FALSE,Maya Delgado,Q2-FY2027,2027,QUARTER,2,1,Best Case,Forecast,197000.0,,2026-04-29T18:32:43,2026-05-01T00:00:00,2026-05-01T06:00:00,Standard Submission
Ian Lockwood,Active,2026-01-23,FALSE,Maya Delgado,Q2-FY2027,2027,QUARTER,2,2,Best Case,Forecast,197000.0,,2026-05-06T16:01:02,2026-05-01T06:00:00,2026-05-08T06:00:00,Standard Submission
Ian Lockwood,Active,2026-01-23,FALSE,Maya Delgado,Q2-FY2027,2027,QUARTER,2,3,Best Case,Forecast,197000.0,,2026-05-13T15:24:19,2026-05-08T06:00:00,2026-05-15T06:00:00,Standard Submission
Ian Lockwood,Active,2026-01-23,FALSE,Maya Delgado,Q2-FY2027,2027,QUARTER,2,4,Best Case,Forecast,174000.0,,2026-05-20T16:04:43,2026-05-15T06:00:00,2026-05-22T06:00:00,Standard Submission
Ian Lockwood,Active,2026-01-23,FALSE,Maya Delgado,Q2-FY2027,2027,QUARTER,2,5,Best Case,Forecast,168000.0,,2026-05-27T15:56:21,2026-05-22T06:00:00,2026-05-29T06:00:00,Standard Submission
Ian Lockwood,Active,2026-01-23,FALSE,Maya Delgado,Q2-FY2027,2027,QUARTER,2,6,Best Case,Forecast,168000.0,,2026-06-03T15:43:13,2026-05-29T06:00:00,2026-06-05T06:00:00,Standard Submission
Ian Lockwood,Active,2026-01-23,FALSE,Maya Delgado,Q2-FY2027,2027,QUARTER,2,7,Best Case,Forecast,168000.0,,2026-06-12T06:02:59,2026-06-05T06:00:00,2026-06-12T06:00:00,Missing Submission
Ian Lockwood,Active,2026-01-23,FALSE,Maya Delgado,Q2-FY2027,2027,QUARTER,2,8,Best Case,Forecast,168000.0,,2026-06-19T06:03:24,2026-06-12T06:00:00,2026-06-19T06:00:00,Missing Submission
Ian Lockwood,Active,2026-01-23,FALSE,Maya Delgado,Q2-FY2027,2027,QUARTER,2,9,Best Case,Forecast,168000.0,,2026-06-26T06:03:18,2026-06-19T06:00:00,2026-06-26T06:00:00,Missing Submission
Ian Lockwood,Active,2026-01-23,FALSE,Maya Delgado,Q2-FY2027,2027,QUARTER,2,10,Best Case,Forecast,168000.0,,2026-07-03T06:03:23,2026-06-26T06:00:00,2026-07-03T06:00:00,Missing Submission
Ian Lockwood,Active,2026-01-23,FALSE,Maya Delgado,Q2-FY2027,2027,QUARTER,2,11,Best Case,Forecast,70000.0,,2026-07-08T13:32:39,2026-07-03T06:00:00,2026-07-10T06:00:00,Standard Submission
Ian Lockwood,Active,2026-01-23,FALSE,Maya Delgado,Q2-FY2027,2027,QUARTER,2,12,Best Case,Forecast,70000.0,,2026-07-15T17:35:10,2026-07-10T06:00:00,2026-07-17T06:00:00,Standard Submission
Ian Lockwood,Active,2026-01-23,FALSE,Maya Delgado,Q2-FY2027,2027,QUARTER,2,13,Best Case,Forecast,70000.0,,2026-07-22T15:22:44,2026-07-17T06:00:00,2026-07-24T06:00:00,Standard Submission
Ian Lockwood,Active,2026-01-23,FALSE,Maya Delgado,Q2-FY2027,2027,QUARTER,2,1,New Logos Forecast (#),Forecast,2.0,,2026-04-29T18:33:08,2026-05-01T00:00:00,2026-05-01T06:00:00,Standard Submission
Ian Lockwood,Active,2026-01-23,FALSE,Maya Delgado,Q2-FY2027,2027,QUARTER,2,2,New Logos Forecast (#),Forecast,2.0,,2026-05-06T16:01:17,2026-05-01T06:00:00,2026-05-08T06:00:00,Standard Submission
Ian Lockwood,Active,2026-01-23,FALSE,Maya Delgado,Q2-FY2027,2027,QUARTER,2,3,New Logos Forecast (#),Forecast,2.0,,2026-05-13T15:24:38,2026-05-08T06:00:00,2026-05-15T06:00:00,Standard Submission
Ian Lockwood,Active,2026-01-23,FALSE,Maya Delgado,Q2-FY2027,2027,QUARTER,2,4,New Logos Forecast (#),Forecast,2.0,,2026-05-20T16:09:03,2026-05-15T06:00:00,2026-05-22T06:00:00,Standard Submission
Ian Lockwood,Active,2026-01-23,FALSE,Maya Delgado,Q2-FY2027,2027,QUARTER,2,5,New Logos Forecast (#),Forecast,3.0,,2026-05-27T15:57:38,2026-05-22T06:00:00,2026-05-29T06:00:00,Standard Submission
Ian Lockwood,Active,2026-01-23,FALSE,Maya Delgado,Q2-FY2027,2027,QUARTER,2,6,New Logos Forecast (#),Forecast,3.0,,2026-06-03T15:43:26,2026-05-29T06:00:00,2026-06-05T06:00:00,Standard Submission
Ian Lockwood,Active,2026-01-23,FALSE,Maya Delgado,Q2-FY2027,2027,QUARTER,2,7,New Logos Forecast (#),Forecast,3.0,,2026-06-12T06:02:59,2026-06-05T06:00:00,2026-06-12T06:00:00,Missing Submission
Ian Lockwood,Active,2026-01-23,FALSE,Maya Delgado,Q2-FY2027,2027,QUARTER,2,8,New Logos Forecast (#),Forecast,3.0,,2026-06-19T06:03:24,2026-06-12T06:00:00,2026-06-19T06:00:00,Missing Submission
Ian Lockwood,Active,2026-01-23,FALSE,Maya Delgado,Q2-FY2027,2027,QUARTER,2,9,New Logos Forecast (#),Forecast,3.0,,2026-06-26T06:03:18,2026-06-19T06:00:00,2026-06-26T06:00:00,Missing Submission
Ian Lockwood,Active,2026-01-23,FALSE,Maya Delgado,Q2-FY2027,2027,QUARTER,2,10,New Logos Forecast (#),Forecast,3.0,,2026-07-03T06:03:23,2026-06-26T06:00:00,2026-07-03T06:00:00,Missing Submission
Ian Lockwood,Active,2026-01-23,FALSE,Maya Delgado,Q2-FY2027,2027,QUARTER,2,11,New Logos Forecast (#),Forecast,1.0,,2026-07-08T15:03:51,2026-07-03T06:00:00,2026-07-10T06:00:00,Standard Submission
Ian Lockwood,Active,2026-01-23,FALSE,Maya Delgado,Q2-FY2027,2027,QUARTER,2,12,New Logos Forecast (#),Forecast,0.0,,2026-07-15T17:37:16,2026-07-10T06:00:00,2026-07-17T06:00:00,Standard Submission
Ian Lockwood,Active,2026-01-23,FALSE,Maya Delgado,Q2-FY2027,2027,QUARTER,2,13,New Logos Forecast (#),Forecast,1.0,,2026-07-22T15:23:03,2026-07-17T06:00:00,2026-07-24T06:00:00,Standard Submission
Ian Lockwood,Active,2026-01-23,FALSE,Maya Delgado,M6-FY2027,2027,MONTH,6,6,Forecast,Forecast,31000.0,"Headline: Calling at $31,000

Current M CW = $0K
Gap to call = $31K
Pipe coverage to forecast: 0x

Logic:
- Closed upsell to Pulse Social (13K)

Key deals impacting my call:
- Eyefinity

Upside:",2026-06-03T16:28:15,2026-05-29T06:00:00,2026-06-05T06:00:00,Standard Submission
Ian Lockwood,Active,2026-01-23,FALSE,Maya Delgado,M6-FY2027,2027,MONTH,6,7,Forecast,Forecast,31000.0,"Headline: Calling at $31,000

Current M CW = $0K
Gap to call = $31K
Pipe coverage to forecast: 0x

Logic:
- Closed upsell to Pulse Social (13K)

Key deals impacting my call:
- Eyefinity

Upside:",2026-06-12T06:02:59,2026-06-05T06:00:00,2026-06-12T06:00:00,Missing Submission
Ian Lockwood,Active,2026-01-23,FALSE,Maya Delgado,M6-FY2027,2027,MONTH,6,8,Forecast,Forecast,31000.0,"Headline: Calling at $31,000

Current M CW = $0K
Gap to call = $31K
Pipe coverage to forecast: 0x

Logic:
- Closed upsell to Pulse Social (13K)

Key deals impacting my call:
- Eyefinity

Upside:",2026-06-19T06:03:24,2026-06-12T06:00:00,2026-06-19T06:00:00,Missing Submission
Ian Lockwood,Active,2026-01-23,FALSE,Maya Delgado,M6-FY2027,2027,MONTH,6,9,Forecast,Forecast,31000.0,"Headline: Calling at $31,000

Current M CW = $0K
Gap to call = $31K
Pipe coverage to forecast: 0x

Logic:
- Closed upsell to Pulse Social (13K)

Key deals impacting my call:
- Eyefinity

Upside:",2026-06-26T06:03:18,2026-06-19T06:00:00,2026-06-26T06:00:00,Missing Submission
Ian Lockwood,Active,2026-01-23,FALSE,Maya Delgado,M6-FY2027,2027,MONTH,6,6,Best Case,Forecast,60000.0,,2026-06-03T15:44:35,2026-05-29T06:00:00,2026-06-05T06:00:00,Standard Submission
Ian Lockwood,Active,2026-01-23,FALSE,Maya Delgado,M6-FY2027,2027,MONTH,6,7,Best Case,Forecast,60000.0,,2026-06-12T06:02:59,2026-06-05T06:00:00,2026-06-12T06:00:00,Missing Submission
Ian Lockwood,Active,2026-01-23,FALSE,Maya Delgado,M6-FY2027,2027,MONTH,6,8,Best Case,Forecast,60000.0,,2026-06-19T06:03:24,2026-06-12T06:00:00,2026-06-19T06:00:00,Missing Submission
Ian Lockwood,Active,2026-01-23,FALSE,Maya Delgado,M6-FY2027,2027,MONTH,6,9,Best Case,Forecast,60000.0,,2026-06-26T06:03:18,2026-06-19T06:00:00,2026-06-26T06:00:00,Missing Submission
Ian Lockwood,Active,2026-01-23,FALSE,Maya Delgado,M6-FY2027,2027,MONTH,6,6,New Logos Forecast (#),Forecast,1.0,,2026-06-03T15:44:48,2026-05-29T06:00:00,2026-06-05T06:00:00,Standard Submission
Ian Lockwood,Active,2026-01-23,FALSE,Maya Delgado,M6-FY2027,2027,MONTH,6,7,New Logos Forecast (#),Forecast,1.0,,2026-06-12T06:02:59,2026-06-05T06:00:00,2026-06-12T06:00:00,Missing Submission
Ian Lockwood,Active,2026-01-23,FALSE,Maya Delgado,M6-FY2027,2027,MONTH,6,8,New Logos Forecast (#),Forecast,1.0,,2026-06-19T06:03:24,2026-06-12T06:00:00,2026-06-19T06:00:00,Missing Submission
Ian Lockwood,Active,2026-01-23,FALSE,Maya Delgado,M6-FY2027,2027,MONTH,6,9,New Logos Forecast (#),Forecast,1.0,,2026-06-26T06:03:18,2026-06-19T06:00:00,2026-06-26T06:00:00,Missing Submission
Maya Delgado,Active,2026-03-31,TRUE,Amanda Hollis,M7-FY2027,2027,MONTH,7,7,Forecast,Forecast,620468.0,"DM 6/5

Headline - Calling $620,468 As this is what is left over to my Quarter call assuming I hit my June call. We have deals to get us there

Pipe Coverage to Forecast - 2.62X
Team Rollup - $340,000 (My new reps didn't do July call. I didn't ask them to do it because I didn't know this was something required)
Vantera AI Call - $501,200
Commentary -
the following deals are our large deals that are feeling pretty good
- Rithum $300,000 (Hedged from $420K) - Demo with VP of Rev Ops and Lee Tenant is on June 22nd. Self Proclaimed Champion is traveling internationally for next few weeks
- Identity Digital $82,000 - Got positive feedback from Mariah (Sr. Director of Global Channel Sales) but still need another meeting to hit harder on difference between Vantera and LeadHub. Will need to Loop Mark (VP of BD) back in after that
- US HealthConnect $125k - Demo with EVP of Operation next week and using that meeting to get in front of sales leadership
- OnVertex $50K (Hedged but could be over $100k) - they said they can't go in Q2 but they were referring to their Q2. Still a lot of work to be done, but a chance to get their timeline to work for end of July
- Kiln - Unpredictable how much will come from them but they consistently are adding about 8-10 licenses a week.
- Smart Financial - $240k - Rock deal but has some real potential just really early stages
- Create & Close - $150K

Commit:
- N/A
Best Case:
- Rithum $300,000 (Hedged from $420K)
- US HealthConnect $125,000
- Identity Digital $82,000
- OnVertex $55,000 (hedged - could be around $100k)",2026-06-11T18:49:13,2026-06-05T06:00:00,2026-06-12T06:00:00,Standard Submission
Maya Delgado,Active,2026-03-31,TRUE,Amanda Hollis,M7-FY2027,2027,MONTH,7,8,Forecast,Forecast,620468.0,"DM 6/5

Headline - Calling $620,468 As this is what is left over to my Quarter call assuming I hit my June call. We have deals to get us there

Pipe Coverage to Forecast - 2.62X
Team Rollup - $340,000 (My new reps didn't do July call. I didn't ask them to do it because I didn't know this was something required)
Vantera AI Call - $501,200
Commentary -
the following deals are our large deals that are feeling pretty good
- Rithum $300,000 (Hedged from $420K) - Demo with VP of Rev Ops and Lee Tenant is on June 22nd. Self Proclaimed Champion is traveling internationally for next few weeks
- Identity Digital $82,000 - Got positive feedback from Mariah (Sr. Director of Global Channel Sales) but still need another meeting to hit harder on difference between Vantera and LeadHub. Will need to Loop Mark (VP of BD) back in after that
- US HealthConnect $125k - Demo with EVP of Operation next week and using that meeting to get in front of sales leadership
- OnVertex $50K (Hedged but could be over $100k) - they said they can't go in Q2 but they were referring to their Q2. Still a lot of work to be done, but a chance to get their timeline to work for end of July
- Kiln - Unpredictable how much will come from them but they consistently are adding about 8-10 licenses a week.
- Smart Financial - $240k - Rock deal but has some real potential just really early stages
- Create & Close - $150K

Commit:
- N/A

Best Case:
- Rithum $300,000 (Hedged from $420K)
- US HealthConnect $125,000
- Identity Digital $82,000
- OnVertex $55,000 (hedged - could be around $100k)",2026-06-18T15:16:05,2026-06-12T06:00:00,2026-06-19T06:00:00,Standard Submission
Maya Delgado,Active,2026-03-31,TRUE,Amanda Hollis,M7-FY2027,2027,MONTH,7,9,Forecast,Forecast,620468.0,"DM 6/5

Headline - Calling $620,468 As this is what is left over to my Quarter call assuming I hit my June call. We have deals to get us there

Pipe Coverage to Forecast - 2.62X
Team Rollup - $340,000 (My new reps didn't do July call. I didn't ask them to do it because I didn't know this was something required)
Vantera AI Call - $501,200
Commentary -
the following deals are our large deals that are feeling pretty good
- Rithum $300,000 (Hedged from $420K) - Demo with VP of Rev Ops and Lee Tenant is on June 22nd. Self Proclaimed Champion is traveling internationally for next few weeks
- Identity Digital $82,000 - Got positive feedback from Mariah (Sr. Director of Global Channel Sales) but still need another meeting to hit harder on difference between Vantera and LeadHub. Will need to Loop Mark (VP of BD) back in after that
- US HealthConnect $125k - Demo with EVP of Operation next week and using that meeting to get in front of sales leadership
- OnVertex $50K (Hedged but could be over $100k) - they said they can't go in Q2 but they were referring to their Q2. Still a lot of work to be done, but a chance to get their timeline to work for end of July
- Kiln - Unpredictable how much will come from them but they consistently are adding about 8-10 licenses a week.
- Smart Financial - $240k - Rock deal but has some real potential just really early stages
- Create & Close - $150K

Commit:
- N/A

Best Case:
- Rithum $300,000 (Hedged from $420K)
- US HealthConnect $125,000
- Identity Digital $82,000
- OnVertex $55,000 (hedged - could be around $100k)",2026-06-25T16:01:37,2026-06-19T06:00:00,2026-06-26T06:00:00,Standard Submission
Maya Delgado,Active,2026-03-31,TRUE,Amanda Hollis,M7-FY2027,2027,MONTH,7,10,Forecast,Forecast,500000.0,"DM 7/1

Headline - Dropping call to $500,000 as we were able to pull some deals forward in June but also there have been deals like Rithum that have pushed out of quarter (at least for the time being)

Pipe Coverage to Forecast - 2.48X
Team Rollup - $511,000
Vantera AI Call - $540,100
Commentary -
Logic:
- We would need either PathPoint or Smart Financial to close to get to this number
- ~$200k is in Discovery or Inquiry
- Create and Close $100k

Key Deals
- US Health Connect - $125k
- Ferry Renewal - $14,500
- DocVault (Upsell) - $36,900
- Built Technologies upsell - $4,800
- Kiln - Predicting another $50 in seat adds this quarter

Upside
- PathPoint - $125k
- Concourse Technologies - $77k
- Smart Financial - $200k (hedged)
- DocVault (Data Cloud) - $10,000
- ECM Corporate Services - $12,100",2026-07-01T18:32:02,2026-06-26T06:00:00,2026-07-03T06:00:00,Standard Submission
Maya Delgado,Active,2026-03-31,TRUE,Amanda Hollis,M7-FY2027,2027,MONTH,7,11,Forecast,Forecast,400000.0,"DM 7/9

Headline - Dropping call to $400K because US HealthConnect won't happen in July

Pipe Coverage to Forecast - 2.48X
Team Rollup - $521,000
Vantera AI Call - $440,600
Commentary -
Logic:
- Kiln has been adding roughly $50k a month in growth and based off their continued growth plans, we feel confident that another $50k at least will come from them
- Smart Financial both will be entering a POC this month to work towards EOM signature. I believe we can get either Books are Fun and/or PathPoint this quarter. - Calling $200k between these three deals
- Bloomfield has to do their renewal in July as they were supposed to in June but we gave an extension to figure out the increase amount and for them to get approval. This is looking to be a $50k Upsell
- I believe we can get an additional $35k - $40k from Operation couch cushion, Create and Close, upside deals, and through a few early stage upsells.

Key Deals
- Ferry Renewal - $14,500
- DocVault - $36,900
- Built Technologies - $4,800
- Kiln - Predicting another $50k from them because they consistently are adding about 5-10 licenses a week (Just added 30 licenses last week)
- Books are Fun (Common Goods) - $80k
- Pre-Pass - $125,500
- Smart Financial - $200k (Hedged)
- Bloomfield - $50k
Upside
- Concourse Technologies - $77k
- DocVault (Data Cloud) - $10K
- ECM Corporate Services - $12,100
- Rithum - $200k (Hedged)",2026-07-09T19:10:56,2026-07-03T06:00:00,2026-07-10T06:00:00,Standard Submission
Maya Delgado,Active,2026-03-31,TRUE,Amanda Hollis,M7-FY2027,2027,MONTH,7,12,Forecast,Forecast,200000.0,"DM 7/16
Headline - Dropping call to $200K because of multiple deals pushing out or drop in size
Pipe Coverage to Forecast - 2.48X
Team Rollup - $476,000
Vantera AI Call - $223,000
Commentary -
Logic:
- Kiln has been adding roughly $50k a month in growth and based off their continued growth plans, we feel confident that another $30k at least will come from them
- PathPoint - calling $60k because Brendan said he could agree to us matching OR and possibly find another $25k. these three deals
- Bloomfield has to do their renewal in July as they were supposed to in June but we gave an extension to figure out the increase amount and for them to get approval. This is looking to be a $35k Upsell
- I believe we can get an additional $35k - $40k from Operation couch cushion, Create and Close, upside deals, and through a few early stage upsells.
- DocVault had to drop their usage for Enable down because of glitches in the POC process. Should sign for about 20 seats at $6,000 and also should be adding Data Connector for another $10k
- Vidora - Ramping out seats which will be a minimum of $27k and then will likely be adding Forecast seats and we will give them 3 free admin seats if they do. Hedging this at $30k until our conversation with them on Monday. They know this deal is contingent on EOM.
- Beacon Ridge Group should close by end of next week at $30k. It might have to be split with Enterprise so I am hedging at $15k
- I think we could get $10K-$20K from Operation Coach Cushion
Key Deals
- DocVault - $16,000
- Kiln - Predicting another $30k from them because they consistently are adding about 5-10 licenses a week (Just added 30 licenses last month)
- Pre-Pass - $60,000
- Vidora - $30k
- Bloomfield - $35k
- Beacon Ridge Group - $15k (hedged)
Upside
- Common Goods (Books are Fun) - $60k
- Lantern Risk (Enable Upsell) - $36k
- Tidewater Inventory - $27k",2026-07-16T19:46:58,2026-07-10T06:00:00,2026-07-17T06:00:00,Standard Submission
Maya Delgado,Active,2026-03-31,TRUE,Amanda Hollis,M7-FY2027,2027,MONTH,7,13,Forecast,Forecast,200000.0,"DM 7/16
Headline - Dropping call to $200K because of multiple deals pushing out or drop in size
Pipe Coverage to Forecast - 2.48X
Team Rollup - $476,000
Vantera AI Call - $223,000
Commentary -
Logic:
- Kiln has been adding roughly $50k a month in growth and based off their continued growth plans, we feel confident that another $30k at least will come from them
- PathPoint - calling $60k because Brendan said he could agree to us matching OR and possibly find another $25k. these three deals
- Bloomfield has to do their renewal in July as they were supposed to in June but we gave an extension to figure out the increase amount and for them to get approval. This is looking to be a $35k Upsell
- I believe we can get an additional $35k - $40k from Operation couch cushion, Create and Close, upside deals, and through a few early stage upsells.
- DocVault had to drop their usage for Enable down because of glitches in the POC process. Should sign for about 20 seats at $6,000 and also should be adding Data Connector for another $10k
- Vidora - Ramping out seats which will be a minimum of $27k and then will likely be adding Forecast seats and we will give them 3 free admin seats if they do. Hedging this at $30k until our conversation with them on Monday. They know this deal is contingent on EOM.
- Beacon Ridge Group should close by end of next week at $30k. It might have to be split with Enterprise so I am hedging at $15k
- I think we could get $10K-$20K from Operation Coach Cushion
Key Deals
- DocVault - $16,000
- Kiln - Predicting another $30k from them because they consistently are adding about 5-10 licenses a week (Just added 30 licenses last month)
- Pre-Pass - $60,000
- Vidora - $30k
- Bloomfield - $35k
- Beacon Ridge Group - $15k (hedged)
Upside
- Common Goods (Books are Fun) - $60k
- Lantern Risk (Enable Upsell) - $36k
- Tidewater Inventory - $27k",2026-07-24T06:03:06,2026-07-17T06:00:00,2026-07-24T06:00:00,Missing Submission
Maya Delgado,Active,2026-03-31,TRUE,Amanda Hollis,M7-FY2027,2027,MONTH,7,7,Best Case,Forecast,800000.0,,2026-06-11T18:49:22,2026-06-05T06:00:00,2026-06-12T06:00:00,Standard Submission
Maya Delgado,Active,2026-03-31,TRUE,Amanda Hollis,M7-FY2027,2027,MONTH,7,8,Best Case,Forecast,800000.0,,2026-06-18T15:18:00,2026-06-12T06:00:00,2026-06-19T06:00:00,Standard Submission
Maya Delgado,Active,2026-03-31,TRUE,Amanda Hollis,M7-FY2027,2027,MONTH,7,9,Best Case,Forecast,800000.0,,2026-06-25T16:01:52,2026-06-19T06:00:00,2026-06-26T06:00:00,Standard Submission
Maya Delgado,Active,2026-03-31,TRUE,Amanda Hollis,M7-FY2027,2027,MONTH,7,10,Best Case,Forecast,800000.0,,2026-07-01T18:19:36,2026-06-26T06:00:00,2026-07-03T06:00:00,Standard Submission
Maya Delgado,Active,2026-03-31,TRUE,Amanda Hollis,M7-FY2027,2027,MONTH,7,11,Best Case,Forecast,800000.0,,2026-07-09T15:04:22,2026-07-03T06:00:00,2026-07-10T06:00:00,Standard Submission
Maya Delgado,Active,2026-03-31,TRUE,Amanda Hollis,M7-FY2027,2027,MONTH,7,12,Best Case,Forecast,350000.0,,2026-07-16T19:47:11,2026-07-10T06:00:00,2026-07-17T06:00:00,Standard Submission
Maya Delgado,Active,2026-03-31,TRUE,Amanda Hollis,M7-FY2027,2027,MONTH,7,13,Best Case,Forecast,350000.0,,2026-07-24T06:03:06,2026-07-17T06:00:00,2026-07-24T06:00:00,Missing Submission
Maya Delgado,Active,2026-03-31,TRUE,Amanda Hollis,M7-FY2027,2027,MONTH,7,7,New Logos Forecast (#),Forecast,5.0,,2026-06-11T18:49:59,2026-06-05T06:00:00,2026-06-12T06:00:00,Standard Submission
Maya Delgado,Active,2026-03-31,TRUE,Amanda Hollis,M7-FY2027,2027,MONTH,7,8,New Logos Forecast (#),Forecast,5.0,,2026-06-18T15:18:58,2026-06-12T06:00:00,2026-06-19T06:00:00,Standard Submission
Maya Delgado,Active,2026-03-31,TRUE,Amanda Hollis,M7-FY2027,2027,MONTH,7,9,New Logos Forecast (#),Forecast,5.0,,2026-06-25T12:47:08,2026-06-19T06:00:00,2026-06-26T06:00:00,Standard Submission
Maya Delgado,Active,2026-03-31,TRUE,Amanda Hollis,M7-FY2027,2027,MONTH,7,10,New Logos Forecast (#),Forecast,5.0,,2026-07-01T18:20:30,2026-06-26T06:00:00,2026-07-03T06:00:00,Standard Submission
Maya Delgado,Active,2026-03-31,TRUE,Amanda Hollis,M7-FY2027,2027,MONTH,7,11,New Logos Forecast (#),Forecast,2.0,,2026-07-09T15:04:33,2026-07-03T06:00:00,2026-07-10T06:00:00,Standard Submission
Maya Delgado,Active,2026-03-31,TRUE,Amanda Hollis,M7-FY2027,2027,MONTH,7,12,New Logos Forecast (#),Forecast,2.0,,2026-07-16T19:38:59,2026-07-10T06:00:00,2026-07-17T06:00:00,Standard Submission
Maya Delgado,Active,2026-03-31,TRUE,Amanda Hollis,M7-FY2027,2027,MONTH,7,13,New Logos Forecast (#),Forecast,2.0,,2026-07-24T06:03:06,2026-07-17T06:00:00,2026-07-24T06:00:00,Missing Submission
Maya Delgado,Active,2026-03-31,TRUE,Amanda Hollis,M5-FY2027,2027,MONTH,5,1,Forecast,Forecast,100000.0,"DM 4/30

Headline - Already have ~14K closed with a a deal that pushed last Q1 into Q2 and some other decent deals

Closed Won - $13,702
Gap to Call - $86,298
Pipe Coverage to Forecast - 2.51X
Team Rollup - $82,000
Vantera AI Call - $168,000
Commentary -
- Haven ($13,600) - Pushed late Q1 into Q2. Should sign in first couple weeks of Q2
Team performance Q1 last FY = Not sure where to find this information

Commit:
- Haven $13,600

Best Case:
- Identity Digital $82,000
- DocVault $36,900
- KilnLabs - $24,000
Headcount Pipeline:
- Current in-pipeline:
- App review/RC Screen - 0
- HM Screen - 0
- Mock - 0
- Final - 0
- Risk/watch - 1
Pipe Gen
$193,720 last week 87% with Hugo, Rowan, and Harper over 100% to their goal for the week",2026-04-30T19:16:39,2026-05-01T00:00:00,2026-05-01T06:00:00,Standard Submission
Maya Delgado,Active,2026-03-31,TRUE,Amanda Hollis,M5-FY2027,2027,MONTH,5,2,Forecast,Forecast,100000.0,"DM 5/5

Headline - Holding at $100,000 - Already have 18,982 closed with a a deal that pushed last Q1 into Q2 and some other decent deals

Closed Won - $18,982
Gap to Call - $81,018
Pipe Coverage to Forecast - 1.48X
Team Rollup - $192,000
Vantera AI Call - $78,530
Commentary -
- Haven ($13,600) - Pushed late Q1 into Q2 as they have some new signature processes, but they have to sign because they have an overage and this gets them a better deal
- Benchmark Bio $60k (hedged rom $80k) - Commit deal right now but we are vendor of choice and confirmed they will move to us if we can get the commercials to work

Commit:
- Haven $13,600
- Benchmark Bio $60k (Hedged from $80k)
Best Case:
- Identity Digital $82,000
- DocVault $36,900
- KilnLabs - $24,000
Headcount Pipeline:
- Current in-pipeline:
- App review/RC Screen - 0
- HM Screen - 0
- Mock - 0
- Final - 0
- Risk/watch - 1
Pipe Gen
$69,380 last week 31% with just Hugo over 100% of his goal. It was end of quarter but unacceptable as most of the reps had the time to put into pipe gen",2026-05-07T20:56:36,2026-05-01T06:00:00,2026-05-08T06:00:00,Standard Submission
Maya Delgado,Active,2026-03-31,TRUE,Amanda Hollis,M5-FY2027,2027,MONTH,5,3,Forecast,Forecast,100000.0,"DM 5/14

Headline - Holding at $100,000 - Already have 51,942 closed

Closed Won - $51,942
Gap to Call - $48,058
Pipe Coverage to Forecast - 3.49X
Team Rollup - $238,000
Vantera AI Call - $85,810
Commentary -
- Haven ($13,600) - Pushed late Q1 into Q2 as they have some new signature processes, but they have to sign because they have an overage and this gets them a better deal
- Benchmark Bio $80k- Commit deal right now but we are vendor of choice and confirmed they will move to us if we can get the commercials to work. Risk in getting it done in May with how many steps are still needing to happen.

Commit:
- Haven $13,600
- Benchmark Bio $80k
Best Case:
- LanternRisk - $42,000
Headcount Pipeline:
- Current in-pipeline:
- App review/RC Screen - 0
- HM Screen - 0
- Mock - 0
- Final - 0
- Risk/watch - 1
Pipe Gen
$514,360 last week 207% with Hugo, Elena, & Rowan in the green. 2 of my reps were on PTO for the week so 3 of 4 reps in office were in the green",2026-05-14T23:52:16,2026-05-08T06:00:00,2026-05-15T06:00:00,Standard Submission
Maya Delgado,Active,2026-03-31,TRUE,Amanda Hollis,M5-FY2027,2027,MONTH,5,4,Forecast,Forecast,250000.0,"DM 5/21

Headline - Increasing to $250,000 because of Benchmark Bio and Lantern both increasing with contingencies by end of May

Closed Won - $59,002
Gap to Call - $193,000
Pipe Coverage to Forecast - 1.16X
Team Rollup - $184,702
Vantera AI Call - $102,800
Commentary -
- Haven ($13,600) - Pushed late Q1 into Q2 as they have some new signature processes, but they have to sign because they have an overage and this gets them a better deal. They have been at CKO offsite this week. Looking to wrap this up next week
- Benchmark Bio $113k- Working through last negotiation with contingency on May Signature
- LanternRisk $80k (hedged from 92k) - Early renewal with ramped seats. Contingent on May signature.

Commit:
- Haven $13,600
- Benchmark Bio $113,000
- LanternRisk - $80,000
Best Case:
- N/A
Headcount Pipeline:
- Current in-pipeline:
- App review/RC Screen - 0
- HM Screen - 0
- Mock - 0
- Final - 0
- Risk/watch - 1
Pipe Gen
$148,960 last week 60% with Rowan & Harper in the green and Elena close to being in the green.
- Team QTD = 22%
- Reps to quarter pipeline
- No one yet, but Elena is at 84% and one should flip tomorrow to put him at about 93%",2026-05-21T23:56:33,2026-05-15T06:00:00,2026-05-22T06:00:00,Standard Submission
Maya Delgado,Active,2026-03-31,TRUE,Amanda Hollis,M5-FY2027,2027,MONTH,5,5,Forecast,Forecast,179532.0,"DM 5/28

Headline - Decreased to 179,532 because of my lack of understanding of how much of the Benchmark Bio upsell will get recognized this month compared to their renewal date in November. Also Lantern Risk falling out.

Closed Won - $85,782
Gap to Call - $93,750
Pipe Coverage to Forecast - 0.54X
Team Rollup - $167,012
Vantera AI Call - $92,560
Commentary -
- Benchmark Bio $93,750k- Should have signature tomorrow

Commit:
- Benchmark Bio $113,000

Best Case:
- N/A",2026-05-29T00:50:26,2026-05-22T06:00:00,2026-05-29T06:00:00,Standard Submission
Maya Delgado,Active,2026-03-31,TRUE,Amanda Hollis,M5-FY2027,2027,MONTH,5,1,Best Case,Forecast,200000.0,,2026-04-30T19:27:56,2026-05-01T00:00:00,2026-05-01T06:00:00,Standard Submission
Maya Delgado,Active,2026-03-31,TRUE,Amanda Hollis,M5-FY2027,2027,MONTH,5,2,Best Case,Forecast,200000.0,,2026-05-07T20:48:42,2026-05-01T06:00:00,2026-05-08T06:00:00,Standard Submission
Maya Delgado,Active,2026-03-31,TRUE,Amanda Hollis,M5-FY2027,2027,MONTH,5,3,Best Case,Forecast,200000.0,,2026-05-14T23:47:31,2026-05-08T06:00:00,2026-05-15T06:00:00,Standard Submission
Maya Delgado,Active,2026-03-31,TRUE,Amanda Hollis,M5-FY2027,2027,MONTH,5,4,Best Case,Forecast,300000.0,,2026-05-21T23:57:05,2026-05-15T06:00:00,2026-05-22T06:00:00,Standard Submission
Maya Delgado,Active,2026-03-31,TRUE,Amanda Hollis,M5-FY2027,2027,MONTH,5,5,Best Case,Forecast,180000.0,,2026-05-29T00:50:48,2026-05-22T06:00:00,2026-05-29T06:00:00,Standard Submission
Maya Delgado,Active,2026-03-31,TRUE,Amanda Hollis,M5-FY2027,2027,MONTH,5,1,New Logos Forecast (#),Forecast,1.0,,2026-04-30T19:26:54,2026-05-01T00:00:00,2026-05-01T06:00:00,Standard Submission
Maya Delgado,Active,2026-03-31,TRUE,Amanda Hollis,M5-FY2027,2027,MONTH,5,2,New Logos Forecast (#),Forecast,1.0,,2026-05-07T20:50:35,2026-05-01T06:00:00,2026-05-08T06:00:00,Standard Submission
Maya Delgado,Active,2026-03-31,TRUE,Amanda Hollis,M5-FY2027,2027,MONTH,5,3,New Logos Forecast (#),Forecast,1.0,,2026-05-14T23:47:38,2026-05-08T06:00:00,2026-05-15T06:00:00,Standard Submission
Maya Delgado,Active,2026-03-31,TRUE,Amanda Hollis,M5-FY2027,2027,MONTH,5,4,New Logos Forecast (#),Forecast,0.0,,2026-05-21T23:58:59,2026-05-15T06:00:00,2026-05-22T06:00:00,Standard Submission
Maya Delgado,Active,2026-03-31,TRUE,Amanda Hollis,M5-FY2027,2027,MONTH,5,5,New Logos Forecast (#),Forecast,0.0,,2026-05-29T00:46:00,2026-05-22T06:00:00,2026-05-29T06:00:00,Standard Submission
Maya Delgado,Active,2026-03-31,TRUE,Amanda Hollis,Q2-FY2027,2027,QUARTER,2,0,Forecast,Forecast,1000000.0,,2026-04-17T14:02:03,,,Standard Submission
Maya Delgado,Active,2026-03-31,TRUE,Amanda Hollis,Q2-FY2027,2027,QUARTER,2,1,Forecast,Forecast,1000000.0,"DM 4/30

Headline - Holding at $1m.

Closed Won - $13,702
Gap to Call - $986,298
Gap to Quota - $1,076,744
Pipe Coverage to Forecast - 1.59X
Team Rollup - $586,000
Vantera AI Call - $1,095,000
Commentary - the following deals are our large deals that are feeling pretty good
- Benchmark Bio (Engage) $80,000 - Going onsite next week while in San Francisco
- Speranza $74,000 - doing demos next week with each department that would be interested in this
- ConstructPros $69,400 - Got deprioritized in Q1 but have meeting back on calendar in 2nd week in May to get POC kicked off
- Identity Digital $82,000 - Call on May 7th to try and get the soft close
- US HealthConnect $125k - progressing well but they just had to prioritize a couple other things for the next couple of weeks and so we are meeting again in back half of May
Team performance Q1 last FY = Not sure where to find this information

Commit:
- Haven - $13,600

Best Case:
- US HealthConnect $125,000
- Identity Digital $82,000
- Benchmark Bio Engage $80,000
- Trusted Media Brands $74,000
- ConstructPros $69,300
- Hcm Unbound $50,000
- DocVault $36,900
- Kiln Labs $24,000
- Marillion $18,214
- Lone Star Analysis $14,800
- ESC Corporate $12,100

Linearity Walk Up:
- M1 - N/A
- M2 - N/A
- M3 - N/A
Early Rep POV
- Ian - Talked today about frequency of ProspectFlow to contacts and also using more variety of communication channels to be used
- Harper - Working on narrowing scope of contacts going after with more prescriptive ProspectFlow and also having more frequency in ProspectFlowes
- Cody - Working on frequency of ProspectFlow per contact and separating emails into different threads instead of all on one thread
- Rowan - Doing our pipeline penetration exercise on Tuesday
Headcount Pipeline:
- Current in-pipeline:
- App review/RC Screen - 0
- HM Screen - 0
- Mock - 0
- Final - 0
- Risk/watch - 1
Pipe Gen
$193,720 last week 87% with Hugo, Rowan, and Harper over 100% to their goal for the week
- Team QTD = 83%
- Reps to quarter pipeline
- Hugo - 217%
- Rowan - 104%",2026-04-30T19:16:39,2026-05-01T00:00:00,2026-05-01T06:00:00,Standard Submission
Maya Delgado,Active,2026-03-31,TRUE,Amanda Hollis,Q2-FY2027,2027,QUARTER,2,2,Forecast,Forecast,1000000.0,"DM 5/7

Headline - Holding at $1m.

Closed Won - $18,982
Gap to Call - $981,018
Gap to Quota - $1,071,464
Pipe Coverage to Forecast - 1.74X
Team Rollup - $1,019,000
Vantera AI Call - $916,500
Commentary - the following deals are our large deals that are feeling pretty good
- Rithum $300,000 (Hedged from $420K) - Early stages but could move fast. CRO and VP of Global Sales are both Vantera fans that have used it before
- Benchmark Bio (Engage) $80,000 - Going onsite next week while in San Francisco
- Speranza $74,000 - doing demos next week with each department that would be interested in this
- ConstructPros $69,400 - Got deprioritized in Q1 but have meeting back on calendar in 2nd week in May to get POC kicked off
- Identity Digital $82,000 - Call on May 7th to try and get the soft close
- US HealthConnect $125k - progressing well but they just had to prioritize a couple other things for the next couple of weeks and so we are meeting again in back half of May
- Create & Close - $300K (Hedged from ~$500K from other quarters)
Team performance Q1 last FY = Not sure where to find this information

Commit:
- Haven - $13,600
- Benchmark Bio Engage $60,000 (hedged from $80k)

Best Case:
- Rithum $300,000 (Hedged from $420K)
- US HealthConnect $125,000
- Identity Digital $82,000
- Trusted Media Brands $74,000
- ConstructPros $69,300
- Hcm Unbound $50,000
- DocVault $36,900
- Kiln Labs $24,000
- Marillion $18,214
- Lone Star Analysis $14,800
- ESC Corporate $12,100

Linearity Walk Up:
- M1 - N/A
- M2 - N/A
- M3 - N/A
Early Rep POV
- Ian - Talked today about frequency of ProspectFlow to contacts and also using more variety of communication channels to be used
- Harper - Working on narrowing scope of contacts going after with more prescriptive ProspectFlow and also having more frequency in ProspectFlowes
- Cody - Working on frequency of ProspectFlow per contact and separating emails into different threads instead of all on one thread
- Rowan - Doing our pipeline penetration exercise on Tuesday
Headcount Pipeline:
- Current in-pipeline:
- App review/RC Screen - 0
- HM Screen - 0
- Mock - 0
- Final - 0
- Risk/watch - 1
Pipe Gen
$69,380 last week 31% with just Hugo over 100% of his goal. It was end of quarter but unacceptable as most of the reps had the time to put into pipe gen
- Team QTD = 13%
- Reps to quarter pipeline
- No one yet, but Elena is at 86% in the first week of the quarter",2026-05-07T20:54:48,2026-05-01T06:00:00,2026-05-08T06:00:00,Standard Submission
Maya Delgado,Active,2026-03-31,TRUE,Amanda Hollis,Q2-FY2027,2027,QUARTER,2,3,Forecast,Forecast,1000000.0,"DM 5/14

Headline - Holding at $1m. ConstructPro is going to push out to Q4, but LanternRisk is likely to do product upsells in their early renewal to replace it

Closed Won - $51,942
Gap to Call - $948,058
Gap to Quota - $1,038,504
Pipe Coverage to Forecast - 1.65X
Team Rollup - $1,181,000
Vantera AI Call - $836,800
Commentary - the following deals are our large deals that are feeling pretty good
- Rithum $300,000 (Hedged from $420K) - Early stages but could move fast. CRO and VP of Global Sales are both Vantera fans that have used it before. Demo is tomorrow but Elena has done a great job at multi-channeling into a lot of people
- Benchmark Bio (Engage) $80,000 - worked out a plan to close by end of May with them. Some risk in getting it done by end of May but would close by mid June if not May
- Speranza $74,000 - Demos with each department has gone well. They have to meet with their current provider Read.ai to confirm they can't do all that we do, but the team prefers us. This seems more of a due diligence check the box
- Identity Digital $82,000 - Meeting with Sales leadership in the First week of June
- US HealthConnect $125k - progressing well but they just had to prioritize a couple other things for the next couple of weeks and so we are meeting again in back half of May
- LanternRisk - Hedged at ~40k - Could be 6 figures if they do product upsells as well, which is likely as the team has shown interest but budget was the concern but now Procurement wants to get them added if it means they can get a deal for doing it as part of an early renewal. Early stages but could be a good upsell.
- Create & Close - $300K (Hedged from ~$500K from other quarters)
Team performance Q1 last FY = Not sure where to find this information

Commit:
- Haven - $13,600
- Benchmark Bio Engage $80,000

Best Case:
- Rithum $300,000 (Hedged from $420K)
- US HealthConnect $125,000
- Identity Digital $82,000
- LanternRisk - $42,000
- Hcm Unbound $50,000
- DocVault $36,900

Linearity Walk Up:
- M1 - N/A
- M2 - N/A
- M3 - N/A
Early Rep POV
- Ian - Talked today about frequency of ProspectFlow to contacts and also using more variety of communication channels to be used
- Harper - Working on narrowing scope of contacts going after with more prescriptive ProspectFlow and also having more frequency in ProspectFlowes
- Cody - Working on frequency of ProspectFlow per contact and separating emails into different threads instead of all on one thread
- Rowan - Doing our pipeline penetration exercise on Tuesday
Headcount Pipeline:
- Current in-pipeline:
- App review/RC Screen - 0
- HM Screen - 0
- Mock - 0
- Final - 0
- Risk/watch - 1
Pipe Gen
$514,360 last week 207% with Hugo, Elena, & Rowan in the green. 2 of my reps were on PTO for the week so 3 of 4 reps in office were in the green
- Team QTD = 19%
- Reps to quarter pipeline
- No one yet, but Elena is at 86%",2026-05-14T23:47:08,2026-05-08T06:00:00,2026-05-15T06:00:00,Standard Submission
Maya Delgado,Active,2026-03-31,TRUE,Amanda Hollis,Q2-FY2027,2027,QUARTER,2,4,Forecast,Forecast,1000000.0,"DM 5/21

Headline - Holding my call. LanternRisk increased its amount for their upsell as well as the upsell for Benchmark Bio increased. But Speranza has fallen out of my forecast

Closed Won - $59,002
Gap to Call - $1,040,998
Gap to Quota - $1,031,444
Pipe Coverage to Forecast - 2.17
Team Rollup - $1,103,000
Vantera AI Call - $823,000
Commentary - the following deals are our large deals that are feeling pretty good
- Rithum $300,000 (Hedged from $420K) - Early stages but could move fast. CRO and VP of Global Sales are both Vantera fans that have used it before.
- Benchmark Bio (Engage + Early Renewal) $113,000 - worked out a plan to close by end of May with them. Some risk in getting it done by end of May but would close by mid June if not May
- Identity Digital $82,000 - Meeting with Sales leadership in the First week of June
- US HealthConnect $125k - progressing well but they just had to prioritize a couple other things for the next couple of weeks and so we are meeting again in last week of May
- LanternRisk - Hedged at ~80k - Could be about $90k but working through some last details of the early renewal
- Create & Close - $300K (Hedged from ~$500K from other quarters)
Team performance Q1 last FY = Not sure where to find this information

Commit:
- Haven - $13,600
- Benchmark Bio Engage $113,000
- LanternRisk - $80,000
- DocVault $36,900

Best Case:
- Rithum $300,000 (Hedged from $420K)
- US HealthConnect $125,000
- Identity Digital $82,000
- OnVertex $55,000
- Hcm Unbound $50,000

Linearity Walk Up:
- M1 - N/A
- M2 - N/A
- M3 - N/A
Early Rep POV
- Ian - Doing the right things but hasn't been seeing the results in pipeline from his efforts. Has been starting to see some new pipeline successes both from his own and SDR
- Harper - Turning a corner in Pipeline generation. Will see if it continue or if it is a short stretch
- Cody - Worried about having enough deals to make a splash this quarter. Only two deals in his pipeline this quarter
- Rowan - Will get about half or more of his quota from upsells. Doing well at navigating upsells with customers. Has not progressed any new deals to the point of final negotiations.
- Elena - Continuing to show his ability to work strategically, but he can strengthen his relationship with current customers and getting upsells
- Hugo - Has some big deals in the pipeline for this quarter but they are not progressing as quickly as needed to be a strong deal for Q2
Headcount Pipeline:
- Current in-pipeline:
- App review/RC Screen - 0
- HM Screen - 0
- Mock - 0
- Final - 0
- Risk/watch - 1
Pipe Gen
$148,960 last week 60% with Rowan & Harper in the green and Elena close to being in the green.
- Team QTD = 22%
- Reps to quarter pipeline
- No one yet, but Elena is at 84% and one should flip tomorrow to put him at about 93%",2026-05-21T23:46:59,2026-05-15T06:00:00,2026-05-22T06:00:00,Standard Submission
Maya Delgado,Active,2026-03-31,TRUE,Amanda Hollis,Q2-FY2027,2027,QUARTER,2,5,Forecast,Forecast,1000000.0,"DM 5/28

Headline - Holding my call. LanternRisk upsell is on hold right now and Benchmark Bio Q2 Quota recognition dropped about $20k but the total retirement increased by about $50k (we just won't see the rest of it until November). We are getting some more early stage pipeline for the team that can replace what was lost

Closed Won - $85,782
Gap to Call - $914,218
Gap to Quota - $1,004,664
Pipe Coverage to Forecast - 2.03x
Team Rollup - $1,050,000
Vantera AI Call - $793,400
Commentary - the following deals are our large deals that are feeling pretty good
- Rithum $300,000 (Hedged from $420K) - Early stages. CRO and VP of Global Sales are both Vantera fans that have used it before. Meeting with different business unit leaders for specific demos for them.
- Benchmark Bio (Engage + Early Renewal) $93,750 - biggest risk in getting this signed by end of May is potentially their unresolved support ticket
- Identity Digital $82,000 - Meeting with Sales leadership in the First week of June
- US HealthConnect $125k - Demo with EVP of Operation next week and using that meeting to get in front of sales leadership
- LanternRisk - Hedged at ~60k - Upsell for new users shrunk but opportunity for upselling enable. Demo with head of Enablement middle of June. We have procurements support of it
- Kiln - Unpredictable how much will come from them but they consistently are adding about 8-10 licenses a week.
- Create & Close - $300K (Hedged from ~$500K from other quarters)
Team performance Q1 last FY = Not sure where to find this information

Commit:
- Benchmark Bio Engage $93,750
- DocVault $36,900
- Ferry Renewal Upsell $20,000

Best Case:
- Rithum $300,000 (Hedged from $420K)
- US HealthConnect $125,000
- Identity Digital $82,000
- OnVertex $55,000
- Eyefinity $31,000
- Hcm Unbound $50,000

Linearity Walk Up:
- M1 - N/A
- M2 - N/A
- M3 - N/A
Early Rep POV
- Ian - A lot of potential and works really hard. Starting to see his pipeline fill up a little more. Still not having the Self Sourced success as desired
- Harper - I see risk in the buy in to Vantera and what it takes to be successful
- Cody - He is fully bought into Vantera but is in a slump and having difficulty getting him out of it. We are having sessions to tweak his messaging, but he is doing pretty well with his messaging but not seeing a ton of success from SS pipeline
- Rowan - Will get about half or more of his quota from upsells (mostly Kiln). Doing well at navigating upsells with customers. Struggling to get New Biz deals progressing.
- Elena - Continuing to show his ability to work strategically, but he can strengthen his relationship with current customers and getting upsells
- Hugo - Has some big deals in the pipeline for this quarter but they are not progressing as quickly as needed to be a strong deal for Q2. Some things booked in early June with those deals so we will see if momentum picks up. We just aren't with decision makers yet.
Headcount Pipeline:
- Current in-pipeline:
- App review/RC Screen - 0
- HM Screen - 0
- Mock - 0
- Final - 0
- Risk/watch - 2
Pipe Gen
$251,950 last week 102% with Rowan, Cody, Elena & Ian in the green. All reps that were in office all week and not on PTO were in the green!
- Team QTD = 29%
- Reps to quarter pipeline
- No one yet, but Elena is at 92% and has an SSO scheduled for next week with a T1 that if flips will get him in the Green for the quarter",2026-05-29T00:44:57,2026-05-22T06:00:00,2026-05-29T06:00:00,Standard Submission
Maya Delgado,Active,2026-03-31,TRUE,Amanda Hollis,Q2-FY2027,2027,QUARTER,2,6,Forecast,Forecast,1000000.0,"DM 6/4

Headline - Holding my call. We are seeing some good momentum in some of our deals, but most of pipeline is likely to close in July

Closed Won - $179,532
Gap to Call - $820,468
Gap to Quota - $910,914
Pipe Coverage to Forecast - 2.1x
Team Rollup - $1,050,000
Vantera AI Call - $778,100
Commentary - the following deals are our large deals that are feeling pretty good
- Rithum $300,000 (Hedged from $420K) - Demo with VP of Rev Ops and Lee Tenant is on June 22nd. Self Proclaimed Champion is traveling internationally for next few weeks
- Identity Digital $82,000 - Got positive feedback from Mariah (Sr. Director of Global Channel Sales) but still need another meeting to hit harder on difference between Vantera and LeadHub. Will need to Loop Mark (VP of BD) back in after that
- US HealthConnect $125k - Demo with EVP of Operation next week and using that meeting to get in front of sales leadership
- Concourse Technologies $80k - We are preferred technology but price point is the barrier. Talking through it more with main contact tomorrow
- Kiln - Unpredictable how much will come from them but they consistently are adding about 8-10 licenses a week.
- Smart Financial - $240k - Rock deal but has some real potential just really early stages
- Create & Close - $300K (Hedged from ~$500K from other quarters)
Team performance Q1 last FY = Not sure where to find this information

Commit:
- DocVault $36,900
- Built Technologies $6,750
- Eyefinity $31,000 (Hedged)

Best Case:
- Rithum $300,000 (Hedged from $420K)
- US HealthConnect $125,000
- Identity Digital $82,000
- OnVertex $55,000 (hedged - could be around $100k)
- Bloomfield $30,000 (will flip once we get final headcount of renewal upsell seats)

Linearity Walk Up:
- M1 - N/A
- M2 - N/A
- M3 - N/A
Early Rep POV
- Ian - Just had his new baby today. I am meeting with him on Monday for full paternity planning
- Harper - I see risk in the buy in to Vantera and what it takes to be successful
- Cody - He is in a slump and morale has been down a little bit, but has seemed more locked in this week
- Rowan - Struggling with his New Business deals and not getting to true champions
- Elena - Continuing to show his ability to work strategically, but he can strengthen his relationship with current customers and getting upsells
- Hugo - Has some big deals in the pipeline for this quarter but they are not progressing as quickly as needed to be a strong deal for Q2.
Headcount Pipeline:
- Current in-pipeline:
- App review/RC Screen - 0
- HM Screen - 0
- Mock - 0
- Final - 0
- Risk/watch - 2
Pipe Gen
$385,679 last week 155% with Elena & Hugo in the green.
- Team QTD = 45%
- Reps to quarter pipeline
- Elena - 135%",2026-06-04T22:33:00,2026-05-29T06:00:00,2026-06-05T06:00:00,Standard Submission
Maya Delgado,Active,2026-03-31,TRUE,Amanda Hollis,Q2-FY2027,2027,QUARTER,2,7,Forecast,Forecast,1000000.0,"DM 6/11

Headline - Holding my call. We are seeing some good momentum in some of our deals, but most of pipeline is likely to close in July

Closed Won - $184,017
Gap to Call - $815,983
Gap to Quota - $831,429
Pipe Coverage to Forecast - 1.95x
Team Rollup - $1,035,000
Vantera AI Call - $716,100
Commentary - the following deals are our large deals that are feeling pretty good
- Rithum $300,000 (Hedged from $420K) - Demo with VP of Rev Ops and Lee Tenant is on June 22nd. Self Proclaimed Champion is traveling internationally for next few weeks. Multi-threading through multiple influencers
- Identity Digital $82,000 - Got positive feedback from Mariah (Sr. Director of Global Channel Sales) but still need another meeting to hit harder on difference between Vantera and LeadHub. Will need to Loop Mark (VP of BD) back in after that
- US HealthConnect $125k - Demo with EVP of Operation next week and using that meeting to get in front of sales leadership
- Concourse Technologies $80k - We are preferred technology but price point is the barrier. Did initial demo with larger stakeholder group. Breaking up into multiple smaller demos over the next few weeks
- Kiln - Unpredictable how much will come from them but they consistently are adding about 5-10 licenses a week.
- Smart Financial - $240k - Rock deal but has some real potential just really early stages
- Create & Close - $300K (Hedged)
Team performance Q1 last FY = Not sure where to find this information

Commit:
- DocVault $36,900
- Built Technologies $6,750
- Eyefinity $31,000 (Hedged)

Best Case:
- Rithum $300,000 (Hedged from $420K)
- US HealthConnect $125,000
- Identity Digital $82,000
- OnVertex $55,000 (hedged - could be around $100k)
- Bloomfield $50,000

Linearity Walk Up:
- M1 - N/A
- M2 - N/A
- M3 - N/A
Early Rep POV
- Ian - On Paternity
- Harper - I see risk in the buy in to Vantera and what it takes to be successful
- Cody - Morale is improving and starting to see some momentum in deals
- Rowan - Struggling with his New Business deals and not getting to true champions. Has high Will though
- Elena - Going Strong
- Hugo - Not as much pipeline as usual but should over exceed his number
Headcount Pipeline:
- Current in-pipeline:
- App review/RC Screen - 0
- HM Screen - 0
- Mock - 0
- Final - 0
- Risk/watch - 2
Pipe Gen
$132,000 last week 53% with Harper & Hugo in the green.
- Team QTD = 50%
- Reps to quarter pipeline
- Elena - 159%",2026-06-11T18:49:13,2026-06-05T06:00:00,2026-06-12T06:00:00,Standard Submission
Maya Delgado,Active,2026-03-31,TRUE,Amanda Hollis,Q2-FY2027,2027,QUARTER,2,8,Forecast,Forecast,900000.0,"DM 6/18

Headline - Dropping my call to $900K. We have lost momentum in deals like Rithum for a potential close this quarter and some of our other Key deals there is real risk in getting them across by end of quarter, but seeing some product and seat upsells come up from current customers that have good traction

Closed Won - $210,737
Gap to Call - $689,263
Gap to Quota - $804,709
Pipe Coverage to Forecast - 2.33x
Team Rollup - $970,000
Vantera AI Call - $747,600

Logic:
- Feeling good that Elena will be able to secure either Pre-Pass or Smart Financial
- $216k in Discovery or Inquiry
- Getting to our number is dependent on some key larger deals
- Create & Close - $1K (Hedged)
Key Deals
- US HealthConnect - $125K
- Concourse Technologies - $80k
- Smart Financial - $283,900
- Bloomfield - $35k
- ConstructPro - $24,700
- Ferry Renewal - $14,500
- DocVault - $36,900
- Eyefinity - $31k
- METIER - $10,560
- Kiln - Unpredictable how much will come from them but they consistently are adding about 5-10 licenses a week.
Upside
- Rithum - $375k
- Pre-Pass - $125,500
- OnVertex - $110k
- Identity Digital - $82K
- FranBridge - $13k
- ECM Corporate Services - $12,100

Linearity Walk Up:
- M1 - $180K
- M2 - $120K
- M3 - $600K
Early Rep POV
- Ian - On Paternity
- Harper - I see risk in the buy in to Vantera and what it takes to be successful
- Cody - Morale is improving and starting to see some momentum in deals
- Rowan - Struggling with his New Business deals and not getting to true champions. Has high Will though
- Elena - Going Strong
- Hugo - Not as much pipeline as usual but should over exceed his number
Headcount Pipeline:
- Current in-pipeline:
- App review/RC Screen - 0
- HM Screen - 0
- Mock - 0
- Final - 0
- Risk/watch - 2
Pipe Gen
$238,270 last week 96% with Elena, Cody, & Hugo in the green and Rowan in the Yellow.
- Team QTD = 52%
- Reps to quarter pipeline
- Elena - 159%",2026-06-18T15:16:05,2026-06-12T06:00:00,2026-06-19T06:00:00,Standard Submission
Maya Delgado,Active,2026-03-31,TRUE,Amanda Hollis,Q2-FY2027,2027,QUARTER,2,9,Forecast,Forecast,800000.0,"DM 6/25

Headline - Dropping my call to $800K. Dropped my call because SmartFinancial will have to push into future quarters as they will require a paid pilot or some sort of opt out clause after a couple of months in the contract

Closed Won - $210,737
Gap to Call - $589,263
Gap to Quota - $804,709
Pipe Coverage to Forecast - 1.91x
Team Rollup - $883,000
Vantera AI Call - $678,800
Logic:
- Getting to this number would require us to close either Pre-pass or Kiln Forecast (with some of Kiln additional seats)
- $224k in Discovery or Inquiry
- Getting to our number is dependent on some key larger deals
- Create & Close - $100K (Hedged)
Key Deals
- US HealthConnect - $125K
- Concourse Technologies - $77k
- Bloomfield - $35k
- VVista - $40k
- Ferry Renewal - $14,500
- DocVault - $36,900
- Eyefinity - $31k
- METIER - $10,560
- FranBridge - $11K
- Built Technologies - $4,800
- Kiln - Unpredictable how much will come from them but they consistently are adding about 5-10 licenses a week.
Upside
- Pre-Pass - $125,500
- Kiln (Forecast Upsell) - $65,000
- DocVault (Data Cloud) - $10K
- ECM Corporate Services - $12,100
Linearity Walk Up:
- M1 - $180K
- M2 - $120K
- M3 - $500K
Early Rep POV
- Ian - On Paternity
- Harper - Starts his coaching plan on Monday through the month of July.
- Cody - Morale is improving and starting to see some momentum in deals
- Rowan - Putting the effort in and doing well with customer expansion pipeline, but new biz is lacking
- Elena - Reliant on a few large deals. Needs more opportunities to work
- Hugo - Not as much pipeline as usual but should hit his number
Headcount Pipeline:
- Current in-pipeline:
- App review/RC Screen - 1
- HM Screen - 1
- Mock - 0
- Final - 0
- Risk/watch - 2
Pipe Gen
$57,400 last week 23% with Cody in the green.
- Team QTD = 57%
- Reps to quarter pipeline
- Elena - 161%",2026-06-25T16:01:37,2026-06-19T06:00:00,2026-06-26T06:00:00,Standard Submission
Maya Delgado,Active,2026-03-31,TRUE,Amanda Hollis,Q2-FY2027,2027,QUARTER,2,10,Forecast,Forecast,800000.0,"DM 7/1

Headline - Holding my call at $800K. Concourse Technologies is dropping out of my call but between them in upside and Smart Financial coming back into my upside with them thinking a 90 day look back as part of their pilot working, I think we can still get to $800k on the quarter.

Closed Won - $294,057
Gap to Call - $505,943
Gap to Quota - $721,389
Pipe Coverage to Forecast - 2.44x
Team Rollup - $908,000
Vantera AI Call - $771,300
Logic:
- Getting to this number would require us to close either Pre-pass or Smart Financial
- ~$200k in Discovery or Inquiry
- Create & Close - $100K
Key Deals
- US HealthConnect - $125K
- Ferry Renewal - $14,500
- DocVault - $36,900
- Built Technologies - $4,800
- Kiln - Predicting another $50k from them because they consistently are adding about 5-10 licenses a week (Just added 30 licenses last week)
Upside
- Pre-Pass - $125,500
- Concourse Technologies - $77k
- Smart Financial - $200k (Hedged)
- DocVault (Data Cloud) - $10K
- ECM Corporate Services - $12,100
Linearity Walk Up:
- M1 - $180K
- M2 - $120K
- M3 - $500K
Early Rep POV
- Ian - On Paternity
- Harper - Strong start to his coaching plan pipeline wise. Revenue piece will be highly dependent on a new business deal that could move fast for him
- Cody - I am concerned about Cody' quarter if he does not close Concourse Technologies
- Rowan - Putting the effort in and doing well with customer expansion pipeline, but new biz is lacking
- Elena - Reliant on a few large deals. Needs more opportunities to work
- Hugo - Not as much pipeline as usual and is reliant on closing 1 of 2 larger deals in his pipeline to hit his call and quota
Headcount Pipeline:
- Current in-pipeline:
- App review/RC Screen - 1
- HM Screen - 1
- Mock - 0
- Final - 0
- Risk/watch - 2
Pipe Gen
$145,000 last week 58% with Rowan in the green with 3 flips.
- Team QTD = 66%
- Reps to quarter pipeline
- Elena - 161%",2026-07-01T18:29:06,2026-06-26T06:00:00,2026-07-03T06:00:00,Standard Submission
Maya Delgado,Active,2026-03-31,TRUE,Amanda Hollis,Q2-FY2027,2027,QUARTER,2,11,Forecast,Forecast,700000.0,"DM 7/9

Headline - Dropping my call to $700k

Closed Won - $306,987
Gap to Call - $393,013
Gap to Quota - $708,456
Pipe Coverage to Forecast - 2.56x
Team Rollup - $815,000
Vantera AI Call - $639,400
Logic:
- Kiln has been adding roughly $50k a month in growth and based off their continued growth plans, we feel confident that another $50k at least will come from them
- Smart Financial both will be entering a POC this month to work towards EOM signature. I believe we can get either Books are Fun and/or PathPoint this quarter. - Calling $200k between these three deals
- Bloomfield has to do their renewal in July as they were supposed to in June but we gave an extension to figure out the increase amount and for them to get approval. This is looking to be a $50k Upsell
- I believe we can get an additional $35k - $40k from Operation couch cushion, Create and Close, upside deals, and through a few early stage upsells.
Key Deals
- Ferry Renewal - $14,500
- DocVault - $36,900
- Built Technologies - $4,800
- Kiln - Predicting another $50k from them because they consistently are adding about 5-10 licenses a week (Just added 30 licenses last week)
- Books are Fun (Common Goods) - $80k
- Pre-Pass - $125,500
- Smart Financial - $200k (Hedged)
- Bloomfield - $50k
Upside
- Concourse Technologies - $77k
- DocVault (Data Cloud) - $10K
- ECM Corporate Services - $12,100
- Rithum - $200k (Hedged)
Linearity Walk Up:
- M1 - $180K
- M2 - $120K
- M3 - $400K
Early Rep POV
- Ian - On Paternity
- Harper - Strong start to his coaching plan pipeline wise. Revenue piece will be highly dependent on a new business deal that could move fast for him
- Cody - I am concerned about Cody' quarter if he does not close Concourse Technologies. also concerned about his overall pipeline moving forward
- Rowan - Putting the effort in and doing well with customer expansion pipeline, but new biz is lacking
- Elena - He has shown his ability to think like a Mid-Market/Enterprise level rep with the amount of work, prep, and strategy in his ways of attacking deals
- Hugo - Not getting multi-threaded enough in his big deals and pipeline has dropped a bit.
Headcount Pipeline:
- Current in-pipeline:
- App review/RC Screen - 1
- HM Screen - 0
- Mock - 2
- Final - 0
- Risk/watch - 2
Pipe Gen
$239,000 last week 96% with Harper and Hugo in the green.
- Team QTD = 69%
- Reps to quarter pipeline
- Elena - 161%",2026-07-09T18:01:39,2026-07-03T06:00:00,2026-07-10T06:00:00,Standard Submission
Maya Delgado,Active,2026-03-31,TRUE,Amanda Hollis,Q2-FY2027,2027,QUARTER,2,12,Forecast,Forecast,500000.0,"DM 7/16

Headline - Dropping my call to $500k

Closed Won - $306,987
Gap to Call - $193,013
Gap to Quota - $708,456
Pipe Coverage to Forecast - 2.31x
Team Rollup - $562,000
Vantera AI Call - $501,600
Logic:
- Kiln has been adding roughly $50k a month in growth and based off their continued growth plans, we feel confident that another $30k at least will come from them
- PathPoint - calling $60k because Brendan said he could agree to us matching OR and possibly find another $25k.
- Bloomfield has to do their renewal in July as they were supposed to in June but we gave an extension to figure out the increase amount and for them to get approval. This is looking to be a $35k Upsell
- I believe we can get an additional $35k - $40k from Operation couch cushion, Create and Close, upside deals, and through a few early stage upsells.
- DocVault had to drop their usage for Enable down because of glitches in the POC process. Should sign for about 20 seats at $6,000 and also should be adding Data Connector for another $10k
- Vidora - Ramping out seats which will be a minimum of $27k and then will likely be adding Forecast seats and we will give them 3 free admin seats if they do. Hedging this at $30k until our conversation with them on Monday. They know this deal is contingent on EOM.
- Beacon Ridge Group should close by end of next week at $30k. It might have to be split with Enterprise so I am hedging at $15k
- I think we could get $10K-$20K from Operation Coach Cushion
Key Deals
- DocVault - $16,000
- Kiln - Predicting another $30k from them because they consistently are adding about 5-10 licenses a week (Just added 30 licenses last week)
- Pre-Pass - $60,000
- Vidora - $30k
- Beacon Ridge Group - $15k (hedged in case it is split)
- Bloomfield - $35k
- Total = $186,792
Upside
- Common Goods (Books are Fun) - $60k
- Lantern Risk (Enable Upsell) - $36k
- Tidewater Inventory - $27k
Linearity Walk Up:
- M1 - $180K
- M2 - $120K
- M3 - $200K
Early Rep POV
- Ian - Came back from paternity and quick start to building pipeline.
- Harper - Strong start to his coaching plan pipeline wise. Revenue piece will be highly dependent on a new business deal that could move fast for him
- Cody - Gonna have a conversation with him last week of month to level set and prep him for a potential coaching plan
- Rowan - Putting the effort in and doing well with customer expansion pipeline, but new biz is lacking
- Elena - He has shown his ability to think like a Mid-Market/Enterprise level rep with the amount of work, prep, and strategy in his ways of attacking deals
- Hugo - Not getting multi-threaded enough in his big deals and pipeline has dropped a bit.
Headcount Pipeline:
- Current in-pipeline:
- App review/RC Screen - 1
- HM Screen - 0
- Mock - 2
- Final - 0
- Risk/watch - 2
Pipe Gen
$330,894 last week 133% with Harper and Hugo in the green.
- Team QTD = 78%
- Reps to quarter pipeline
- Elena - 158%",2026-07-16T19:38:01,2026-07-10T06:00:00,2026-07-17T06:00:00,Standard Submission
Maya Delgado,Active,2026-03-31,TRUE,Amanda Hollis,Q2-FY2027,2027,QUARTER,2,13,Forecast,Forecast,500000.0,"DM 7/16

Headline - Dropping my call to $500k

Closed Won - $306,987
Gap to Call - $193,013
Gap to Quota - $708,456
Pipe Coverage to Forecast - 2.31x
Team Rollup - $562,000
Vantera AI Call - $501,600
Logic:
- Kiln has been adding roughly $50k a month in growth and based off their continued growth plans, we feel confident that another $30k at least will come from them
- PathPoint - calling $60k because Brendan said he could agree to us matching OR and possibly find another $25k.
- Bloomfield has to do their renewal in July as they were supposed to in June but we gave an extension to figure out the increase amount and for them to get approval. This is looking to be a $35k Upsell
- I believe we can get an additional $35k - $40k from Operation couch cushion, Create and Close, upside deals, and through a few early stage upsells.
- DocVault had to drop their usage for Enable down because of glitches in the POC process. Should sign for about 20 seats at $6,000 and also should be adding Data Connector for another $10k
- Vidora - Ramping out seats which will be a minimum of $27k and then will likely be adding Forecast seats and we will give them 3 free admin seats if they do. Hedging this at $30k until our conversation with them on Monday. They know this deal is contingent on EOM.
- Beacon Ridge Group should close by end of next week at $30k. It might have to be split with Enterprise so I am hedging at $15k
- I think we could get $10K-$20K from Operation Coach Cushion
Key Deals
- DocVault - $16,000
- Kiln - Predicting another $30k from them because they consistently are adding about 5-10 licenses a week (Just added 30 licenses last week)
- Pre-Pass - $60,000
- Vidora - $30k
- Beacon Ridge Group - $15k (hedged in case it is split)
- Bloomfield - $35k
- Total = $186,792
Upside
- Common Goods (Books are Fun) - $60k
- Lantern Risk (Enable Upsell) - $36k
- Tidewater Inventory - $27k
Linearity Walk Up:
- M1 - $180K
- M2 - $120K
- M3 - $200K
Early Rep POV
- Ian - Came back from paternity and quick start to building pipeline.
- Harper - Strong start to his coaching plan pipeline wise. Revenue piece will be highly dependent on a new business deal that could move fast for him
- Cody - Gonna have a conversation with him last week of month to level set and prep him for a potential coaching plan
- Rowan - Putting the effort in and doing well with customer expansion pipeline, but new biz is lacking
- Elena - He has shown his ability to think like a Mid-Market/Enterprise level rep with the amount of work, prep, and strategy in his ways of attacking deals
- Hugo - Not getting multi-threaded enough in his big deals and pipeline has dropped a bit.
Headcount Pipeline:
- Current in-pipeline:
- App review/RC Screen - 1
- HM Screen - 0
- Mock - 2
- Final - 0
- Risk/watch - 2
Pipe Gen
$330,894 last week 133% with Harper and Hugo in the green.
- Team QTD = 78%
- Reps to quarter pipeline
- Elena - 158%",2026-07-24T06:03:06,2026-07-17T06:00:00,2026-07-24T06:00:00,Missing Submission
Maya Delgado,Active,2026-03-31,TRUE,Amanda Hollis,Q2-FY2027,2027,QUARTER,2,1,Best Case,Forecast,1300000.0,,2026-04-30T19:27:56,2026-05-01T00:00:00,2026-05-01T06:00:00,Standard Submission
Maya Delgado,Active,2026-03-31,TRUE,Amanda Hollis,Q2-FY2027,2027,QUARTER,2,2,Best Case,Forecast,1500000.0,,2026-05-07T20:48:42,2026-05-01T06:00:00,2026-05-08T06:00:00,Standard Submission
Maya Delgado,Active,2026-03-31,TRUE,Amanda Hollis,Q2-FY2027,2027,QUARTER,2,3,Best Case,Forecast,1500000.0,,2026-05-14T23:47:31,2026-05-08T06:00:00,2026-05-15T06:00:00,Standard Submission
Maya Delgado,Active,2026-03-31,TRUE,Amanda Hollis,Q2-FY2027,2027,QUARTER,2,4,Best Case,Forecast,1500000.0,,2026-05-21T23:47:06,2026-05-15T06:00:00,2026-05-22T06:00:00,Standard Submission
Maya Delgado,Active,2026-03-31,TRUE,Amanda Hollis,Q2-FY2027,2027,QUARTER,2,5,Best Case,Forecast,1300000.0,,2026-05-29T00:45:48,2026-05-22T06:00:00,2026-05-29T06:00:00,Standard Submission
Maya Delgado,Active,2026-03-31,TRUE,Amanda Hollis,Q2-FY2027,2027,QUARTER,2,6,Best Case,Forecast,1300000.0,,2026-06-04T22:33:15,2026-05-29T06:00:00,2026-06-05T06:00:00,Standard Submission
Maya Delgado,Active,2026-03-31,TRUE,Amanda Hollis,Q2-FY2027,2027,QUARTER,2,7,Best Case,Forecast,1300000.0,,2026-06-11T18:49:22,2026-06-05T06:00:00,2026-06-12T06:00:00,Standard Submission
Maya Delgado,Active,2026-03-31,TRUE,Amanda Hollis,Q2-FY2027,2027,QUARTER,2,8,Best Case,Forecast,1300000.0,,2026-06-18T15:18:00,2026-06-12T06:00:00,2026-06-19T06:00:00,Standard Submission
Maya Delgado,Active,2026-03-31,TRUE,Amanda Hollis,Q2-FY2027,2027,QUARTER,2,9,Best Case,Forecast,1100000.0,,2026-06-25T16:01:52,2026-06-19T06:00:00,2026-06-26T06:00:00,Standard Submission
Maya Delgado,Active,2026-03-31,TRUE,Amanda Hollis,Q2-FY2027,2027,QUARTER,2,10,Best Case,Forecast,1100000.0,,2026-07-01T18:19:36,2026-06-26T06:00:00,2026-07-03T06:00:00,Standard Submission
Maya Delgado,Active,2026-03-31,TRUE,Amanda Hollis,Q2-FY2027,2027,QUARTER,2,11,Best Case,Forecast,1100000.0,,2026-07-09T14:58:38,2026-07-03T06:00:00,2026-07-10T06:00:00,Standard Submission
Maya Delgado,Active,2026-03-31,TRUE,Amanda Hollis,Q2-FY2027,2027,QUARTER,2,12,Best Case,Forecast,650000.0,,2026-07-16T19:38:38,2026-07-10T06:00:00,2026-07-17T06:00:00,Standard Submission
Maya Delgado,Active,2026-03-31,TRUE,Amanda Hollis,Q2-FY2027,2027,QUARTER,2,13,Best Case,Forecast,650000.0,,2026-07-24T06:03:06,2026-07-17T06:00:00,2026-07-24T06:00:00,Missing Submission
Maya Delgado,Active,2026-03-31,TRUE,Amanda Hollis,Q2-FY2027,2027,QUARTER,2,1,New Logos Forecast (#),Forecast,6.0,,2026-04-30T19:25:38,2026-05-01T00:00:00,2026-05-01T06:00:00,Standard Submission
Maya Delgado,Active,2026-03-31,TRUE,Amanda Hollis,Q2-FY2027,2027,QUARTER,2,2,New Logos Forecast (#),Forecast,7.0,,2026-05-07T20:50:01,2026-05-01T06:00:00,2026-05-08T06:00:00,Standard Submission
Maya Delgado,Active,2026-03-31,TRUE,Amanda Hollis,Q2-FY2027,2027,QUARTER,2,3,New Logos Forecast (#),Forecast,7.0,,2026-05-14T23:47:38,2026-05-08T06:00:00,2026-05-15T06:00:00,Standard Submission
Maya Delgado,Active,2026-03-31,TRUE,Amanda Hollis,Q2-FY2027,2027,QUARTER,2,4,New Logos Forecast (#),Forecast,7.0,,2026-05-21T23:47:17,2026-05-15T06:00:00,2026-05-22T06:00:00,Standard Submission
Maya Delgado,Active,2026-03-31,TRUE,Amanda Hollis,Q2-FY2027,2027,QUARTER,2,5,New Logos Forecast (#),Forecast,7.0,,2026-05-29T00:46:00,2026-05-22T06:00:00,2026-05-29T06:00:00,Standard Submission
Maya Delgado,Active,2026-03-31,TRUE,Amanda Hollis,Q2-FY2027,2027,QUARTER,2,6,New Logos Forecast (#),Forecast,7.0,,2026-06-04T22:33:24,2026-05-29T06:00:00,2026-06-05T06:00:00,Standard Submission
Maya Delgado,Active,2026-03-31,TRUE,Amanda Hollis,Q2-FY2027,2027,QUARTER,2,7,New Logos Forecast (#),Forecast,7.0,,2026-06-11T18:49:59,2026-06-05T06:00:00,2026-06-12T06:00:00,Standard Submission
Maya Delgado,Active,2026-03-31,TRUE,Amanda Hollis,Q2-FY2027,2027,QUARTER,2,8,New Logos Forecast (#),Forecast,6.0,,2026-06-18T15:18:58,2026-06-12T06:00:00,2026-06-19T06:00:00,Standard Submission
Maya Delgado,Active,2026-03-31,TRUE,Amanda Hollis,Q2-FY2027,2027,QUARTER,2,9,New Logos Forecast (#),Forecast,6.0,,2026-06-25T12:47:08,2026-06-19T06:00:00,2026-06-26T06:00:00,Standard Submission
Maya Delgado,Active,2026-03-31,TRUE,Amanda Hollis,Q2-FY2027,2027,QUARTER,2,10,New Logos Forecast (#),Forecast,5.0,,2026-07-01T18:20:30,2026-06-26T06:00:00,2026-07-03T06:00:00,Standard Submission
Maya Delgado,Active,2026-03-31,TRUE,Amanda Hollis,Q2-FY2027,2027,QUARTER,2,11,New Logos Forecast (#),Forecast,2.0,,2026-07-09T15:00:32,2026-07-03T06:00:00,2026-07-10T06:00:00,Standard Submission
Maya Delgado,Active,2026-03-31,TRUE,Amanda Hollis,Q2-FY2027,2027,QUARTER,2,12,New Logos Forecast (#),Forecast,2.0,,2026-07-16T19:38:59,2026-07-10T06:00:00,2026-07-17T06:00:00,Standard Submission
Maya Delgado,Active,2026-03-31,TRUE,Amanda Hollis,Q2-FY2027,2027,QUARTER,2,13,New Logos Forecast (#),Forecast,2.0,,2026-07-24T06:03:06,2026-07-17T06:00:00,2026-07-24T06:00:00,Missing Submission
Maya Delgado,Active,2026-03-31,TRUE,Amanda Hollis,M6-FY2027,2027,MONTH,6,7,Forecast,Forecast,200000.0,"DM 6/11

Headline - Holding at $200,000

Closed Won - $4,485
Gap to Call - $195,515
Pipe Coverage to Forecast - 0.66X
Team Rollup - $239,000
Vantera AI Call - $76,520
Commentary -
The following deals have possibilities to close this month on top of what is listed already in the Commit and Best Case section.
- Concourse Technologies $80k - Did demo with the larger team and there is real interest. Breaking up into smaller demos
- EyeFinity - $31k - Not meeting again until end of month because of President being out but President was bought in before going out. Have presented Pricing and we are close.
- Kiln - Unpredictable how much will come from them but they consistently are adding about 8-10 licenses a week.
- Create & Close - I am hedging that we can find at least $30k from Create and Close from current customers

Commit:
- DocVault $36,900
- Built Technologies $6,750
- Eyefinity $31,000 (Hedged)
Best Case:
- Bloomfield $50,000
- METIER $10,560
- Concourse Technologies - $80,000
- ConstructPro - $24,700",2026-06-11T18:58:44,2026-06-05T06:00:00,2026-06-12T06:00:00,Standard Submission
Maya Delgado,Active,2026-03-31,TRUE,Amanda Hollis,M6-FY2027,2027,MONTH,6,8,Forecast,Forecast,120000.0,"DM 6/18

Headline - Dropping to $120k due to deals like Eyefinity and DocVault having risk of signing this month. Concourse Technologies also previously said they would be able to sign by end of month, but their evaluation is getting extended a couple more weeks.

Closed Won - $23,805
Gap to Call - $96,195
Pipe Coverage to Forecast - 1.31X
Team Rollup - $239,000
Vantera AI Call - $112,800

Logic
- EyeFinity - $31k - Has a small chance to still come in given they want to move fast but with their CEO (signer) out of office until last part of June and us needing to meet with the team after the confirm the the CEO I think it gets pushed
- DocVault commit pushes into July because Vantera Credit conversations delayed some conversations and signer went out of the country for a couple of weeks

Key Deals:
- Bloomfield - $35k
- ConstructPro - $24,700
- Ferry Renewal - $14,500
- METIER - $10,560

Upside:
- DocVault $36,900
- Eyefinity $31,000 (Hedged)",2026-06-18T17:06:32,2026-06-12T06:00:00,2026-06-19T06:00:00,Standard Submission
Maya Delgado,Active,2026-03-31,TRUE,Amanda Hollis,M6-FY2027,2027,MONTH,6,9,Forecast,Forecast,120000.0,"DM 6/18

Headline - Dropping to $120k due to deals like Eyefinity and DocVault having risk of signing this month. Concourse Technologies also previously said they would be able to sign by end of month, but their evaluation is getting extended a couple more weeks.

Closed Won - $23,805
Gap to Call - $96,195
Pipe Coverage to Forecast - 0.71X
Team Rollup - $192,200
Vantera AI Call - $88,080

Logic
- VVista - $40K Wants to move forward and feels good about getting approved by CRO if all-in year 1 is under $50k (including implementation)
- a Few renewals that have to close this month that have upsells attached.
- DraftSketch has already closed but just not processed by Finance yet.

Key Deals:
- Bloomfield - $35k
- VVista - $40K
- DraftSketch (Direct Purchase) - $10,880
- Ferry Renewal - $14,500
- METIER - $10,560

Upside
- FranBridge - $11k",2026-06-25T16:12:28,2026-06-19T06:00:00,2026-06-26T06:00:00,Standard Submission
Maya Delgado,Active,2026-03-31,TRUE,Amanda Hollis,M6-FY2027,2027,MONTH,6,7,Best Case,Forecast,300000.0,,2026-06-11T18:49:22,2026-06-05T06:00:00,2026-06-12T06:00:00,Standard Submission
Maya Delgado,Active,2026-03-31,TRUE,Amanda Hollis,M6-FY2027,2027,MONTH,6,8,Best Case,Forecast,200000.0,,2026-06-18T16:49:51,2026-06-12T06:00:00,2026-06-19T06:00:00,Standard Submission
Maya Delgado,Active,2026-03-31,TRUE,Amanda Hollis,M6-FY2027,2027,MONTH,6,9,Best Case,Forecast,140000.0,,2026-06-25T16:01:52,2026-06-19T06:00:00,2026-06-26T06:00:00,Standard Submission
Maya Delgado,Active,2026-03-31,TRUE,Amanda Hollis,M6-FY2027,2027,MONTH,6,7,New Logos Forecast (#),Forecast,1.0,,2026-06-11T18:49:59,2026-06-05T06:00:00,2026-06-12T06:00:00,Standard Submission
Maya Delgado,Active,2026-03-31,TRUE,Amanda Hollis,M6-FY2027,2027,MONTH,6,8,New Logos Forecast (#),Forecast,0.0,,2026-06-18T16:50:12,2026-06-12T06:00:00,2026-06-19T06:00:00,Standard Submission
Maya Delgado,Active,2026-03-31,TRUE,Amanda Hollis,M6-FY2027,2027,MONTH,6,9,New Logos Forecast (#),Forecast,0.0,,2026-06-25T12:47:08,2026-06-19T06:00:00,2026-06-26T06:00:00,Standard Submission
Elena Whitaker,Active,2024-04-26,FALSE,Maya Delgado,M7-FY2027,2027,MONTH,7,3,Forecast,Forecast,100000.0,,2026-05-13T15:56:54,2026-05-08T06:00:00,2026-05-15T06:00:00,Standard Submission
Elena Whitaker,Active,2024-04-26,FALSE,Maya Delgado,M7-FY2027,2027,MONTH,7,4,Forecast,Forecast,100000.0,,2026-05-20T15:42:53,2026-05-15T06:00:00,2026-05-22T06:00:00,Standard Submission
Elena Whitaker,Active,2024-04-26,FALSE,Maya Delgado,M7-FY2027,2027,MONTH,7,5,Forecast,Forecast,160000.0,"Headline: $220k early Q call

Current Q CW = $31k
Gap to call = $190k
Pipe coverage to forecast: 2.85x

Logic:
- Vantera has me at $550k
- early stage deals that creates risk but expecting to continue to source and close in Q as well
- will for sure be at $60k w NetDocs, expecting at least $160k in newbiz w some combination of deals

Key deals impacting my call:
- $375k Rithum
- $100k PathPoint
- $30k NetDocs upsell
- $100k SmartFinancial (early stage)

Upside:
- early stage opps but could convert multiple",2026-05-27T15:35:53,2026-05-22T06:00:00,2026-05-29T06:00:00,Standard Submission
Elena Whitaker,Active,2024-04-26,FALSE,Maya Delgado,M7-FY2027,2027,MONTH,7,6,Forecast,Forecast,160000.0,"Headline: $220k early Q call

Current Q CW = $31k
Gap to call = $190k
Pipe coverage to forecast: 2.85x

Logic:
- Vantera has me at $550k
- early stage deals that creates risk but expecting to continue to source and close in Q as well
- will for sure be at $60k w NetDocs, expecting at least $160k in newbiz w some combination of deals

Key deals impacting my call:
- $375k Rithum
- $100k PathPoint
- $30k NetDocs upsell
- $100k SmartFinancial (early stage)

Upside:
- early stage opps but could convert multiple",2026-06-03T13:38:01,2026-05-29T06:00:00,2026-06-05T06:00:00,Standard Submission
Elena Whitaker,Active,2024-04-26,FALSE,Maya Delgado,M7-FY2027,2027,MONTH,7,7,Forecast,Forecast,160000.0,"Headline: $220k early Q call

Current Q CW = $31k
Gap to call = $190k
Pipe coverage to forecast: 2.85x

Logic:
- Vantera has me at $550k
- early stage deals that creates risk but expecting to continue to source and close in Q as well
- will for sure be at $60k w NetDocs, expecting at least $160k in newbiz w some combination of deals

Key deals impacting my call:
- $375k Rithum
- $100k PathPoint
- $30k NetDocs upsell
- $100k SmartFinancial (early stage)

Upside:
- early stage opps but could convert multiple",2026-06-10T14:27:40,2026-06-05T06:00:00,2026-06-12T06:00:00,Standard Submission
Elena Whitaker,Active,2024-04-26,FALSE,Maya Delgado,M7-FY2027,2027,MONTH,7,8,Forecast,Forecast,160000.0,"Headline: $220k early Q call

Current Q CW = $31k
Gap to call = $190k
Pipe coverage to forecast: 2.85x

Logic:
- Vantera has me at $550k
- early stage deals that creates risk but expecting to continue to source and close in Q as well
- will for sure be at $60k w NetDocs, expecting at least $160k in newbiz w some combination of deals

Key deals impacting my call:
- $375k Rithum
- $100k PathPoint
- $30k NetDocs upsell
- $100k SmartFinancial (early stage)

Upside:
- early stage opps but could convert multiple",2026-06-17T15:07:44,2026-06-12T06:00:00,2026-06-19T06:00:00,Standard Submission
Elena Whitaker,Active,2024-04-26,FALSE,Maya Delgado,M7-FY2027,2027,MONTH,7,9,Forecast,Forecast,160000.0,"Headline: $220k early Q call

Current Q CW = $31k
Gap to call = $190k
Pipe coverage to forecast: 2.85x

Logic:
- Vantera has me at $550k
- early stage deals that creates risk but expecting to continue to source and close in Q as well
- will for sure be at $60k w NetDocs, expecting at least $160k in newbiz w some combination of deals

Key deals impacting my call:
- $375k Rithum
- $100k PathPoint
- $30k NetDocs upsell
- $100k SmartFinancial (early stage)

Upside:
- early stage opps but could convert multiple",2026-06-26T06:03:18,2026-06-19T06:00:00,2026-06-26T06:00:00,Missing Submission
Elena Whitaker,Active,2024-04-26,FALSE,Maya Delgado,M7-FY2027,2027,MONTH,7,10,Forecast,Forecast,190000.0,"Headline: $220k call, multiple large deals could swing big either way

Current Q CW = $0
Gap to call = $190k
Pipe coverage to forecast: 2.42x

Logic:
- Vantera has me at $311k
- $150k will come from either PathPoint or SmartFinancial combo
- will for sure be at $70k w NetDocs enable and data cloud upsell

Key deals impacting my call:
- $150k PathPoint
- $40k NetDocs upsell
- $240k SmartFinancial

Upside:
- could close PathPoint + SmartFinancial
- early stage DCM + Mspark opps",2026-06-30T10:12:54,2026-06-26T06:00:00,2026-07-03T06:00:00,Standard Submission
Elena Whitaker,Active,2024-04-26,FALSE,Maya Delgado,M7-FY2027,2027,MONTH,7,11,Forecast,Forecast,190000.0,"Headline: $220k call, multiple large deals could swing big either way

Current Q CW = $0
Gap to call = $190k
Pipe coverage to forecast: 2.42x

Logic:
- Vantera has me at $311k
- $150k will come from either PathPoint or SmartFinancial combo
- will for sure be at $70k w NetDocs enable and data cloud upsell

Key deals impacting my call:
- $150k PathPoint
- $40k NetDocs upsell
- $240k SmartFinancial

Upside:
- could close PathPoint + SmartFinancial
- early stage DCM + Mspark opps",2026-07-08T15:48:45,2026-07-03T06:00:00,2026-07-10T06:00:00,Standard Submission
Elena Whitaker,Active,2024-04-26,FALSE,Maya Delgado,M7-FY2027,2027,MONTH,7,12,Forecast,Forecast,190000.0,"Headline: $220k call, multiple large deals could swing big either way

Current Q CW = $0
Gap to call = $190k
Pipe coverage to forecast: 2.42x

Logic:
- Vantera has me at $311k
- $150k will come from either PathPoint or SmartFinancial combo
- will for sure be at $70k w NetDocs enable and data cloud upsell

Key deals impacting my call:
- $150k PathPoint
- $40k NetDocs upsell
- $240k SmartFinancial

Upside:
- could close PathPoint + SmartFinancial
- early stage DCM + Mspark opps",2026-07-15T18:21:11,2026-07-10T06:00:00,2026-07-17T06:00:00,Standard Submission
Elena Whitaker,Active,2024-04-26,FALSE,Maya Delgado,M7-FY2027,2027,MONTH,7,13,Forecast,Forecast,190000.0,"Headline: $220k call, multiple large deals could swing big either way

Current Q CW = $0
Gap to call = $190k
Pipe coverage to forecast: 2.42x

Logic:
- Vantera has me at $311k
- $150k will come from either PathPoint or SmartFinancial combo
- will for sure be at $70k w NetDocs enable and data cloud upsell

Key deals impacting my call:
- $150k PathPoint
- $40k NetDocs upsell
- $240k SmartFinancial

Upside:
- could close PathPoint + SmartFinancial
- early stage DCM + Mspark opps",2026-07-22T12:23:34,2026-07-17T06:00:00,2026-07-24T06:00:00,Standard Submission
Elena Whitaker,Active,2024-04-26,FALSE,Maya Delgado,M7-FY2027,2027,MONTH,7,3,Best Case,Forecast,150000.0,,2026-05-13T15:56:33,2026-05-08T06:00:00,2026-05-15T06:00:00,Standard Submission
Elena Whitaker,Active,2024-04-26,FALSE,Maya Delgado,M7-FY2027,2027,MONTH,7,4,Best Case,Forecast,150000.0,,2026-05-20T15:43:08,2026-05-15T06:00:00,2026-05-22T06:00:00,Standard Submission
Elena Whitaker,Active,2024-04-26,FALSE,Maya Delgado,M7-FY2027,2027,MONTH,7,5,Best Case,Forecast,200000.0,"Upside:
- early stage opps but could convert multiple and expect to grow deal sizes",2026-05-27T15:39:07,2026-05-22T06:00:00,2026-05-29T06:00:00,Standard Submission
Elena Whitaker,Active,2024-04-26,FALSE,Maya Delgado,M7-FY2027,2027,MONTH,7,6,Best Case,Forecast,200000.0,"Upside:
- early stage opps but could convert multiple and expect to grow deal sizes",2026-06-03T13:38:07,2026-05-29T06:00:00,2026-06-05T06:00:00,Standard Submission
Elena Whitaker,Active,2024-04-26,FALSE,Maya Delgado,M7-FY2027,2027,MONTH,7,7,Best Case,Forecast,200000.0,"Upside:
- early stage opps but could convert multiple and expect to grow deal sizes",2026-06-10T14:27:43,2026-06-05T06:00:00,2026-06-12T06:00:00,Standard Submission
Elena Whitaker,Active,2024-04-26,FALSE,Maya Delgado,M7-FY2027,2027,MONTH,7,8,Best Case,Forecast,200000.0,"Upside:
- early stage opps but could convert multiple and expect to grow deal sizes",2026-06-17T15:08:02,2026-06-12T06:00:00,2026-06-19T06:00:00,Standard Submission
Elena Whitaker,Active,2024-04-26,FALSE,Maya Delgado,M7-FY2027,2027,MONTH,7,9,Best Case,Forecast,200000.0,"Upside:
- early stage opps but could convert multiple and expect to grow deal sizes",2026-06-26T06:03:18,2026-06-19T06:00:00,2026-06-26T06:00:00,Missing Submission
Elena Whitaker,Active,2024-04-26,FALSE,Maya Delgado,M7-FY2027,2027,MONTH,7,10,Best Case,Forecast,200000.0,"Upside:
- early stage opps but could convert multiple and expect to grow deal sizes",2026-06-30T10:09:44,2026-06-26T06:00:00,2026-07-03T06:00:00,Standard Submission
Elena Whitaker,Active,2024-04-26,FALSE,Maya Delgado,M7-FY2027,2027,MONTH,7,11,Best Case,Forecast,200000.0,"Upside:
- early stage opps but could convert multiple and expect to grow deal sizes",2026-07-08T15:49:02,2026-07-03T06:00:00,2026-07-10T06:00:00,Standard Submission
Elena Whitaker,Active,2024-04-26,FALSE,Maya Delgado,M7-FY2027,2027,MONTH,7,12,Best Case,Forecast,200000.0,"Upside:
- early stage opps but could convert multiple and expect to grow deal sizes",2026-07-13T12:13:04,2026-07-10T06:00:00,2026-07-17T06:00:00,Standard Submission
Elena Whitaker,Active,2024-04-26,FALSE,Maya Delgado,M7-FY2027,2027,MONTH,7,13,Best Case,Forecast,200000.0,"Upside:
- early stage opps but could convert multiple and expect to grow deal sizes",2026-07-22T13:09:50,2026-07-17T06:00:00,2026-07-24T06:00:00,Standard Submission
Elena Whitaker,Active,2024-04-26,FALSE,Maya Delgado,M7-FY2027,2027,MONTH,7,3,New Logos Forecast (#),Forecast,2.0,,2026-05-13T15:56:16,2026-05-08T06:00:00,2026-05-15T06:00:00,Standard Submission
Elena Whitaker,Active,2024-04-26,FALSE,Maya Delgado,M7-FY2027,2027,MONTH,7,4,New Logos Forecast (#),Forecast,2.0,,2026-05-20T15:44:12,2026-05-15T06:00:00,2026-05-22T06:00:00,Standard Submission
Elena Whitaker,Active,2024-04-26,FALSE,Maya Delgado,M7-FY2027,2027,MONTH,7,5,New Logos Forecast (#),Forecast,2.0,,2026-05-27T15:34:43,2026-05-22T06:00:00,2026-05-29T06:00:00,Standard Submission
Elena Whitaker,Active,2024-04-26,FALSE,Maya Delgado,M7-FY2027,2027,MONTH,7,6,New Logos Forecast (#),Forecast,2.0,,2026-06-03T13:38:17,2026-05-29T06:00:00,2026-06-05T06:00:00,Standard Submission
Elena Whitaker,Active,2024-04-26,FALSE,Maya Delgado,M7-FY2027,2027,MONTH,7,7,New Logos Forecast (#),Forecast,2.0,,2026-06-10T14:27:51,2026-06-05T06:00:00,2026-06-12T06:00:00,Standard Submission
Elena Whitaker,Active,2024-04-26,FALSE,Maya Delgado,M7-FY2027,2027,MONTH,7,8,New Logos Forecast (#),Forecast,2.0,,2026-06-17T15:08:05,2026-06-12T06:00:00,2026-06-19T06:00:00,Standard Submission
Elena Whitaker,Active,2024-04-26,FALSE,Maya Delgado,M7-FY2027,2027,MONTH,7,9,New Logos Forecast (#),Forecast,2.0,,2026-06-26T06:03:18,2026-06-19T06:00:00,2026-06-26T06:00:00,Missing Submission
Elena Whitaker,Active,2024-04-26,FALSE,Maya Delgado,M7-FY2027,2027,MONTH,7,10,New Logos Forecast (#),Forecast,2.0,,2026-07-03T06:03:23,2026-06-26T06:00:00,2026-07-03T06:00:00,Missing Submission
Elena Whitaker,Active,2024-04-26,FALSE,Maya Delgado,M7-FY2027,2027,MONTH,7,11,New Logos Forecast (#),Forecast,2.0,,2026-07-08T15:49:08,2026-07-03T06:00:00,2026-07-10T06:00:00,Standard Submission
Elena Whitaker,Active,2024-04-26,FALSE,Maya Delgado,M7-FY2027,2027,MONTH,7,12,New Logos Forecast (#),Forecast,2.0,,2026-07-13T12:10:17,2026-07-10T06:00:00,2026-07-17T06:00:00,Standard Submission
Elena Whitaker,Active,2024-04-26,FALSE,Maya Delgado,M7-FY2027,2027,MONTH,7,13,New Logos Forecast (#),Forecast,2.0,,2026-07-22T15:30:26,2026-07-17T06:00:00,2026-07-24T06:00:00,Standard Submission
Elena Whitaker,Active,2024-04-26,FALSE,Maya Delgado,M5-FY2027,2027,MONTH,5,2,Forecast,Forecast,15000.0,"Headline: $15k May call

Current Q CW = $0
Gap to call = $15k
Pipe coverage to forecast: 0x

Logic:
- large early stage opps, but expecting upsells/self serves and looking to pull anything in early

Key deals impacting my call:
For May:
- none

For the Q:
- $300k Rithum
- $60k Drummond Services
- $100k PathPoint
- $30k NetDocs upsell

Upside:
- early stage opps but could convert multiple",2026-05-06T14:15:25,2026-05-01T06:00:00,2026-05-08T06:00:00,Standard Submission
Elena Whitaker,Active,2024-04-26,FALSE,Maya Delgado,M5-FY2027,2027,MONTH,5,3,Forecast,Forecast,31000.0,"Headline: $15k May call

Current Q CW = $31k
Gap to call = $0
Pipe coverage to forecast: 0x

Logic:
- $31k NetDocs upsell
- large early stage opps, but expecting upsells/self serves and looking to pull anything in early

Key deals impacting my call:
For May:
- none

For the Q:
- $300k Rithum
- $60k Drummond Services
- $100k PathPoint
- $30k NetDocs upsell

Upside:
- early stage opps but could convert multiple",2026-05-13T15:45:55,2026-05-08T06:00:00,2026-05-15T06:00:00,Standard Submission
Elena Whitaker,Active,2024-04-26,FALSE,Maya Delgado,M5-FY2027,2027,MONTH,5,4,Forecast,Forecast,31000.0,"Headline: $15k May call

Current Q CW = $31k
Gap to call = $0
Pipe coverage to forecast: 0x

Logic:
- $31k NetDocs upsell
- large early stage opps, but expecting upsells/self serves and looking to pull anything in early

Key deals impacting my call:
For May:
- none

For the Q:
- $300k Rithum
- $60k Drummond Services
- $100k PathPoint
- $30k NetDocs upsell

Upside:
- early stage opps but could convert multiple",2026-05-20T15:42:53,2026-05-15T06:00:00,2026-05-22T06:00:00,Standard Submission
Elena Whitaker,Active,2024-04-26,FALSE,Maya Delgado,M5-FY2027,2027,MONTH,5,5,Forecast,Forecast,31000.0,"Headline: $15k May call

Current Q CW = $31k
Gap to call = $0
Pipe coverage to forecast: 0x

Logic:
- $31k NetDocs upsell
- large early stage opps, but expecting upsells/self serves and looking to pull anything in early

Key deals impacting my call:
For May:
- none

For the Q:
- $300k Rithum
- $60k Drummond Services
- $100k PathPoint
- $30k NetDocs upsell

Upside:
- early stage opps but could convert multiple",2026-05-27T15:33:17,2026-05-22T06:00:00,2026-05-29T06:00:00,Standard Submission
Elena Whitaker,Active,2024-04-26,FALSE,Maya Delgado,M5-FY2027,2027,MONTH,5,2,Best Case,Forecast,40000.0,"Upside:
- could pull NetDocs in month but unlikely",2026-05-06T14:16:03,2026-05-01T06:00:00,2026-05-08T06:00:00,Standard Submission
Elena Whitaker,Active,2024-04-26,FALSE,Maya Delgado,M5-FY2027,2027,MONTH,5,3,Best Case,Forecast,50000.0,"Upside:
- could pull NetDocs in month but unlikely",2026-05-13T15:46:08,2026-05-08T06:00:00,2026-05-15T06:00:00,Standard Submission
Elena Whitaker,Active,2024-04-26,FALSE,Maya Delgado,M5-FY2027,2027,MONTH,5,4,Best Case,Forecast,50000.0,"Upside:
- could pull NetDocs in month but unlikely",2026-05-20T15:43:08,2026-05-15T06:00:00,2026-05-22T06:00:00,Standard Submission
Elena Whitaker,Active,2024-04-26,FALSE,Maya Delgado,M5-FY2027,2027,MONTH,5,5,Best Case,Forecast,31600.0,"Upside:
- could pull NetDocs in month but unlikely",2026-05-27T15:39:07,2026-05-22T06:00:00,2026-05-29T06:00:00,Standard Submission
Elena Whitaker,Active,2024-04-26,FALSE,Maya Delgado,M5-FY2027,2027,MONTH,5,2,New Logos Forecast (#),Forecast,0.0,,2026-05-06T14:16:31,2026-05-01T06:00:00,2026-05-08T06:00:00,Standard Submission
Elena Whitaker,Active,2024-04-26,FALSE,Maya Delgado,M5-FY2027,2027,MONTH,5,3,New Logos Forecast (#),Forecast,0.0,,2026-05-13T15:50:15,2026-05-08T06:00:00,2026-05-15T06:00:00,Standard Submission
Elena Whitaker,Active,2024-04-26,FALSE,Maya Delgado,M5-FY2027,2027,MONTH,5,4,New Logos Forecast (#),Forecast,0.0,,2026-05-20T15:44:25,2026-05-15T06:00:00,2026-05-22T06:00:00,Standard Submission
Elena Whitaker,Active,2024-04-26,FALSE,Maya Delgado,M5-FY2027,2027,MONTH,5,5,New Logos Forecast (#),Forecast,0.0,,2026-05-27T15:34:43,2026-05-22T06:00:00,2026-05-29T06:00:00,Standard Submission
Elena Whitaker,Active,2024-04-26,FALSE,Maya Delgado,Q2-FY2027,2027,QUARTER,2,2,Forecast,Forecast,220000.0,"Headline: $220k early Q call

Current Q CW = $0
Gap to call = $220k
Pipe coverage to forecast: 1x

Logic:
- Vantera has me at $310k
- early stage deals that creates risk but expecting to continue to source and close in Q as well

Key deals impacting my call:
- $300k Rithum
- $60k Drummond Services
- $100k PathPoint
- $30k NetDocs upsell

Upside:
- early stage opps but could convert multiple",2026-05-06T14:12:38,2026-05-01T06:00:00,2026-05-08T06:00:00,Standard Submission
Elena Whitaker,Active,2024-04-26,FALSE,Maya Delgado,Q2-FY2027,2027,QUARTER,2,3,Forecast,Forecast,220000.0,"Headline: $220k early Q call

Current Q CW = $0
Gap to call = $220k
Pipe coverage to forecast: 1x

Logic:
- Vantera has me at $310k
- early stage deals that creates risk but expecting to continue to source and close in Q as well

Key deals impacting my call:
- $375k Rithum
- $100k PathPoint
- $30k NetDocs upsell

Upside:
- early stage opps but could convert multiple",2026-05-13T15:45:55,2026-05-08T06:00:00,2026-05-15T06:00:00,Standard Submission
Elena Whitaker,Active,2024-04-26,FALSE,Maya Delgado,Q2-FY2027,2027,QUARTER,2,4,Forecast,Forecast,220000.0,"Headline: $220k early Q call

Current Q CW = $0
Gap to call = $220k
Pipe coverage to forecast: 1x

Logic:
- Vantera has me at $600k
- early stage deals that creates risk but expecting to continue to source and close in Q as well

Key deals impacting my call:
- $375k Rithum
- $100k PathPoint
- $30k NetDocs upsell
- $150k Altus (early stage)

Upside:
- early stage opps but could convert multiple",2026-05-20T15:42:53,2026-05-15T06:00:00,2026-05-22T06:00:00,Standard Submission
Elena Whitaker,Active,2024-04-26,FALSE,Maya Delgado,Q2-FY2027,2027,QUARTER,2,5,Forecast,Forecast,220000.0,"Headline: $220k early Q call

Current Q CW = $31k
Gap to call = $190k
Pipe coverage to forecast: 2.85x

Logic:
- Vantera has me at $550k
- early stage deals that creates risk but expecting to continue to source and close in Q as well
- will for sure be at $60k w NetDocs, expecting at least $160k in newbiz w some combination of deals

Key deals impacting my call:
- $375k Rithum
- $100k PathPoint
- $30k NetDocs upsell
- $100k SmartFinancial (early stage)

Upside:
- early stage opps but could convert multiple",2026-05-27T15:33:17,2026-05-22T06:00:00,2026-05-29T06:00:00,Standard Submission
Elena Whitaker,Active,2024-04-26,FALSE,Maya Delgado,Q2-FY2027,2027,QUARTER,2,6,Forecast,Forecast,220000.0,"Headline: $220k early Q call

Current Q CW = $31k
Gap to call = $190k
Pipe coverage to forecast: 2.85x

Logic:
- Vantera has me at $550k
- early stage deals that creates risk but expecting to continue to source and close in Q as well
- will for sure be at $60k w NetDocs, expecting at least $160k in newbiz w some combination of deals

Key deals impacting my call:
- $375k Rithum
- $100k PathPoint
- $30k NetDocs upsell
- $240k SmartFinancial (early stage)

Upside:
- early stage opps but could convert multiple",2026-06-03T13:38:01,2026-05-29T06:00:00,2026-06-05T06:00:00,Standard Submission
Elena Whitaker,Active,2024-04-26,FALSE,Maya Delgado,Q2-FY2027,2027,QUARTER,2,7,Forecast,Forecast,220000.0,"Headline: $220k early Q call

Current Q CW = $31k
Gap to call = $190k
Pipe coverage to forecast: 2.85x

Logic:
- Vantera has me at $550k
- early stage deals that creates risk but expecting to continue to source and close in Q as well
- will for sure be at $60k w NetDocs, expecting at least $160k in newbiz w some combination of deals

Key deals impacting my call:
- $375k Rithum
- $100k PathPoint
- $30k NetDocs upsell
- $240k SmartFinancial (early stage)

Upside:
- early stage opps but could convert multiple",2026-06-10T14:27:40,2026-06-05T06:00:00,2026-06-12T06:00:00,Standard Submission
Elena Whitaker,Active,2024-04-26,FALSE,Maya Delgado,Q2-FY2027,2027,QUARTER,2,8,Forecast,Forecast,220000.0,"Headline: $220k early Q call

Current Q CW = $31k
Gap to call = $190k
Pipe coverage to forecast: 2.85x

Logic:
- Vantera has me at $550k
- early stage deals that creates risk but expecting to continue to source and close in Q as well
- will for sure be at $60k w NetDocs, expecting at least $160k in newbiz w some combination of deals

Key deals impacting my call:
- $150k PathPoint
- $30k NetDocs upsell
- $240k SmartFinancial

Upside:
- early stage opps but could convert multiple",2026-06-17T15:07:44,2026-06-12T06:00:00,2026-06-19T06:00:00,Standard Submission
Elena Whitaker,Active,2024-04-26,FALSE,Maya Delgado,Q2-FY2027,2027,QUARTER,2,9,Forecast,Forecast,220000.0,"Headline: $220k early Q call

Current Q CW = $31k
Gap to call = $190k
Pipe coverage to forecast: 2.85x

Logic:
- Vantera has me at $550k
- early stage deals that creates risk but expecting to continue to source and close in Q as well
- will for sure be at $60k w NetDocs, expecting at least $160k in newbiz w some combination of deals

Key deals impacting my call:
- $150k PathPoint
- $30k NetDocs upsell
- $240k SmartFinancial

Upside:
- early stage opps but could convert multiple",2026-06-26T06:03:18,2026-06-19T06:00:00,2026-06-26T06:00:00,Missing Submission
Elena Whitaker,Active,2024-04-26,FALSE,Maya Delgado,Q2-FY2027,2027,QUARTER,2,10,Forecast,Forecast,220000.0,"Headline: $220k call, multiple large deals could swing big either way

Current Q CW = $31k
Gap to call = $190k
Pipe coverage to forecast: 2.42x

Logic:
- Vantera has me at $311k
- $150k will come from either PathPoint or SmartFinancial combo
- will for sure be at $70k w NetDocs enable and data cloud upsell

Key deals impacting my call:
- $150k PathPoint
- $40k NetDocs upsell
- $240k SmartFinancial

Upside:
- could close PathPoint + SmartFinancial
- early stage DCM + Mspark opps",2026-06-30T10:11:28,2026-06-26T06:00:00,2026-07-03T06:00:00,Standard Submission
Elena Whitaker,Active,2024-04-26,FALSE,Maya Delgado,Q2-FY2027,2027,QUARTER,2,11,Forecast,Forecast,220000.0,"Headline: $220k call, multiple large deals could swing big either way

Current Q CW = $31k
Gap to call = $190k
Pipe coverage to forecast: 2.42x

Logic:
- Vantera has me at $220k
- $150k will come from either PathPoint or SmartFinancial combo
- will for sure be at $70k w NetDocs enable and data cloud upsell

Key deals impacting my call:
- $150k PathPoint
- $40k NetDocs upsell
- $240k SmartFinancial

Upside:
- could close PathPoint + SmartFinancial
- early stage DCM + Mspark opps",2026-07-08T15:48:45,2026-07-03T06:00:00,2026-07-10T06:00:00,Standard Submission
Elena Whitaker,Active,2024-04-26,FALSE,Maya Delgado,Q2-FY2027,2027,QUARTER,2,12,Forecast,Forecast,117000.0,"Headline: $117k call, deals pushing but getting scrappy to cover $70k gap to quota

Current Q CW = $31k
Gap to call = $86k
Pipe coverage to forecast: 1.5x

Logic:
- PathPoint budget allegedly capped at ~$60k
- SmartFinancial pushed
- NetDocs back tracked Enable scope so ~$16k
- Tidewater upsell ~$10k

Key deals impacting my call:
- $100k PathPoint (budget apparently topped out at $60k)
- $16k NetDocs upsell
- $20k Tidewater upsell

Upside:
- outside chance of pulling in SmartFinancial",2026-07-15T18:21:11,2026-07-10T06:00:00,2026-07-17T06:00:00,Standard Submission
Elena Whitaker,Active,2024-04-26,FALSE,Maya Delgado,Q2-FY2027,2027,QUARTER,2,13,Forecast,Forecast,190000.0,"Headline: $190k call, PathPoint grew but still need to negotiate and nail dynamics integration

Current Q CW = $33k
Gap to call = $157k
Pipe coverage to forecast: 1.4x

Logic:
- PathPoint in negotiations, $208k list and likely land around $140/150k
- NetDocs back tracked Enable scope so ~$6k
- Tidewater upsell ~$10k

Key deals impacting my call:
- $200k PathPoint
- $16k NetDocs upsell
- $20k Tidewater upsell

Upside:",2026-07-22T12:23:34,2026-07-17T06:00:00,2026-07-24T06:00:00,Standard Submission
Elena Whitaker,Active,2024-04-26,FALSE,Maya Delgado,Q2-FY2027,2027,QUARTER,2,2,Best Case,Forecast,310000.0,"Upside:
- early stage opps but will convert multiple hefty deals w competitive renewals",2026-05-06T14:13:19,2026-05-01T06:00:00,2026-05-08T06:00:00,Standard Submission
Elena Whitaker,Active,2024-04-26,FALSE,Maya Delgado,Q2-FY2027,2027,QUARTER,2,3,Best Case,Forecast,310000.0,"Upside:
- early stage opps but will convert multiple hefty deals w competitive renewals",2026-05-13T15:46:08,2026-05-08T06:00:00,2026-05-15T06:00:00,Standard Submission
Elena Whitaker,Active,2024-04-26,FALSE,Maya Delgado,Q2-FY2027,2027,QUARTER,2,4,Best Case,Forecast,350000.0,"Upside:
- early stage opps but will convert multiple hefty deals w competitive renewals",2026-05-20T15:43:08,2026-05-15T06:00:00,2026-05-22T06:00:00,Standard Submission
Elena Whitaker,Active,2024-04-26,FALSE,Maya Delgado,Q2-FY2027,2027,QUARTER,2,5,Best Case,Forecast,350000.0,"Upside:
- early stage opps but planning on growing deal size of opps and booking more",2026-05-27T15:39:07,2026-05-22T06:00:00,2026-05-29T06:00:00,Standard Submission
Elena Whitaker,Active,2024-04-26,FALSE,Maya Delgado,Q2-FY2027,2027,QUARTER,2,6,Best Case,Forecast,350000.0,"Upside:
- early stage opps but planning on growing deal size of opps and booking more",2026-06-03T13:38:07,2026-05-29T06:00:00,2026-06-05T06:00:00,Standard Submission
Elena Whitaker,Active,2024-04-26,FALSE,Maya Delgado,Q2-FY2027,2027,QUARTER,2,7,Best Case,Forecast,350000.0,"Upside:
- early stage opps but planning on growing deal size of opps and booking more",2026-06-10T14:27:43,2026-06-05T06:00:00,2026-06-12T06:00:00,Standard Submission
Elena Whitaker,Active,2024-04-26,FALSE,Maya Delgado,Q2-FY2027,2027,QUARTER,2,8,Best Case,Forecast,350000.0,"Upside:
- early stage opps but planning on growing deal size of opps and booking more",2026-06-17T15:08:02,2026-06-12T06:00:00,2026-06-19T06:00:00,Standard Submission
Elena Whitaker,Active,2024-04-26,FALSE,Maya Delgado,Q2-FY2027,2027,QUARTER,2,9,Best Case,Forecast,350000.0,"Upside:
- early stage opps but planning on growing deal size of opps and booking more",2026-06-26T06:03:18,2026-06-19T06:00:00,2026-06-26T06:00:00,Missing Submission
Elena Whitaker,Active,2024-04-26,FALSE,Maya Delgado,Q2-FY2027,2027,QUARTER,2,10,Best Case,Forecast,350000.0,"Upside:
- upside if PathPoint + SmartFinancial come in",2026-06-30T10:09:44,2026-06-26T06:00:00,2026-07-03T06:00:00,Standard Submission
Elena Whitaker,Active,2024-04-26,FALSE,Maya Delgado,Q2-FY2027,2027,QUARTER,2,11,Best Case,Forecast,350000.0,"Upside:
- upside if PathPoint + SmartFinancial come in",2026-07-08T15:49:02,2026-07-03T06:00:00,2026-07-10T06:00:00,Standard Submission
Elena Whitaker,Active,2024-04-26,FALSE,Maya Delgado,Q2-FY2027,2027,QUARTER,2,12,Best Case,Forecast,280000.0,"Upside:
- upside if SmartFinancial come in",2026-07-13T12:13:04,2026-07-10T06:00:00,2026-07-17T06:00:00,Standard Submission
Elena Whitaker,Active,2024-04-26,FALSE,Maya Delgado,Q2-FY2027,2027,QUARTER,2,13,Best Case,Forecast,210000.0,"Upside:
- upside depending on upsells/negotiations",2026-07-22T13:09:50,2026-07-17T06:00:00,2026-07-24T06:00:00,Standard Submission
Elena Whitaker,Active,2024-04-26,FALSE,Maya Delgado,Q2-FY2027,2027,QUARTER,2,2,New Logos Forecast (#),Forecast,3.0,,2026-05-06T14:16:31,2026-05-01T06:00:00,2026-05-08T06:00:00,Standard Submission
Elena Whitaker,Active,2024-04-26,FALSE,Maya Delgado,Q2-FY2027,2027,QUARTER,2,3,New Logos Forecast (#),Forecast,3.0,,2026-05-13T15:50:15,2026-05-08T06:00:00,2026-05-15T06:00:00,Standard Submission
Elena Whitaker,Active,2024-04-26,FALSE,Maya Delgado,Q2-FY2027,2027,QUARTER,2,4,New Logos Forecast (#),Forecast,3.0,,2026-05-20T15:44:12,2026-05-15T06:00:00,2026-05-22T06:00:00,Standard Submission
Elena Whitaker,Active,2024-04-26,FALSE,Maya Delgado,Q2-FY2027,2027,QUARTER,2,5,New Logos Forecast (#),Forecast,3.0,,2026-05-27T15:34:43,2026-05-22T06:00:00,2026-05-29T06:00:00,Standard Submission
Elena Whitaker,Active,2024-04-26,FALSE,Maya Delgado,Q2-FY2027,2027,QUARTER,2,6,New Logos Forecast (#),Forecast,3.0,,2026-06-03T13:38:17,2026-05-29T06:00:00,2026-06-05T06:00:00,Standard Submission
Elena Whitaker,Active,2024-04-26,FALSE,Maya Delgado,Q2-FY2027,2027,QUARTER,2,7,New Logos Forecast (#),Forecast,2.0,,2026-06-10T14:27:51,2026-06-05T06:00:00,2026-06-12T06:00:00,Standard Submission
Elena Whitaker,Active,2024-04-26,FALSE,Maya Delgado,Q2-FY2027,2027,QUARTER,2,8,New Logos Forecast (#),Forecast,2.0,,2026-06-17T15:08:05,2026-06-12T06:00:00,2026-06-19T06:00:00,Standard Submission
Elena Whitaker,Active,2024-04-26,FALSE,Maya Delgado,Q2-FY2027,2027,QUARTER,2,9,New Logos Forecast (#),Forecast,2.0,,2026-06-26T06:03:18,2026-06-19T06:00:00,2026-06-26T06:00:00,Missing Submission
Elena Whitaker,Active,2024-04-26,FALSE,Maya Delgado,Q2-FY2027,2027,QUARTER,2,10,New Logos Forecast (#),Forecast,2.0,,2026-07-03T06:03:23,2026-06-26T06:00:00,2026-07-03T06:00:00,Missing Submission
Elena Whitaker,Active,2024-04-26,FALSE,Maya Delgado,Q2-FY2027,2027,QUARTER,2,11,New Logos Forecast (#),Forecast,2.0,,2026-07-08T15:49:08,2026-07-03T06:00:00,2026-07-10T06:00:00,Standard Submission
Elena Whitaker,Active,2024-04-26,FALSE,Maya Delgado,Q2-FY2027,2027,QUARTER,2,12,New Logos Forecast (#),Forecast,1.0,,2026-07-13T12:10:17,2026-07-10T06:00:00,2026-07-17T06:00:00,Standard Submission
Elena Whitaker,Active,2024-04-26,FALSE,Maya Delgado,Q2-FY2027,2027,QUARTER,2,13,New Logos Forecast (#),Forecast,1.0,,2026-07-22T15:30:26,2026-07-17T06:00:00,2026-07-24T06:00:00,Standard Submission
Elena Whitaker,Active,2024-04-26,FALSE,Maya Delgado,M6-FY2027,2027,MONTH,6,3,Forecast,Forecast,90000.0,- $375k Rithum but hedging for discounts/final headcount,2026-05-13T15:57:09,2026-05-08T06:00:00,2026-05-15T06:00:00,Standard Submission
Elena Whitaker,Active,2024-04-26,FALSE,Maya Delgado,M6-FY2027,2027,MONTH,6,4,Forecast,Forecast,90000.0,- $375k Rithum but hedging for discounts/final headcount,2026-05-20T15:42:53,2026-05-15T06:00:00,2026-05-22T06:00:00,Standard Submission
Elena Whitaker,Active,2024-04-26,FALSE,Maya Delgado,M6-FY2027,2027,MONTH,6,5,Forecast,Forecast,30000.0,- $30k NetDocs,2026-05-27T15:35:34,2026-05-22T06:00:00,2026-05-29T06:00:00,Standard Submission
Elena Whitaker,Active,2024-04-26,FALSE,Maya Delgado,M6-FY2027,2027,MONTH,6,6,Forecast,Forecast,30000.0,- $30k NetDocs,2026-06-03T13:38:01,2026-05-29T06:00:00,2026-06-05T06:00:00,Standard Submission
Elena Whitaker,Active,2024-04-26,FALSE,Maya Delgado,M6-FY2027,2027,MONTH,6,7,Forecast,Forecast,30000.0,- $30k NetDocs,2026-06-10T14:27:40,2026-06-05T06:00:00,2026-06-12T06:00:00,Standard Submission
Elena Whitaker,Active,2024-04-26,FALSE,Maya Delgado,M6-FY2027,2027,MONTH,6,8,Forecast,Forecast,30000.0,- $30k NetDocs,2026-06-17T15:07:44,2026-06-12T06:00:00,2026-06-19T06:00:00,Standard Submission
Elena Whitaker,Active,2024-04-26,FALSE,Maya Delgado,M6-FY2027,2027,MONTH,6,9,Forecast,Forecast,30000.0,- $30k NetDocs,2026-06-26T06:03:18,2026-06-19T06:00:00,2026-06-26T06:00:00,Missing Submission
Elena Whitaker,Active,2024-04-26,FALSE,Maya Delgado,M6-FY2027,2027,MONTH,6,10,Forecast,Forecast,0.0,- NetDocs pushing to July,2026-06-30T10:11:28,2026-06-26T06:00:00,2026-07-03T06:00:00,Standard Submission
Elena Whitaker,Active,2024-04-26,FALSE,Maya Delgado,M6-FY2027,2027,MONTH,6,3,Best Case,Forecast,300000.0,,2026-05-13T15:54:34,2026-05-08T06:00:00,2026-05-15T06:00:00,Standard Submission
Elena Whitaker,Active,2024-04-26,FALSE,Maya Delgado,M6-FY2027,2027,MONTH,6,4,Best Case,Forecast,300000.0,,2026-05-20T15:43:08,2026-05-15T06:00:00,2026-05-22T06:00:00,Standard Submission
Elena Whitaker,Active,2024-04-26,FALSE,Maya Delgado,M6-FY2027,2027,MONTH,6,5,Best Case,Forecast,100000.0,,2026-05-27T15:39:07,2026-05-22T06:00:00,2026-05-29T06:00:00,Standard Submission
Elena Whitaker,Active,2024-04-26,FALSE,Maya Delgado,M6-FY2027,2027,MONTH,6,6,Best Case,Forecast,100000.0,,2026-06-03T13:38:07,2026-05-29T06:00:00,2026-06-05T06:00:00,Standard Submission
Elena Whitaker,Active,2024-04-26,FALSE,Maya Delgado,M6-FY2027,2027,MONTH,6,7,Best Case,Forecast,100000.0,,2026-06-10T14:27:43,2026-06-05T06:00:00,2026-06-12T06:00:00,Standard Submission
Elena Whitaker,Active,2024-04-26,FALSE,Maya Delgado,M6-FY2027,2027,MONTH,6,8,Best Case,Forecast,100000.0,,2026-06-17T15:08:02,2026-06-12T06:00:00,2026-06-19T06:00:00,Standard Submission
Elena Whitaker,Active,2024-04-26,FALSE,Maya Delgado,M6-FY2027,2027,MONTH,6,9,Best Case,Forecast,100000.0,,2026-06-26T06:03:18,2026-06-19T06:00:00,2026-06-26T06:00:00,Missing Submission
Elena Whitaker,Active,2024-04-26,FALSE,Maya Delgado,M6-FY2027,2027,MONTH,6,10,Best Case,Forecast,100000.0,,2026-06-30T10:09:44,2026-06-26T06:00:00,2026-07-03T06:00:00,Standard Submission
Elena Whitaker,Active,2024-04-26,FALSE,Maya Delgado,M6-FY2027,2027,MONTH,6,3,New Logos Forecast (#),Forecast,1.0,,2026-05-13T15:55:05,2026-05-08T06:00:00,2026-05-15T06:00:00,Standard Submission
Elena Whitaker,Active,2024-04-26,FALSE,Maya Delgado,M6-FY2027,2027,MONTH,6,4,New Logos Forecast (#),Forecast,1.0,,2026-05-20T15:44:12,2026-05-15T06:00:00,2026-05-22T06:00:00,Standard Submission
Elena Whitaker,Active,2024-04-26,FALSE,Maya Delgado,M6-FY2027,2027,MONTH,6,5,New Logos Forecast (#),Forecast,1.0,,2026-05-27T15:34:43,2026-05-22T06:00:00,2026-05-29T06:00:00,Standard Submission
Elena Whitaker,Active,2024-04-26,FALSE,Maya Delgado,M6-FY2027,2027,MONTH,6,6,New Logos Forecast (#),Forecast,1.0,,2026-06-03T13:38:17,2026-05-29T06:00:00,2026-06-05T06:00:00,Standard Submission
Elena Whitaker,Active,2024-04-26,FALSE,Maya Delgado,M6-FY2027,2027,MONTH,6,7,New Logos Forecast (#),Forecast,1.0,,2026-06-10T14:27:51,2026-06-05T06:00:00,2026-06-12T06:00:00,Standard Submission
Elena Whitaker,Active,2024-04-26,FALSE,Maya Delgado,M6-FY2027,2027,MONTH,6,8,New Logos Forecast (#),Forecast,1.0,,2026-06-17T15:08:05,2026-06-12T06:00:00,2026-06-19T06:00:00,Standard Submission
Elena Whitaker,Active,2024-04-26,FALSE,Maya Delgado,M6-FY2027,2027,MONTH,6,9,New Logos Forecast (#),Forecast,1.0,,2026-06-26T06:03:18,2026-06-19T06:00:00,2026-06-26T06:00:00,Missing Submission
Hugo Halvorsen,Active,2024-06-25,FALSE,Maya Delgado,M7-FY2027,2027,MONTH,7,0,Forecast,Forecast,100000.0,,2026-04-15T15:32:46,,,Standard Submission
Hugo Halvorsen,Active,2024-06-25,FALSE,Maya Delgado,M7-FY2027,2027,MONTH,7,1,Forecast,Forecast,100000.0,,2026-05-01T06:02:40,2026-05-01T00:00:00,2026-05-01T06:00:00,Missing Submission
Hugo Halvorsen,Active,2024-06-25,FALSE,Maya Delgado,M7-FY2027,2027,MONTH,7,2,Forecast,Forecast,85000.0,,2026-05-06T16:35:45,2026-05-01T06:00:00,2026-05-08T06:00:00,Standard Submission
Hugo Halvorsen,Active,2024-06-25,FALSE,Maya Delgado,M7-FY2027,2027,MONTH,7,3,Forecast,Forecast,85000.0,,2026-05-15T06:02:39,2026-05-08T06:00:00,2026-05-15T06:00:00,Missing Submission
Hugo Halvorsen,Active,2024-06-25,FALSE,Maya Delgado,M7-FY2027,2027,MONTH,7,4,Forecast,Forecast,85000.0,,2026-05-22T06:03:04,2026-05-15T06:00:00,2026-05-22T06:00:00,Missing Submission
Hugo Halvorsen,Active,2024-06-25,FALSE,Maya Delgado,M7-FY2027,2027,MONTH,7,5,Forecast,Forecast,85000.0,,2026-05-27T15:55:52,2026-05-22T06:00:00,2026-05-29T06:00:00,Standard Submission
Hugo Halvorsen,Active,2024-06-25,FALSE,Maya Delgado,M7-FY2027,2027,MONTH,7,6,Forecast,Forecast,85000.0,,2026-06-03T15:58:00,2026-05-29T06:00:00,2026-06-05T06:00:00,Standard Submission
Hugo Halvorsen,Active,2024-06-25,FALSE,Maya Delgado,M7-FY2027,2027,MONTH,7,7,Forecast,Forecast,85000.0,,2026-06-10T15:32:00,2026-06-05T06:00:00,2026-06-12T06:00:00,Standard Submission
Hugo Halvorsen,Active,2024-06-25,FALSE,Maya Delgado,M7-FY2027,2027,MONTH,7,8,Forecast,Forecast,85000.0,,2026-06-17T15:40:28,2026-06-12T06:00:00,2026-06-19T06:00:00,Standard Submission
Hugo Halvorsen,Active,2024-06-25,FALSE,Maya Delgado,M7-FY2027,2027,MONTH,7,9,Forecast,Forecast,106000.0,,2026-06-24T15:18:31,2026-06-19T06:00:00,2026-06-26T06:00:00,Standard Submission
Hugo Halvorsen,Active,2024-06-25,FALSE,Maya Delgado,M7-FY2027,2027,MONTH,7,10,Forecast,Forecast,106000.0,,2026-07-01T14:38:56,2026-06-26T06:00:00,2026-07-03T06:00:00,Standard Submission
Hugo Halvorsen,Active,2024-06-25,FALSE,Maya Delgado,M7-FY2027,2027,MONTH,7,11,Forecast,Forecast,106000.0,,2026-07-08T15:55:27,2026-07-03T06:00:00,2026-07-10T06:00:00,Standard Submission
Hugo Halvorsen,Active,2024-06-25,FALSE,Maya Delgado,M7-FY2027,2027,MONTH,7,12,Forecast,Forecast,106000.0,,2026-07-15T14:00:30,2026-07-10T06:00:00,2026-07-17T06:00:00,Standard Submission
Hugo Halvorsen,Active,2024-06-25,FALSE,Maya Delgado,M7-FY2027,2027,MONTH,7,13,Forecast,Forecast,71000.0,,2026-07-22T15:20:38,2026-07-17T06:00:00,2026-07-24T06:00:00,Standard Submission
Hugo Halvorsen,Active,2024-06-25,FALSE,Maya Delgado,M7-FY2027,2027,MONTH,7,0,Best Case,Forecast,150000.0,,2026-04-15T15:37:23,,,Standard Submission
Hugo Halvorsen,Active,2024-06-25,FALSE,Maya Delgado,M7-FY2027,2027,MONTH,7,1,Best Case,Forecast,150000.0,,2026-05-01T06:02:40,2026-05-01T00:00:00,2026-05-01T06:00:00,Missing Submission
Hugo Halvorsen,Active,2024-06-25,FALSE,Maya Delgado,M7-FY2027,2027,MONTH,7,2,Best Case,Forecast,150000.0,,2026-05-06T16:15:56,2026-05-01T06:00:00,2026-05-08T06:00:00,Standard Submission
Hugo Halvorsen,Active,2024-06-25,FALSE,Maya Delgado,M7-FY2027,2027,MONTH,7,3,Best Case,Forecast,150000.0,,2026-05-15T06:02:39,2026-05-08T06:00:00,2026-05-15T06:00:00,Missing Submission
Hugo Halvorsen,Active,2024-06-25,FALSE,Maya Delgado,M7-FY2027,2027,MONTH,7,4,Best Case,Forecast,150000.0,,2026-05-22T06:03:04,2026-05-15T06:00:00,2026-05-22T06:00:00,Missing Submission
Hugo Halvorsen,Active,2024-06-25,FALSE,Maya Delgado,M7-FY2027,2027,MONTH,7,5,Best Case,Forecast,150000.0,,2026-05-27T15:57:26,2026-05-22T06:00:00,2026-05-29T06:00:00,Standard Submission
Hugo Halvorsen,Active,2024-06-25,FALSE,Maya Delgado,M7-FY2027,2027,MONTH,7,6,Best Case,Forecast,150000.0,,2026-06-03T15:58:49,2026-05-29T06:00:00,2026-06-05T06:00:00,Standard Submission
Hugo Halvorsen,Active,2024-06-25,FALSE,Maya Delgado,M7-FY2027,2027,MONTH,7,7,Best Case,Forecast,150000.0,,2026-06-10T15:34:26,2026-06-05T06:00:00,2026-06-12T06:00:00,Standard Submission
Hugo Halvorsen,Active,2024-06-25,FALSE,Maya Delgado,M7-FY2027,2027,MONTH,7,8,Best Case,Forecast,150000.0,,2026-06-17T15:49:23,2026-06-12T06:00:00,2026-06-19T06:00:00,Standard Submission
Hugo Halvorsen,Active,2024-06-25,FALSE,Maya Delgado,M7-FY2027,2027,MONTH,7,9,Best Case,Forecast,150000.0,,2026-06-24T15:20:03,2026-06-19T06:00:00,2026-06-26T06:00:00,Standard Submission
Hugo Halvorsen,Active,2024-06-25,FALSE,Maya Delgado,M7-FY2027,2027,MONTH,7,10,Best Case,Forecast,150000.0,,2026-07-01T14:39:26,2026-06-26T06:00:00,2026-07-03T06:00:00,Standard Submission
Hugo Halvorsen,Active,2024-06-25,FALSE,Maya Delgado,M7-FY2027,2027,MONTH,7,11,Best Case,Forecast,150000.0,,2026-07-08T15:55:36,2026-07-03T06:00:00,2026-07-10T06:00:00,Standard Submission
Hugo Halvorsen,Active,2024-06-25,FALSE,Maya Delgado,M7-FY2027,2027,MONTH,7,12,Best Case,Forecast,150000.0,,2026-07-15T14:01:37,2026-07-10T06:00:00,2026-07-17T06:00:00,Standard Submission
Hugo Halvorsen,Active,2024-06-25,FALSE,Maya Delgado,M7-FY2027,2027,MONTH,7,13,Best Case,Forecast,100000.0,,2026-07-22T15:24:20,2026-07-17T06:00:00,2026-07-24T06:00:00,Standard Submission
Hugo Halvorsen,Active,2024-06-25,FALSE,Maya Delgado,M7-FY2027,2027,MONTH,7,2,New Logos Forecast (#),Forecast,1.0,,2026-05-06T16:17:46,2026-05-01T06:00:00,2026-05-08T06:00:00,Standard Submission
Hugo Halvorsen,Active,2024-06-25,FALSE,Maya Delgado,M7-FY2027,2027,MONTH,7,3,New Logos Forecast (#),Forecast,1.0,,2026-05-15T06:02:39,2026-05-08T06:00:00,2026-05-15T06:00:00,Missing Submission
Hugo Halvorsen,Active,2024-06-25,FALSE,Maya Delgado,M7-FY2027,2027,MONTH,7,4,New Logos Forecast (#),Forecast,1.0,,2026-05-22T06:03:04,2026-05-15T06:00:00,2026-05-22T06:00:00,Missing Submission
Hugo Halvorsen,Active,2024-06-25,FALSE,Maya Delgado,M7-FY2027,2027,MONTH,7,5,New Logos Forecast (#),Forecast,1.0,,2026-05-27T15:59:34,2026-05-22T06:00:00,2026-05-29T06:00:00,Standard Submission
Hugo Halvorsen,Active,2024-06-25,FALSE,Maya Delgado,M7-FY2027,2027,MONTH,7,6,New Logos Forecast (#),Forecast,1.0,,2026-06-03T15:59:06,2026-05-29T06:00:00,2026-06-05T06:00:00,Standard Submission
Hugo Halvorsen,Active,2024-06-25,FALSE,Maya Delgado,M7-FY2027,2027,MONTH,7,7,New Logos Forecast (#),Forecast,1.0,,2026-06-10T15:34:54,2026-06-05T06:00:00,2026-06-12T06:00:00,Standard Submission
Hugo Halvorsen,Active,2024-06-25,FALSE,Maya Delgado,M7-FY2027,2027,MONTH,7,8,New Logos Forecast (#),Forecast,1.0,,2026-06-17T15:49:34,2026-06-12T06:00:00,2026-06-19T06:00:00,Standard Submission
Hugo Halvorsen,Active,2024-06-25,FALSE,Maya Delgado,M7-FY2027,2027,MONTH,7,9,New Logos Forecast (#),Forecast,1.0,,2026-06-24T15:20:22,2026-06-19T06:00:00,2026-06-26T06:00:00,Standard Submission
Hugo Halvorsen,Active,2024-06-25,FALSE,Maya Delgado,M7-FY2027,2027,MONTH,7,10,New Logos Forecast (#),Forecast,1.0,,2026-07-01T14:42:19,2026-06-26T06:00:00,2026-07-03T06:00:00,Standard Submission
Hugo Halvorsen,Active,2024-06-25,FALSE,Maya Delgado,M7-FY2027,2027,MONTH,7,11,New Logos Forecast (#),Forecast,1.0,,2026-07-08T15:56:05,2026-07-03T06:00:00,2026-07-10T06:00:00,Standard Submission
Hugo Halvorsen,Active,2024-06-25,FALSE,Maya Delgado,M7-FY2027,2027,MONTH,7,12,New Logos Forecast (#),Forecast,1.0,,2026-07-15T14:00:45,2026-07-10T06:00:00,2026-07-17T06:00:00,Standard Submission
Hugo Halvorsen,Active,2024-06-25,FALSE,Maya Delgado,M7-FY2027,2027,MONTH,7,13,New Logos Forecast (#),Forecast,1.0,,2026-07-22T15:20:00,2026-07-17T06:00:00,2026-07-24T06:00:00,Standard Submission
Hugo Halvorsen,Active,2024-06-25,FALSE,Maya Delgado,M5-FY2027,2027,MONTH,5,0,Forecast,Forecast,50000.0,,2026-04-15T15:32:46,,,Standard Submission
Hugo Halvorsen,Active,2024-06-25,FALSE,Maya Delgado,M5-FY2027,2027,MONTH,5,1,Forecast,Forecast,50000.0,,2026-05-01T06:02:40,2026-05-01T00:00:00,2026-05-01T06:00:00,Missing Submission
Hugo Halvorsen,Active,2024-06-25,FALSE,Maya Delgado,M5-FY2027,2027,MONTH,5,2,Forecast,Forecast,80000.0,,2026-05-06T16:35:45,2026-05-01T06:00:00,2026-05-08T06:00:00,Standard Submission
Hugo Halvorsen,Active,2024-06-25,FALSE,Maya Delgado,M5-FY2027,2027,MONTH,5,3,Forecast,Forecast,80000.0,,2026-05-15T06:02:39,2026-05-08T06:00:00,2026-05-15T06:00:00,Missing Submission
Hugo Halvorsen,Active,2024-06-25,FALSE,Maya Delgado,M5-FY2027,2027,MONTH,5,4,Forecast,Forecast,80000.0,,2026-05-22T06:03:04,2026-05-15T06:00:00,2026-05-22T06:00:00,Missing Submission
Hugo Halvorsen,Active,2024-06-25,FALSE,Maya Delgado,M5-FY2027,2027,MONTH,5,5,Forecast,Forecast,97750.0,,2026-05-28T10:34:47,2026-05-22T06:00:00,2026-05-29T06:00:00,Standard Submission
Hugo Halvorsen,Active,2024-06-25,FALSE,Maya Delgado,M5-FY2027,2027,MONTH,5,0,Best Case,Forecast,150000.0,,2026-04-15T15:37:23,,,Standard Submission
Hugo Halvorsen,Active,2024-06-25,FALSE,Maya Delgado,M5-FY2027,2027,MONTH,5,1,Best Case,Forecast,150000.0,,2026-05-01T06:02:40,2026-05-01T00:00:00,2026-05-01T06:00:00,Missing Submission
Hugo Halvorsen,Active,2024-06-25,FALSE,Maya Delgado,M5-FY2027,2027,MONTH,5,2,Best Case,Forecast,150000.0,,2026-05-06T16:15:56,2026-05-01T06:00:00,2026-05-08T06:00:00,Standard Submission
Hugo Halvorsen,Active,2024-06-25,FALSE,Maya Delgado,M5-FY2027,2027,MONTH,5,3,Best Case,Forecast,150000.0,,2026-05-15T06:02:39,2026-05-08T06:00:00,2026-05-15T06:00:00,Missing Submission
Hugo Halvorsen,Active,2024-06-25,FALSE,Maya Delgado,M5-FY2027,2027,MONTH,5,4,Best Case,Forecast,150000.0,,2026-05-22T06:03:04,2026-05-15T06:00:00,2026-05-22T06:00:00,Missing Submission
Hugo Halvorsen,Active,2024-06-25,FALSE,Maya Delgado,M5-FY2027,2027,MONTH,5,5,Best Case,Forecast,150000.0,,2026-05-27T15:57:26,2026-05-22T06:00:00,2026-05-29T06:00:00,Standard Submission
Hugo Halvorsen,Active,2024-06-25,FALSE,Maya Delgado,M5-FY2027,2027,MONTH,5,2,New Logos Forecast (#),Forecast,1.0,,2026-05-06T16:17:46,2026-05-01T06:00:00,2026-05-08T06:00:00,Standard Submission
Hugo Halvorsen,Active,2024-06-25,FALSE,Maya Delgado,M5-FY2027,2027,MONTH,5,3,New Logos Forecast (#),Forecast,1.0,,2026-05-15T06:02:39,2026-05-08T06:00:00,2026-05-15T06:00:00,Missing Submission
Hugo Halvorsen,Active,2024-06-25,FALSE,Maya Delgado,M5-FY2027,2027,MONTH,5,4,New Logos Forecast (#),Forecast,1.0,,2026-05-22T06:03:04,2026-05-15T06:00:00,2026-05-22T06:00:00,Missing Submission
Hugo Halvorsen,Active,2024-06-25,FALSE,Maya Delgado,M5-FY2027,2027,MONTH,5,5,New Logos Forecast (#),Forecast,1.0,,2026-05-27T15:59:34,2026-05-22T06:00:00,2026-05-29T06:00:00,Standard Submission
Hugo Halvorsen,Active,2024-06-25,FALSE,Maya Delgado,Q2-FY2027,2027,QUARTER,2,0,Forecast,Forecast,250000.0,"Headline: Initial estimate for Q2 is $250k. I've got ~$450k of open early stage deals and feel confident I can close 25% of that ($~115k) and source and close an additional $135k in quarter. Deals I'm most confident in at this stage are US HealthConnect and Genova10.

Q2 CW: $0
Gap to call: $250k
Pipe coverage to forecast: 1.78x

Logic:
- Vantera is projecting me at $416k, but since so many of my open deals for next Q are so early stage I'm calling a more conservative number based on open inventory and my create and close experience so far in MM.
Key deals impacting my call:
- US HealthConnect ($50k+)
- Genova10 ($100k+)
Upside:
- TBD",2026-04-15T15:32:46,,,Standard Submission
Hugo Halvorsen,Active,2024-06-25,FALSE,Maya Delgado,Q2-FY2027,2027,QUARTER,2,1,Forecast,Forecast,250000.0,"Headline: Initial estimate for Q2 is $250k. I've got ~$450k of open early stage deals and feel confident I can close 25% of that ($~115k) and source and close an additional $135k in quarter. Deals I'm most confident in at this stage are US HealthConnect and Genova10.

Q2 CW: $0
Gap to call: $250k
Pipe coverage to forecast: 1.78x

Logic:
- Vantera is projecting me at $416k, but since so many of my open deals for next Q are so early stage I'm calling a more conservative number based on open inventory and my create and close experience so far in MM.
Key deals impacting my call:
- US HealthConnect ($50k+)
- Genova10 ($100k+)
Upside:
- TBD",2026-05-01T06:02:40,2026-05-01T00:00:00,2026-05-01T06:00:00,Missing Submission
Hugo Halvorsen,Active,2024-06-25,FALSE,Maya Delgado,Q2-FY2027,2027,QUARTER,2,2,Forecast,Forecast,250000.0,"Headline: Initial estimate for Q2 is $250k. I've got ~$410k of early and last-stage deals and feel confident I can close 25% of that ($~115k) and source and close an additional $135k in quarter. Deals I'm most confident in at this stage are my $80k Benchmark Bio upsell and US HealthConnect (early stage but progressing really well)

Q2 CW: $1.4k
Gap to call: $248.6k
Pipe coverage to forecast: 1.64x

Logic:
- Vantera is projecting me at $335k, but since so many of my open deals are early stage I'm calling a more conservative number based on open inventory and my create and close experience so far in MM.
Key deals impacting my call:
- Haven Seat Add ($13k - commit)
- US HealthConnect ($100k+)
- Benchmark Bio ($80k+)
- Create & Close
Upside:
- Identity Digital ($80k+)
- HCM Unlcoked ($50k+)",2026-05-06T16:35:45,2026-05-01T06:00:00,2026-05-08T06:00:00,Standard Submission
Hugo Halvorsen,Active,2024-06-25,FALSE,Maya Delgado,Q2-FY2027,2027,QUARTER,2,3,Forecast,Forecast,250000.0,"Headline: Initial estimate for Q2 is $250k. I've got ~$410k of early and last-stage deals and feel confident I can close 25% of that ($~115k) and source and close an additional $135k in quarter. Deals I'm most confident in at this stage are my $80k Benchmark Bio upsell and US HealthConnect (early stage but progressing really well)

Q2 CW: $1.4k
Gap to call: $248.6k
Pipe coverage to forecast: 1.64x

Logic:
- Vantera is projecting me at $335k, but since so many of my open deals are early stage I'm calling a more conservative number based on open inventory and my create and close experience so far in MM.
Key deals impacting my call:
- Haven Seat Add ($13k - commit)
- US HealthConnect ($100k+)
- Benchmark Bio ($80k+)
- Create & Close
Upside:
- Identity Digital ($80k+)
- HCM Unlcoked ($50k+)",2026-05-15T06:02:39,2026-05-08T06:00:00,2026-05-15T06:00:00,Missing Submission
Hugo Halvorsen,Active,2024-06-25,FALSE,Maya Delgado,Q2-FY2027,2027,QUARTER,2,4,Forecast,Forecast,250000.0,"Headline: Initial estimate for Q2 is $250k. I've got ~$410k of early and last-stage deals and feel confident I can close 25% of that ($~115k) and source and close an additional $135k in quarter. Deals I'm most confident in at this stage are my $80k Benchmark Bio upsell and US HealthConnect (early stage but progressing really well)

Q2 CW: $1.4k
Gap to call: $248.6k
Pipe coverage to forecast: 1.64x

Logic:
- Vantera is projecting me at $335k, but since so many of my open deals are early stage I'm calling a more conservative number based on open inventory and my create and close experience so far in MM.
Key deals impacting my call:
- Haven Seat Add ($13k - commit)
- US HealthConnect ($100k+)
- Benchmark Bio ($80k+)
- Create & Close
Upside:
- Identity Digital ($80k+)
- HCM Unlcoked ($50k+)",2026-05-22T06:03:04,2026-05-15T06:00:00,2026-05-22T06:00:00,Missing Submission
Hugo Halvorsen,Active,2024-06-25,FALSE,Maya Delgado,Q2-FY2027,2027,QUARTER,2,5,Forecast,Forecast,250000.0,"Headline: Initial estimate for Q2 is $250k. I've got ~$360k of early and last-stage deals and feel confident I can close at least 25% of that ($~100k) and source and close an additional $150k in quarter.

Q2 CW: $4k
Gap to call: $246k
Pipe coverage to forecast: 1.46x

Logic:
- I've got line of sight to two in quarter deals that aren't in my pipeline yet but I feel confident I can pull across the line in addition to what's currently represented --> Zonar Systems ($70k+) and Bloomfield Upsell ($30k+)
Key deals impacting my call:
- Haven Seat Add ($13k - commit)
- Benchmark Bio ($100k+)
- USH ($100k+)
- Create & Close
Upside:
- Identity Digital ($80k+)
- HCM Unlcoked ($50k+)",2026-05-27T15:55:52,2026-05-22T06:00:00,2026-05-29T06:00:00,Standard Submission
Hugo Halvorsen,Active,2024-06-25,FALSE,Maya Delgado,Q2-FY2027,2027,QUARTER,2,6,Forecast,Forecast,250000.0,"Headline: Holding my call $250k. I've got ~$260k of early and last-stage deals and feel confident I can close at least 25% of that ($~100k) and source and close an additional $150k in quarter.

Q2 CW: $97.7k
Gap to call: $148.3k
Pipe coverage to forecast: 1.7x

Logic:
- I've got line of sight to two in quarter deals that aren't in my pipeline yet but I feel confident I can pull across the line in addition to what's currently represented --> Zonar Systems ($70k+) and Bloomfield Upsell ($30k+)
Key deals impacting my call:
- USH ($100k+)
- Bloomfield Upsell
- Create & Close
Upside:
- Identity Digital ($80k+)",2026-06-03T15:58:00,2026-05-29T06:00:00,2026-06-05T06:00:00,Standard Submission
Hugo Halvorsen,Active,2024-06-25,FALSE,Maya Delgado,Q2-FY2027,2027,QUARTER,2,7,Forecast,Forecast,250000.0,"Headline: Holding my call $250k. I've got ~$230k of healthy pipeline and I feel confident I can close at least 30% of that ($~70k) and source and close an additional $85k in quarter.

Q2 CW: $99k
Gap to call: $151k
Pipe coverage to forecast: 1.53x

Logic:
- I've got line of sight to an additional in quarter deal that's not in my pipeline yet but I feel confident I can pull across the line in addition to what's currently represented --> Zonar Systems ($70k+)
Key deals impacting my call:
- USH ($100k+)
- Bloomfield Upsell ($30k+)
- METIER Upsell ($10k+)
- Create & Close
Upside:
- Identity Digital ($80k+)",2026-06-10T15:32:00,2026-06-05T06:00:00,2026-06-12T06:00:00,Standard Submission
Hugo Halvorsen,Active,2024-06-25,FALSE,Maya Delgado,Q2-FY2027,2027,QUARTER,2,8,Forecast,Forecast,250000.0,"Headline: Holding my call $250k. I've got ~$280k of healthy pipeline and I feel confident I can close at least 30% of that ($~85k) and source and close an additional $70k in quarter.

Q2 CW: $99k
Gap to call: $151k
Pipe coverage to forecast: 1.53x

Logic:
- I've got line of sight to an additional in quarter deal that's not in my pipeline yet but I feel confident I can pull across the line in addition to what's currently represented --> Zonar Systems ($70k+)
Key deals impacting my call:
- USH ($100k+)
- Bloomfield Upsell ($30k+)
- METIER Upsell ($10k+)
- Create & Close
Upside:
- Identity Digital ($80k+)",2026-06-17T15:40:28,2026-06-12T06:00:00,2026-06-19T06:00:00,Standard Submission
Hugo Halvorsen,Active,2024-06-25,FALSE,Maya Delgado,Q2-FY2027,2027,QUARTER,2,9,Forecast,Forecast,250000.0,"Headline: Holding my call $250k. I've got ~$280k of healthy pipeline and I feel confident I can close at least 30% of that ($~85k) and source and close an additional $70k in quarter.

Q2 CW: $99k
Gap to call: $151k
Pipe coverage to forecast: 1.87x

Logic:
- Vantera is projecting me to his $253k and that aligns with what I expect I'll close of my open inventory and what I expect I'll be able to create and close.
- C&C: I've got line of sight to one more potential in quarter deal that's early stages but should progress quickly --> Zonar Systems ($70k+)
Key deals impacting my call:
- USH ($100k+)
- Bloomfield Upsell ($30k+)
- METIER Upsell ($10k+)
- FranBridge Enable Upsell ($10-13k)
- Create & Close
Upside:
- Identity Digital ($80k+)",2026-06-24T15:18:31,2026-06-19T06:00:00,2026-06-26T06:00:00,Standard Submission
Hugo Halvorsen,Active,2024-06-25,FALSE,Maya Delgado,Q2-FY2027,2027,QUARTER,2,10,Forecast,Forecast,250000.0,"Headline: Holding my call $250k. I've got ~$280k of healthy pipeline and I feel confident I can close at least 30% of that ($~85k) and source and close an additional $70k in quarter.

Q2 CW: $120.4k
Gap to call: $129.6k
Pipe coverage to forecast: 2.24x

Logic:
- Vantera is projecting me to his $253k and that aligns with what I expect I'll close of my open inventory and what I expect I'll be able to create and close.
- C&C: I've got line of sight to one more potential in quarter deal that's early stages but should progress quickly --> Zonar Systems ($70k+)
Key deals impacting my call:
- USH ($100k+)
- Bloomfield Upsell ($30k+)
- Create & Close
Upside:
- Zonar Systems ($70k+)",2026-07-01T14:38:56,2026-06-26T06:00:00,2026-07-03T06:00:00,Standard Submission
Hugo Halvorsen,Active,2024-06-25,FALSE,Maya Delgado,Q2-FY2027,2027,QUARTER,2,11,Forecast,Forecast,250000.0,"Headline: Holding my call $250k. I've got ~$280k of healthy pipeline and I feel confident I can close at least 30% of that ($~85k) and source and close an additional $70k in quarter.

Q2 CW: $131.8k
Gap to call: $118.2k
Pipe coverage to forecast: 2.45x

Logic:
- Ironed out the deal size for my Bloomfield upsell and it should be a minimum of $40k.
- Beacon Ridge Group ($60k+) is still early stage, but is progressing quickly and given their parent company (Meridian Partners) is close to purchasing Vantera, there's a real chance we can ride that momentum to pull this in quickly.
- Dropping USH from my key deals, the timeline is tight with too much to do for me to confidently call it in Quarter, but keeping it as Best Case.
Key deals impacting my call:
- Beacon Ridge Group ($60k+)
- Bloomfield Upsell ($40k+)
- Create & Close
Upside:
- USH ($100k+)
- RDI Systems ($70k+)",2026-07-08T15:55:27,2026-07-03T06:00:00,2026-07-10T06:00:00,Standard Submission
Hugo Halvorsen,Active,2024-06-25,FALSE,Maya Delgado,Q2-FY2027,2027,QUARTER,2,12,Forecast,Forecast,195000.0,"Headline: Dropping my call to $195k. Most of my in quarter pipeline pushed to next Quarter, so my remaining inventory covers getting me to ~$205k, so I'm hedging for discounting.

Q2 CW: $131.8k
Gap to call: $63.2k
Pipe coverage to forecast: 1.12x

Logic:
- Finalized Bloomfield upsell and it will come in at $35k.
- Beacon Ridge Group (hedging for $30k) is verbally aligned to moving to partnership by the end of the month, assuming we Drew't lose the deal to Enterprise.
- Working with customers to see what else I can squeeze out of my book, focusing on Benchmark Bio and Aldwin for more potential upside.
Key deals impacting my call:
- Beacon Ridge Group ($30k+)
- Bloomfield Upsell ($35k)
- Create & Close
Upside:",2026-07-15T14:00:30,2026-07-10T06:00:00,2026-07-17T06:00:00,Standard Submission
Hugo Halvorsen,Active,2024-06-25,FALSE,Maya Delgado,Q2-FY2027,2027,QUARTER,2,13,Forecast,Forecast,195000.0,"Headline: Holding my call at $195k.

Q2 CW: $167.5k
Gap to call: $27.5k
Pipe coverage to forecast: 1.73x

Logic:
- Found a $24k upsell with Aldwin that will close by EOW
- Beacon Ridge Group shrunk, but we're verbally aligned to moving to partnership by the end of the month. Pushing to get it done by EOW
- Working with customers to see what else I can squeeze out of my book, focusing on Benchmark Bio and Rafter.
Key deals impacting my call:
- Beacon Ridge Group ($22k+)
- Aldwin Upsell ($24.7k)
- Create & Close
Upside:",2026-07-22T15:20:38,2026-07-17T06:00:00,2026-07-24T06:00:00,Standard Submission
Hugo Halvorsen,Active,2024-06-25,FALSE,Maya Delgado,Q2-FY2027,2027,QUARTER,2,0,Best Case,Forecast,450000.0,"Headline: Making a more audacious call for my BC in Q2. My goal is to hit my full annual target in H1, and my QTD gap is $445,599. I Drew't have enough pipeline coverage to make this my confident BC call right now, so I've got a lot of work to do to get to this number. Focus will be on additional new logo deals sourced and upsells across my customer accounts.

Q2 CW: $0
Gap to call: $450k
Pipe coverage to Best Case: 1.01x",2026-04-15T15:37:23,,,Standard Submission
Hugo Halvorsen,Active,2024-06-25,FALSE,Maya Delgado,Q2-FY2027,2027,QUARTER,2,1,Best Case,Forecast,450000.0,"Headline: Making a more audacious call for my BC in Q2. My goal is to hit my full annual target in H1, and my QTD gap is $445,599. I Drew't have enough pipeline coverage to make this my confident BC call right now, so I've got a lot of work to do to get to this number. Focus will be on additional new logo deals sourced and upsells across my customer accounts.

Q2 CW: $0
Gap to call: $450k
Pipe coverage to Best Case: 1.01x",2026-05-01T06:02:40,2026-05-01T00:00:00,2026-05-01T06:00:00,Missing Submission
Hugo Halvorsen,Active,2024-06-25,FALSE,Maya Delgado,Q2-FY2027,2027,QUARTER,2,2,Best Case,Forecast,450000.0,"Headline: Making a more audacious call for my BC in Q2. My goal is to hit my full annual target in H1, and my YTD gap is $424,076. I Drew't have enough pipeline coverage to make this my confident BC call right now, so I've got a lot of work to do to get to this number. Focus will be on additional new logo deals sourced and upsells across my customer accounts.

Q2 CW: $1.4k
Gap to call: $448.6k",2026-05-06T16:15:56,2026-05-01T06:00:00,2026-05-08T06:00:00,Standard Submission
Hugo Halvorsen,Active,2024-06-25,FALSE,Maya Delgado,Q2-FY2027,2027,QUARTER,2,3,Best Case,Forecast,450000.0,"Headline: Making a more audacious call for my BC in Q2. My goal is to hit my full annual target in H1, and my YTD gap is $424,076. I Drew't have enough pipeline coverage to make this my confident BC call right now, so I've got a lot of work to do to get to this number. Focus will be on additional new logo deals sourced and upsells across my customer accounts.

Q2 CW: $1.4k
Gap to call: $448.6k",2026-05-15T06:02:39,2026-05-08T06:00:00,2026-05-15T06:00:00,Missing Submission
Hugo Halvorsen,Active,2024-06-25,FALSE,Maya Delgado,Q2-FY2027,2027,QUARTER,2,4,Best Case,Forecast,450000.0,"Headline: Making a more audacious call for my BC in Q2. My goal is to hit my full annual target in H1, and my YTD gap is $424,076. I Drew't have enough pipeline coverage to make this my confident BC call right now, so I've got a lot of work to do to get to this number. Focus will be on additional new logo deals sourced and upsells across my customer accounts.

Q2 CW: $1.4k
Gap to call: $448.6k",2026-05-22T06:03:04,2026-05-15T06:00:00,2026-05-22T06:00:00,Missing Submission
Hugo Halvorsen,Active,2024-06-25,FALSE,Maya Delgado,Q2-FY2027,2027,QUARTER,2,5,Best Case,Forecast,450000.0,"Headline: Making a more audacious call for my BC in Q2. My goal is to hit my full annual target in H1, and my YTD gap is $421k. I Drew't have enough pipeline coverage to make this my confident BC call right now, so I've got a lot of work to do to get to this number. Focus will be on additional new logo deals sourced and upsells across my customer accounts.",2026-05-27T15:57:26,2026-05-22T06:00:00,2026-05-29T06:00:00,Standard Submission
Hugo Halvorsen,Active,2024-06-25,FALSE,Maya Delgado,Q2-FY2027,2027,QUARTER,2,6,Best Case,Forecast,450000.0,"Headline: Making a more audacious call for my BC in Q2. My goal is to hit my full annual target in H1, and my YTD gap is $327k. I Drew't have enough pipeline coverage to make this my confident BC call right now, so I've got a lot of work to do to get to this number. Focus will be on additional new logo deals sourced and upsells across my customer accounts.",2026-06-03T15:58:49,2026-05-29T06:00:00,2026-06-05T06:00:00,Standard Submission
Hugo Halvorsen,Active,2024-06-25,FALSE,Maya Delgado,Q2-FY2027,2027,QUARTER,2,7,Best Case,Forecast,450000.0,"Headline: Making a more audacious call for my BC in Q2. My goal is to hit my full annual target in H1, and my YTD gap is $325k. I Drew't have enough pipeline coverage to make this my confident BC call right now, so I've got a lot of work to do to get to this number. Focus will be on additional new logo deals sourced and upsells across my customer accounts.",2026-06-10T15:34:26,2026-06-05T06:00:00,2026-06-12T06:00:00,Standard Submission
Hugo Halvorsen,Active,2024-06-25,FALSE,Maya Delgado,Q2-FY2027,2027,QUARTER,2,8,Best Case,Forecast,450000.0,"Headline: Still holding my audacious call for my BC in Q2. My goal is to hit my full annual target in H1, and my YTD gap is $325k. I Drew't have enough pipeline coverage to make this my confident BC call right now, so I've got a lot of work to do to get to this number. Focus will be on additional new logo deals sourced and upsells across my customer accounts.",2026-06-17T15:49:23,2026-06-12T06:00:00,2026-06-19T06:00:00,Standard Submission
Hugo Halvorsen,Active,2024-06-25,FALSE,Maya Delgado,Q2-FY2027,2027,QUARTER,2,9,Best Case,Forecast,350000.0,"Headline: Dropping my BC from $450k to $350k. I Drew't have enough deal inventory to justify the larger call (though I'm still going to push to get to $450k). My goal is still to hit my full annual target in H1, and my YTD gap is $325k.",2026-06-24T15:20:03,2026-06-19T06:00:00,2026-06-26T06:00:00,Standard Submission
Hugo Halvorsen,Active,2024-06-25,FALSE,Maya Delgado,Q2-FY2027,2027,QUARTER,2,10,Best Case,Forecast,350000.0,"Headline: Dropping my BC from $450k to $350k. I Drew't have enough deal inventory to justify the larger call (though I'm still going to push to get to $450k). My goal is still to hit my full annual target in H1, and my YTD gap is $325k.",2026-07-01T14:39:26,2026-06-26T06:00:00,2026-07-03T06:00:00,Standard Submission
Hugo Halvorsen,Active,2024-06-25,FALSE,Maya Delgado,Q2-FY2027,2027,QUARTER,2,11,Best Case,Forecast,350000.0,"Headline: Dropping my BC from $450k to $350k. I Drew't have enough deal inventory to justify the larger call (though I'm still going to push to get to $450k). My goal is still to hit my full annual target in H1, and my YTD gap is $325k.",2026-07-08T15:55:36,2026-07-03T06:00:00,2026-07-10T06:00:00,Standard Submission
Hugo Halvorsen,Active,2024-06-25,FALSE,Maya Delgado,Q2-FY2027,2027,QUARTER,2,12,Best Case,Forecast,250000.0,"Headline: Dropping my BC to $250k. I Drew't have enough deal inventory to justify anything more, but I'm still going to see what I can get done with USH or some other early stage deals.",2026-07-15T14:01:37,2026-07-10T06:00:00,2026-07-17T06:00:00,Standard Submission
Hugo Halvorsen,Active,2024-06-25,FALSE,Maya Delgado,Q2-FY2027,2027,QUARTER,2,13,Best Case,Forecast,215000.0,"Headline: Dropping my BC to $215k. If I close Aldwin and Beacon Ridge, that gets me to $215k.",2026-07-22T15:24:20,2026-07-17T06:00:00,2026-07-24T06:00:00,Standard Submission
Hugo Halvorsen,Active,2024-06-25,FALSE,Maya Delgado,Q2-FY2027,2027,QUARTER,2,0,New Logos Forecast (#),Forecast,3.0,,2026-04-15T15:37:35,,,Standard Submission
Hugo Halvorsen,Active,2024-06-25,FALSE,Maya Delgado,Q2-FY2027,2027,QUARTER,2,1,New Logos Forecast (#),Forecast,3.0,,2026-05-01T06:02:40,2026-05-01T00:00:00,2026-05-01T06:00:00,Missing Submission
Hugo Halvorsen,Active,2024-06-25,FALSE,Maya Delgado,Q2-FY2027,2027,QUARTER,2,2,New Logos Forecast (#),Forecast,3.0,"- Identity Digital [ ]
- US HealthConnect [ ]
- Hcm Unbound [ ]",2026-05-06T16:17:46,2026-05-01T06:00:00,2026-05-08T06:00:00,Standard Submission
Hugo Halvorsen,Active,2024-06-25,FALSE,Maya Delgado,Q2-FY2027,2027,QUARTER,2,3,New Logos Forecast (#),Forecast,3.0,"- Identity Digital [ ]
- US HealthConnect [ ]
- Hcm Unbound [ ]",2026-05-15T06:02:39,2026-05-08T06:00:00,2026-05-15T06:00:00,Missing Submission
Hugo Halvorsen,Active,2024-06-25,FALSE,Maya Delgado,Q2-FY2027,2027,QUARTER,2,4,New Logos Forecast (#),Forecast,3.0,"- Identity Digital [ ]
- US HealthConnect [ ]
- Hcm Unbound [ ]",2026-05-22T06:03:04,2026-05-15T06:00:00,2026-05-22T06:00:00,Missing Submission
Hugo Halvorsen,Active,2024-06-25,FALSE,Maya Delgado,Q2-FY2027,2027,QUARTER,2,5,New Logos Forecast (#),Forecast,3.0,"- Identity Digital [ ]
- US HealthConnect [ ]
- Hcm Unbound [ ]",2026-05-27T15:59:34,2026-05-22T06:00:00,2026-05-29T06:00:00,Standard Submission
Hugo Halvorsen,Active,2024-06-25,FALSE,Maya Delgado,Q2-FY2027,2027,QUARTER,2,6,New Logos Forecast (#),Forecast,3.0,"- Identity Digital [ ]
- US HealthConnect [ ]
- Create & Close",2026-06-03T15:59:06,2026-05-29T06:00:00,2026-06-05T06:00:00,Standard Submission
Hugo Halvorsen,Active,2024-06-25,FALSE,Maya Delgado,Q2-FY2027,2027,QUARTER,2,7,New Logos Forecast (#),Forecast,3.0,"- Identity Digital [ ]
- US HealthConnect [ ]
- Zonar Systems [ ]
- Create & Close",2026-06-10T15:34:54,2026-06-05T06:00:00,2026-06-12T06:00:00,Standard Submission
Hugo Halvorsen,Active,2024-06-25,FALSE,Maya Delgado,Q2-FY2027,2027,QUARTER,2,8,New Logos Forecast (#),Forecast,3.0,"- Identity Digital [ ]
- US HealthConnect [ ]
- Zonar Systems [ ]
- Create & Close",2026-06-17T15:49:34,2026-06-12T06:00:00,2026-06-19T06:00:00,Standard Submission
Hugo Halvorsen,Active,2024-06-25,FALSE,Maya Delgado,Q2-FY2027,2027,QUARTER,2,9,New Logos Forecast (#),Forecast,3.0,"- Identity Digital [ ]
- US HealthConnect [ ]
- Zonar Systems [ ]
- RDI Systems [ ]
- Create & Close",2026-06-24T15:20:22,2026-06-19T06:00:00,2026-06-26T06:00:00,Standard Submission
Hugo Halvorsen,Active,2024-06-25,FALSE,Maya Delgado,Q2-FY2027,2027,QUARTER,2,10,New Logos Forecast (#),Forecast,3.0,"- US HealthConnect [ ]
- Zonar Systems [ ]
- RDI Systems [ ]
- Create & Close",2026-07-01T14:42:19,2026-06-26T06:00:00,2026-07-03T06:00:00,Standard Submission
Hugo Halvorsen,Active,2024-06-25,FALSE,Maya Delgado,Q2-FY2027,2027,QUARTER,2,11,New Logos Forecast (#),Forecast,2.0,"- Beacon Ridge Group [ ]
- Create & Close",2026-07-08T15:56:05,2026-07-03T06:00:00,2026-07-10T06:00:00,Standard Submission
Hugo Halvorsen,Active,2024-06-25,FALSE,Maya Delgado,Q2-FY2027,2027,QUARTER,2,12,New Logos Forecast (#),Forecast,1.0,- Beacon Ridge Group [ ],2026-07-15T14:00:45,2026-07-10T06:00:00,2026-07-17T06:00:00,Standard Submission
Hugo Halvorsen,Active,2024-06-25,FALSE,Maya Delgado,Q2-FY2027,2027,QUARTER,2,13,New Logos Forecast (#),Forecast,1.0,- Beacon Ridge Group [ ],2026-07-22T15:20:00,2026-07-17T06:00:00,2026-07-24T06:00:00,Standard Submission
Hugo Halvorsen,Active,2024-06-25,FALSE,Maya Delgado,M6-FY2027,2027,MONTH,6,0,Forecast,Forecast,100000.0,,2026-04-15T15:32:46,,,Standard Submission
Hugo Halvorsen,Active,2024-06-25,FALSE,Maya Delgado,M6-FY2027,2027,MONTH,6,1,Forecast,Forecast,100000.0,,2026-05-01T06:02:40,2026-05-01T00:00:00,2026-05-01T06:00:00,Missing Submission
Hugo Halvorsen,Active,2024-06-25,FALSE,Maya Delgado,M6-FY2027,2027,MONTH,6,2,Forecast,Forecast,85000.0,,2026-05-06T16:35:45,2026-05-01T06:00:00,2026-05-08T06:00:00,Standard Submission
Hugo Halvorsen,Active,2024-06-25,FALSE,Maya Delgado,M6-FY2027,2027,MONTH,6,3,Forecast,Forecast,85000.0,,2026-05-15T06:02:39,2026-05-08T06:00:00,2026-05-15T06:00:00,Missing Submission
Hugo Halvorsen,Active,2024-06-25,FALSE,Maya Delgado,M6-FY2027,2027,MONTH,6,4,Forecast,Forecast,85000.0,,2026-05-22T06:03:04,2026-05-15T06:00:00,2026-05-22T06:00:00,Missing Submission
Hugo Halvorsen,Active,2024-06-25,FALSE,Maya Delgado,M6-FY2027,2027,MONTH,6,5,Forecast,Forecast,85000.0,,2026-05-27T15:55:52,2026-05-22T06:00:00,2026-05-29T06:00:00,Standard Submission
Hugo Halvorsen,Active,2024-06-25,FALSE,Maya Delgado,M6-FY2027,2027,MONTH,6,6,Forecast,Forecast,85000.0,,2026-06-03T15:58:00,2026-05-29T06:00:00,2026-06-05T06:00:00,Standard Submission
Hugo Halvorsen,Active,2024-06-25,FALSE,Maya Delgado,M6-FY2027,2027,MONTH,6,7,Forecast,Forecast,85000.0,,2026-06-10T15:32:00,2026-06-05T06:00:00,2026-06-12T06:00:00,Standard Submission
Hugo Halvorsen,Active,2024-06-25,FALSE,Maya Delgado,M6-FY2027,2027,MONTH,6,8,Forecast,Forecast,85000.0,,2026-06-17T15:40:28,2026-06-12T06:00:00,2026-06-19T06:00:00,Standard Submission
Hugo Halvorsen,Active,2024-06-25,FALSE,Maya Delgado,M6-FY2027,2027,MONTH,6,9,Forecast,Forecast,45000.0,,2026-06-24T15:18:31,2026-06-19T06:00:00,2026-06-26T06:00:00,Standard Submission
Hugo Halvorsen,Active,2024-06-25,FALSE,Maya Delgado,M6-FY2027,2027,MONTH,6,0,Best Case,Forecast,150000.0,,2026-04-15T15:37:23,,,Standard Submission
Hugo Halvorsen,Active,2024-06-25,FALSE,Maya Delgado,M6-FY2027,2027,MONTH,6,1,Best Case,Forecast,150000.0,,2026-05-01T06:02:40,2026-05-01T00:00:00,2026-05-01T06:00:00,Missing Submission
Hugo Halvorsen,Active,2024-06-25,FALSE,Maya Delgado,M6-FY2027,2027,MONTH,6,2,Best Case,Forecast,150000.0,,2026-05-06T16:15:56,2026-05-01T06:00:00,2026-05-08T06:00:00,Standard Submission
Hugo Halvorsen,Active,2024-06-25,FALSE,Maya Delgado,M6-FY2027,2027,MONTH,6,3,Best Case,Forecast,150000.0,,2026-05-15T06:02:39,2026-05-08T06:00:00,2026-05-15T06:00:00,Missing Submission
Hugo Halvorsen,Active,2024-06-25,FALSE,Maya Delgado,M6-FY2027,2027,MONTH,6,4,Best Case,Forecast,150000.0,,2026-05-22T06:03:04,2026-05-15T06:00:00,2026-05-22T06:00:00,Missing Submission
Hugo Halvorsen,Active,2024-06-25,FALSE,Maya Delgado,M6-FY2027,2027,MONTH,6,5,Best Case,Forecast,150000.0,,2026-05-27T15:57:26,2026-05-22T06:00:00,2026-05-29T06:00:00,Standard Submission
Hugo Halvorsen,Active,2024-06-25,FALSE,Maya Delgado,M6-FY2027,2027,MONTH,6,6,Best Case,Forecast,150000.0,,2026-06-03T15:58:49,2026-05-29T06:00:00,2026-06-05T06:00:00,Standard Submission
Hugo Halvorsen,Active,2024-06-25,FALSE,Maya Delgado,M6-FY2027,2027,MONTH,6,7,Best Case,Forecast,150000.0,,2026-06-10T15:34:26,2026-06-05T06:00:00,2026-06-12T06:00:00,Standard Submission
Hugo Halvorsen,Active,2024-06-25,FALSE,Maya Delgado,M6-FY2027,2027,MONTH,6,8,Best Case,Forecast,150000.0,,2026-06-17T15:49:23,2026-06-12T06:00:00,2026-06-19T06:00:00,Standard Submission
Hugo Halvorsen,Active,2024-06-25,FALSE,Maya Delgado,M6-FY2027,2027,MONTH,6,9,Best Case,Forecast,150000.0,,2026-06-24T15:20:03,2026-06-19T06:00:00,2026-06-26T06:00:00,Standard Submission
Hugo Halvorsen,Active,2024-06-25,FALSE,Maya Delgado,M6-FY2027,2027,MONTH,6,2,New Logos Forecast (#),Forecast,1.0,,2026-05-06T16:17:46,2026-05-01T06:00:00,2026-05-08T06:00:00,Standard Submission
Hugo Halvorsen,Active,2024-06-25,FALSE,Maya Delgado,M6-FY2027,2027,MONTH,6,3,New Logos Forecast (#),Forecast,1.0,,2026-05-15T06:02:39,2026-05-08T06:00:00,2026-05-15T06:00:00,Missing Submission
Hugo Halvorsen,Active,2024-06-25,FALSE,Maya Delgado,M6-FY2027,2027,MONTH,6,4,New Logos Forecast (#),Forecast,1.0,,2026-05-22T06:03:04,2026-05-15T06:00:00,2026-05-22T06:00:00,Missing Submission
Hugo Halvorsen,Active,2024-06-25,FALSE,Maya Delgado,M6-FY2027,2027,MONTH,6,5,New Logos Forecast (#),Forecast,1.0,,2026-05-27T15:59:34,2026-05-22T06:00:00,2026-05-29T06:00:00,Standard Submission
Hugo Halvorsen,Active,2024-06-25,FALSE,Maya Delgado,M6-FY2027,2027,MONTH,6,6,New Logos Forecast (#),Forecast,1.0,,2026-06-03T15:59:06,2026-05-29T06:00:00,2026-06-05T06:00:00,Standard Submission
Hugo Halvorsen,Active,2024-06-25,FALSE,Maya Delgado,M6-FY2027,2027,MONTH,6,7,New Logos Forecast (#),Forecast,1.0,,2026-06-10T15:34:54,2026-06-05T06:00:00,2026-06-12T06:00:00,Standard Submission
Hugo Halvorsen,Active,2024-06-25,FALSE,Maya Delgado,M6-FY2027,2027,MONTH,6,8,New Logos Forecast (#),Forecast,1.0,,2026-06-17T15:49:34,2026-06-12T06:00:00,2026-06-19T06:00:00,Standard Submission
Hugo Halvorsen,Active,2024-06-25,FALSE,Maya Delgado,M6-FY2027,2027,MONTH,6,9,New Logos Forecast (#),Forecast,1.0,,2026-06-24T15:20:22,2026-06-19T06:00:00,2026-06-26T06:00:00,Standard Submission
Cody Danforth,Active,2024-07-26,FALSE,Maya Delgado,M7-FY2027,2027,MONTH,7,3,Forecast,Forecast,95000.0,"Headline: Calling $95k on the quarter.

Current Q CW = $0
Gap to call = $95k
Pipe coverage to forecast: 0x

Logic:
Key deals + Create and Close Opps

Key deals impacting my call:
OnVertex - 55k
ECM Corporate Services - 12k
+ Create and Close

Upside:
- n/a",2026-05-13T16:39:00,2026-05-08T06:00:00,2026-05-15T06:00:00,Standard Submission
Cody Danforth,Active,2024-07-26,FALSE,Maya Delgado,M7-FY2027,2027,MONTH,7,4,Forecast,Forecast,95000.0,"Headline: Calling $95k on the quarter.

Current Q CW = $0
Gap to call = $95k
Pipe coverage to forecast: 0x

Logic:
Key deals + Create and Close Opps

Key deals impacting my call:
OnVertex - 55k
ECM Corporate Services - 12k
+ Create and Close

Upside:
- n/a",2026-05-20T16:21:18,2026-05-15T06:00:00,2026-05-22T06:00:00,Standard Submission
Cody Danforth,Active,2024-07-26,FALSE,Maya Delgado,M7-FY2027,2027,MONTH,7,5,Forecast,Forecast,95000.0,"Headline: Calling $95k on the quarter.

Current Q CW = $0
Gap to call = $95k
Pipe coverage to forecast: 0x

Logic:
Key deals + Create and Close Opps

Key deals impacting my call:
OnVertex - 55k
ECM Corporate Services - 12k
+ Create and Close

Upside:
- n/a",2026-05-27T16:15:21,2026-05-22T06:00:00,2026-05-29T06:00:00,Standard Submission
Cody Danforth,Active,2024-07-26,FALSE,Maya Delgado,M7-FY2027,2027,MONTH,7,6,Forecast,Forecast,95000.0,"Headline: Calling $95k on the quarter.

Current Q CW = $0
Gap to call = $95k
Pipe coverage to forecast: 0x

Logic:
Key deals + Create and Close Opps

Key deals impacting my call:
OnVertex - 55k
ECM Corporate Services - 12k
+ Create and Close

Upside:
- n/a",2026-06-03T16:14:17,2026-05-29T06:00:00,2026-06-05T06:00:00,Standard Submission
Cody Danforth,Active,2024-07-26,FALSE,Maya Delgado,M7-FY2027,2027,MONTH,7,7,Forecast,Forecast,95000.0,"Headline: Calling $95k on the quarter.

Current Q CW = $0
Gap to call = $95k
Pipe coverage to forecast: 0x

Logic:
Key deals + Create and Close Opps

Key deals impacting my call:
OnVertex - 55k
ECM Corporate Services - 12k
+ Create and Close

Upside:
- n/a",2026-06-10T15:32:03,2026-06-05T06:00:00,2026-06-12T06:00:00,Standard Submission
Cody Danforth,Active,2024-07-26,FALSE,Maya Delgado,M7-FY2027,2027,MONTH,7,8,Forecast,Forecast,95000.0,"Headline: Calling $95k on the quarter.

Current Q CW = $0
Gap to call = $95k
Pipe coverage to forecast: 0x

Logic:
Key deals + Create and Close Opps

Key deals impacting my call:
OnVertex - 55k
ECM Corporate Services - 12k
+ Create and Close

Upside:
- n/a",2026-06-17T16:26:52,2026-06-12T06:00:00,2026-06-19T06:00:00,Standard Submission
Cody Danforth,Active,2024-07-26,FALSE,Maya Delgado,M7-FY2027,2027,MONTH,7,9,Forecast,Forecast,95000.0,"Headline: Calling $95k on the quarter.

Current Q CW = $0
Gap to call = $95k
Pipe coverage to forecast: 0x

Logic:
Key deals + Create and Close Opps

Key deals impacting my call:
OnVertex - 55k
ECM Corporate Services - 12k
+ Create and Close

Upside:
- n/a",2026-06-24T15:54:02,2026-06-19T06:00:00,2026-06-26T06:00:00,Standard Submission
Cody Danforth,Active,2024-07-26,FALSE,Maya Delgado,M7-FY2027,2027,MONTH,7,10,Forecast,Forecast,95000.0,"Headline: Calling $95k on the quarter.

Current Q CW = $0
Gap to call = $95k
Pipe coverage to forecast: 0x

Logic:
Key deals + Create and Close Opps

Key deals impacting my call:
OnVertex - 55k
ECM Corporate Services - 12k
+ Create and Close

Upside:
- n/a",2026-06-30T18:32:50,2026-06-26T06:00:00,2026-07-03T06:00:00,Standard Submission
Cody Danforth,Active,2024-07-26,FALSE,Maya Delgado,M7-FY2027,2027,MONTH,7,11,Forecast,Forecast,80000.0,"Headline: Calling $95k on the quarter.

Current Q CW = $0
Gap to call = $95k
Pipe coverage to forecast: 0x

Logic:
Key deals + Create and Close Opps

Key deals impacting my call:
OnVertex - 55k
ECM Corporate Services - 12k
+ Create and Close

Upside:
- n/a",2026-07-08T16:40:33,2026-07-03T06:00:00,2026-07-10T06:00:00,Standard Submission
Cody Danforth,Active,2024-07-26,FALSE,Maya Delgado,M7-FY2027,2027,MONTH,7,12,Forecast,Forecast,35000.0,"Headline: Calling $95k on the quarter.

Current Q CW = $0
Gap to call = $32k
Pipe coverage to forecast: 0x

Logic:
Key deals + Create and Close Opps

Key deals impacting my call:
Vidora - 30k
Nimbus.io - 5k

Upside:
OnVertex - 110k
VVista - 30k
Concourse Technologies - 70k
ECM Corporate Services - 10k

+ Create and Close",2026-07-15T18:05:29,2026-07-10T06:00:00,2026-07-17T06:00:00,Standard Submission
Cody Danforth,Active,2024-07-26,FALSE,Maya Delgado,M7-FY2027,2027,MONTH,7,13,Forecast,Forecast,36000.0,"Headline: Calling $95k on the quarter.

Current Q CW = $0
Gap to call = $34.5k
Pipe coverage to forecast: 1x

Logic:
Vidora + Nimbus.io

Key deals impacting my call:
Vidora - 30k
Nimbus.io - 5k

Upside:
OnVertex - 110k
VVista - 30k
Concourse Technologies - 70k
ECM Corporate Services - 10k

+ Create and Close",2026-07-22T16:53:06,2026-07-17T06:00:00,2026-07-24T06:00:00,Standard Submission
Cody Danforth,Active,2024-07-26,FALSE,Maya Delgado,M7-FY2027,2027,MONTH,7,3,Best Case,Forecast,150000.0,"Headline: Calling $150k on the quarter.

Current Q CW = $0
Gap to call = $150k
Pipe coverage to forecast: 0x

Logic:
Key deals + Create and Close Opps

Key deals impacting my call:
OnVertex - 55k
ECM Corporate Services - 12k
+ Create and Close

Upside:
- n/a",2026-05-13T16:41:39,2026-05-08T06:00:00,2026-05-15T06:00:00,Standard Submission
Cody Danforth,Active,2024-07-26,FALSE,Maya Delgado,M7-FY2027,2027,MONTH,7,4,Best Case,Forecast,150000.0,"Headline: Calling $150k on the quarter.

Current Q CW = $0
Gap to call = $150k
Pipe coverage to forecast: 0x

Logic:
Key deals + Create and Close Opps

Key deals impacting my call:
OnVertex - 55k
ECM Corporate Services - 12k
+ Create and Close

Upside:
- n/a",2026-05-20T15:50:03,2026-05-15T06:00:00,2026-05-22T06:00:00,Standard Submission
Cody Danforth,Active,2024-07-26,FALSE,Maya Delgado,M7-FY2027,2027,MONTH,7,5,Best Case,Forecast,150000.0,"Headline: Calling $150k on the quarter.

Current Q CW = $0
Gap to call = $150k
Pipe coverage to forecast: 0x

Logic:
Key deals + Create and Close Opps

Key deals impacting my call:
OnVertex - 55k
ECM Corporate Services - 12k
+ Create and Close

Upside:
- n/a",2026-05-27T16:37:55,2026-05-22T06:00:00,2026-05-29T06:00:00,Standard Submission
Cody Danforth,Active,2024-07-26,FALSE,Maya Delgado,M7-FY2027,2027,MONTH,7,6,Best Case,Forecast,150000.0,"Headline: Calling $150k on the quarter.

Current Q CW = $0
Gap to call = $150k
Pipe coverage to forecast: 0x

Logic:
Key deals + Create and Close Opps

Key deals impacting my call:
OnVertex - 55k
ECM Corporate Services - 12k
+ Create and Close

Upside:
- n/a",2026-06-03T15:25:10,2026-05-29T06:00:00,2026-06-05T06:00:00,Standard Submission
Cody Danforth,Active,2024-07-26,FALSE,Maya Delgado,M7-FY2027,2027,MONTH,7,7,Best Case,Forecast,150000.0,"Headline: Calling $150k on the quarter.

Current Q CW = $0
Gap to call = $150k
Pipe coverage to forecast: 0x

Logic:
Key deals + Create and Close Opps

Key deals impacting my call:
OnVertex - 55k
ECM Corporate Services - 12k
+ Create and Close

Upside:
- n/a",2026-06-10T15:34:34,2026-06-05T06:00:00,2026-06-12T06:00:00,Standard Submission
Cody Danforth,Active,2024-07-26,FALSE,Maya Delgado,M7-FY2027,2027,MONTH,7,8,Best Case,Forecast,150000.0,"Headline: Calling $150k on the quarter.

Current Q CW = $0
Gap to call = $150k
Pipe coverage to forecast: 0x

Logic:
Key deals + Create and Close Opps

Key deals impacting my call:
OnVertex - 55k
ECM Corporate Services - 12k
+ Create and Close

Upside:
- n/a",2026-06-17T14:07:58,2026-06-12T06:00:00,2026-06-19T06:00:00,Standard Submission
Cody Danforth,Active,2024-07-26,FALSE,Maya Delgado,M7-FY2027,2027,MONTH,7,9,Best Case,Forecast,150000.0,"Headline: Calling $150k on the quarter.

Current Q CW = $0
Gap to call = $150k
Pipe coverage to forecast: 0x

Logic:
Key deals + Create and Close Opps

Key deals impacting my call:
OnVertex - 55k
ECM Corporate Services - 12k
+ Create and Close

Upside:
- n/a",2026-06-24T15:55:30,2026-06-19T06:00:00,2026-06-26T06:00:00,Standard Submission
Cody Danforth,Active,2024-07-26,FALSE,Maya Delgado,M7-FY2027,2027,MONTH,7,10,Best Case,Forecast,150000.0,"Headline: Calling $150k on the quarter.

Current Q CW = $0
Gap to call = $150k
Pipe coverage to forecast: 0x

Logic:
Key deals + Create and Close Opps

Key deals impacting my call:
OnVertex - 55k
ECM Corporate Services - 12k
+ Create and Close

Upside:
- n/a",2026-06-30T18:32:34,2026-06-26T06:00:00,2026-07-03T06:00:00,Standard Submission
Cody Danforth,Active,2024-07-26,FALSE,Maya Delgado,M7-FY2027,2027,MONTH,7,11,Best Case,Forecast,132000.0,"Headline: Calling $150k on the quarter.

Current Q CW = $0
Gap to call = $150k
Pipe coverage to forecast: 0x

Logic:
Key deals + Create and Close Opps

Key deals impacting my call:
OnVertex - 55k
ECM Corporate Services - 12k
+ Create and Close

Upside:
- n/a",2026-07-08T16:15:47,2026-07-03T06:00:00,2026-07-10T06:00:00,Standard Submission
Cody Danforth,Active,2024-07-26,FALSE,Maya Delgado,M7-FY2027,2027,MONTH,7,12,Best Case,Forecast,132000.0,"Headline: Calling $150k on the quarter.

Current Q CW = $0
Gap to call = $150k
Pipe coverage to forecast: 0x

Logic:
Key deals + Create and Close Opps

Key deals impacting my call:
OnVertex - 55k
ECM Corporate Services - 12k
+ Create and Close

Upside:
- n/a",2026-07-15T16:52:05,2026-07-10T06:00:00,2026-07-17T06:00:00,Standard Submission
Cody Danforth,Active,2024-07-26,FALSE,Maya Delgado,M7-FY2027,2027,MONTH,7,13,Best Case,Forecast,132000.0,"Headline: Calling $150k on the quarter.

Current Q CW = $0
Gap to call = $150k
Pipe coverage to forecast: 0x

Logic:
Key deals + Create and Close Opps

Key deals impacting my call:
OnVertex - 55k
ECM Corporate Services - 12k
+ Create and Close

Upside:
- n/a",2026-07-22T16:02:06,2026-07-17T06:00:00,2026-07-24T06:00:00,Standard Submission
Cody Danforth,Active,2024-07-26,FALSE,Maya Delgado,M7-FY2027,2027,MONTH,7,11,New Logos Forecast (#),Forecast,1.0,,2026-07-08T15:52:28,2026-07-03T06:00:00,2026-07-10T06:00:00,Standard Submission
Cody Danforth,Active,2024-07-26,FALSE,Maya Delgado,M7-FY2027,2027,MONTH,7,12,New Logos Forecast (#),Forecast,0.0,,2026-07-15T17:05:12,2026-07-10T06:00:00,2026-07-17T06:00:00,Standard Submission
Cody Danforth,Active,2024-07-26,FALSE,Maya Delgado,M7-FY2027,2027,MONTH,7,13,New Logos Forecast (#),Forecast,0.0,,2026-07-22T16:01:53,2026-07-17T06:00:00,2026-07-24T06:00:00,Standard Submission
Cody Danforth,Active,2024-07-26,FALSE,Maya Delgado,M5-FY2027,2027,MONTH,5,3,Forecast,Forecast,30000.0,"Headline: Calling $30k on the quarter.

Current Q CW = $0
Gap to call = $30k
Pipe coverage to forecast: 0x

Logic:
Key deals + Create and Close Opps

Key deals impacting my call:
OnVertex - 55k
ECM Corporate Services - 12k
+ Create and Close

Upside:
- n/a",2026-05-13T16:39:00,2026-05-08T06:00:00,2026-05-15T06:00:00,Standard Submission
Cody Danforth,Active,2024-07-26,FALSE,Maya Delgado,M5-FY2027,2027,MONTH,5,4,Forecast,Forecast,15000.0,"Headline: Lowering call to 15k on the month.

Current Q CW = $1.4k
Gap to call = $13.6k
Pipe coverage to forecast: 0x

Logic:
Create and Close Opps from customer accounts

Key deals impacting my call:
Create and Close

Upside:
Concourse Technologies - 50k
OnVertex - 55k
ECM Corporate Services - 12k",2026-05-20T16:21:18,2026-05-15T06:00:00,2026-05-22T06:00:00,Standard Submission
Cody Danforth,Active,2024-07-26,FALSE,Maya Delgado,M5-FY2027,2027,MONTH,5,5,Forecast,Forecast,1360.0,"Headline: Lowering call to $1360 on the month.

Current Q CW = $1.4k
Gap to call = $0
Pipe coverage to forecast: 0x

Logic:
Create and Close Opps from customer accounts

Key deals impacting my call:
Create and Close

Upside:
Concourse Technologies - 50k
OnVertex - 55k
ECM Corporate Services - 12k",2026-05-27T16:15:21,2026-05-22T06:00:00,2026-05-29T06:00:00,Standard Submission
Cody Danforth,Active,2024-07-26,FALSE,Maya Delgado,M5-FY2027,2027,MONTH,5,3,Best Case,Forecast,85000.0,"Headline: Calling $85k on the quarter.

Current Q CW = $0
Gap to call = $85k
Pipe coverage to forecast: 0x

Logic:
Key deals + Create and Close Opps

Key deals impacting my call:
OnVertex - 55k
ECM Corporate Services - 12k
+ Create and Close

Upside:
- n/a",2026-05-13T16:41:39,2026-05-08T06:00:00,2026-05-15T06:00:00,Standard Submission
Cody Danforth,Active,2024-07-26,FALSE,Maya Delgado,M5-FY2027,2027,MONTH,5,4,Best Case,Forecast,85000.0,"Headline: Calling $85k on the quarter.

Current Q CW = $0
Gap to call = $85k
Pipe coverage to forecast: 0x

Logic:
Key deals + Create and Close Opps

Key deals impacting my call:
OnVertex - 55k
ECM Corporate Services - 12k
+ Create and Close

Upside:
- n/a",2026-05-20T15:50:03,2026-05-15T06:00:00,2026-05-22T06:00:00,Standard Submission
Cody Danforth,Active,2024-07-26,FALSE,Maya Delgado,M5-FY2027,2027,MONTH,5,5,Best Case,Forecast,85000.0,"Headline: Best case = 50k

Current Q CW = $0
Gap to call = $85k
Pipe coverage to forecast: 0x

Logic:
Key deals + Create and Close Opps

Key deals impacting my call:
OnVertex - 55k
ECM Corporate Services - 12k
+ Create and Close

Upside:
- n/a",2026-05-27T16:37:55,2026-05-22T06:00:00,2026-05-29T06:00:00,Standard Submission
Cody Danforth,Active,2024-07-26,FALSE,Maya Delgado,M5-FY2027,2027,MONTH,5,3,New Logos Forecast (#),Forecast,0.0,,2026-05-13T15:54:20,2026-05-08T06:00:00,2026-05-15T06:00:00,Standard Submission
Cody Danforth,Active,2024-07-26,FALSE,Maya Delgado,M5-FY2027,2027,MONTH,5,4,New Logos Forecast (#),Forecast,0.0,,2026-05-20T15:50:24,2026-05-15T06:00:00,2026-05-22T06:00:00,Standard Submission
Cody Danforth,Active,2024-07-26,FALSE,Maya Delgado,M5-FY2027,2027,MONTH,5,5,New Logos Forecast (#),Forecast,0.0,,2026-05-27T15:12:04,2026-05-22T06:00:00,2026-05-29T06:00:00,Standard Submission
Cody Danforth,Active,2024-07-26,FALSE,Maya Delgado,Q2-FY2027,2027,QUARTER,2,3,Forecast,Forecast,162000.0,"Headline: Calling $205k on the quarter.

Current Q CW = $0
Gap to call = $205k
Pipe coverage to forecast: 0x

Logic:
Key deals + Create and Close Opps; Vantera has me projected 95.7k

Key deals impacting my call:
OnVertex - 55k
ECM Corporate Services - 12k
+ Create and Close

Upside:
- n/a",2026-05-13T16:39:00,2026-05-08T06:00:00,2026-05-15T06:00:00,Standard Submission
Cody Danforth,Active,2024-07-26,FALSE,Maya Delgado,Q2-FY2027,2027,QUARTER,2,4,Forecast,Forecast,162000.0,"Headline: Calling $162k on the quarter.

Current Q CW = $1.4k
Gap to call = $160.6k
Pipe coverage to forecast: 0.7x

Logic:
Key deals + Create and Close Opps; Vantera has me projected 95.7k

Key deals impacting my call:
OnVertex - 55k
ECM Corporate Services - 12k
+ Create and Close

Upside:
- Concourse Technologies - 50k",2026-05-20T16:21:18,2026-05-15T06:00:00,2026-05-22T06:00:00,Standard Submission
Cody Danforth,Active,2024-07-26,FALSE,Maya Delgado,Q2-FY2027,2027,QUARTER,2,5,Forecast,Forecast,162000.0,"Headline: Calling $162k on the quarter.

Current Q CW = $1.4k
Gap to call = $160.6k
Pipe coverage to forecast: 1.1x

Logic:
Key deals + Create and Close Opps; Vantera has me projected 95.7k

Key deals impacting my call:
OnVertex - 55k
ECM Corporate Services - 12k
Concourse Technologies - 50k

Upside:
+ Create and Close",2026-05-27T16:15:21,2026-05-22T06:00:00,2026-05-29T06:00:00,Standard Submission
Cody Danforth,Active,2024-07-26,FALSE,Maya Delgado,Q2-FY2027,2027,QUARTER,2,6,Forecast,Forecast,162000.0,"Headline: Calling $162k on the quarter.

Current Q CW = $1.4k
Gap to call = $160.6k
Pipe coverage to forecast: 1.1x

Logic:
Key deals + Create and Close Opps; Vantera has me projected 95.7k

Key deals impacting my call:
OnVertex - 120k
Concourse Technologies - 75k
ECM Corporate Services - 12k

Upside:
+ Create and Close",2026-06-03T16:14:17,2026-05-29T06:00:00,2026-06-05T06:00:00,Standard Submission
Cody Danforth,Active,2024-07-26,FALSE,Maya Delgado,Q2-FY2027,2027,QUARTER,2,7,Forecast,Forecast,162000.0,"Headline: Calling $162k on the quarter.

Current Q CW = $1.4k
Gap to call = $160.6k
Pipe coverage to forecast: 1.16x

Logic:
Key deals + Create and Close Opps; Vantera has me projected 95.7k

Key deals impacting my call:
OnVertex - 120k
Concourse Technologies - 70k
ECM Corporate Services - 10k

Upside:
VVista - 40k
+ Create and Close",2026-06-10T15:32:03,2026-06-05T06:00:00,2026-06-12T06:00:00,Standard Submission
Cody Danforth,Active,2024-07-26,FALSE,Maya Delgado,Q2-FY2027,2027,QUARTER,2,8,Forecast,Forecast,162000.0,"Headline: Calling $162k on the quarter.

Current Q CW = $1.4k
Gap to call = $160.6k
Pipe coverage to forecast: 1.16x

Logic:
Key deals + Create and Close Opps; Vantera has me projected 95.7k

Key deals impacting my call:
OnVertex - 110k
Concourse Technologies - 70k
ECM Corporate Services - 10k

Upside:
VVista - 40k
+ Create and Close",2026-06-17T16:26:52,2026-06-12T06:00:00,2026-06-19T06:00:00,Standard Submission
Cody Danforth,Active,2024-07-26,FALSE,Maya Delgado,Q2-FY2027,2027,QUARTER,2,9,Forecast,Forecast,95000.0,"Headline: Calling $95k on the quarter.

Current Q CW = $1.4k
Gap to call = $95k
Pipe coverage to forecast: 1.26x

Logic:
Key deals + Create and Close Opps

Key deals impacting my call:
Concourse Technologies - 70k
ECM Corporate Services - 10k
VVista - 40k

Upside:
OnVertex - 110k

+ Create and Close",2026-06-24T15:54:02,2026-06-19T06:00:00,2026-06-26T06:00:00,Standard Submission
Cody Danforth,Active,2024-07-26,FALSE,Maya Delgado,Q2-FY2027,2027,QUARTER,2,10,Forecast,Forecast,95000.0,"Headline: Calling $95k on the quarter.

Current Q CW = $1.4k
Gap to call = $95k
Pipe coverage to forecast: 1.26x

Logic:
Key deals + Create and Close Opps

Key deals impacting my call:
Concourse Technologies - 70k
ECM Corporate Services - 10k
VVista - 30k

Upside:
OnVertex - 110k

+ Create and Close",2026-06-30T18:32:50,2026-06-26T06:00:00,2026-07-03T06:00:00,Standard Submission
Cody Danforth,Active,2024-07-26,FALSE,Maya Delgado,Q2-FY2027,2027,QUARTER,2,11,Forecast,Forecast,80000.0,"Headline: Calling $95k on the quarter.

Current Q CW = $1.4k
Gap to call = $80k
Pipe coverage to forecast: 1.26x

Logic:
Key deals + Create and Close Opps

Key deals impacting my call:
Concourse Technologies - 70k
ECM Corporate Services - 10k

Upside:
OnVertex - 110k
VVista - 30k

+ Create and Close",2026-07-08T16:26:54,2026-07-03T06:00:00,2026-07-10T06:00:00,Standard Submission
Cody Danforth,Active,2024-07-26,FALSE,Maya Delgado,Q2-FY2027,2027,QUARTER,2,12,Forecast,Forecast,35000.0,"Headline: Calling $35k on the quarter.

Current Q CW = $3k
Gap to call = $32k
Pipe coverage to forecast: 1.26x

Logic:
Key deals + Create and Close Opps

Key deals impacting my call:
Vidora - 30k
Nimbus.io - 5k

Upside:
OnVertex - 110k
VVista - 30k
Concourse Technologies - 70k
ECM Corporate Services - 10k

+ Create and Close",2026-07-15T18:05:29,2026-07-10T06:00:00,2026-07-17T06:00:00,Standard Submission
Cody Danforth,Active,2024-07-26,FALSE,Maya Delgado,Q2-FY2027,2027,QUARTER,2,13,Forecast,Forecast,39000.0,"Headline: Calling $39960 on the quarter.

Current Q CW = $3k
Gap to call = $32k
Pipe coverage to forecast: 1x

Logic:
Vidora + Nimbus.io

Key deals impacting my call:
Vidora - 31k
Nimbus.io - 5k

Upside:
OnVertex - 110k
VVista - 30k
Concourse Technologies - 70k
ECM Corporate Services - 10k

+ Create and Close",2026-07-22T16:53:06,2026-07-17T06:00:00,2026-07-24T06:00:00,Standard Submission
Cody Danforth,Active,2024-07-26,FALSE,Maya Delgado,Q2-FY2027,2027,QUARTER,2,3,Best Case,Forecast,250000.0,"Headline: Calling $275k on the quarter.

Current Q CW = $0
Gap to call = $275k
Pipe coverage to forecast: 0x

Logic:
Key deals + Create and Close Opps

Key deals impacting my call:
OnVertex - 55k
ECM Corporate Services - 12k
+ Create and Close

Upside:
- n/a",2026-05-13T16:41:39,2026-05-08T06:00:00,2026-05-15T06:00:00,Standard Submission
Cody Danforth,Active,2024-07-26,FALSE,Maya Delgado,Q2-FY2027,2027,QUARTER,2,4,Best Case,Forecast,250000.0,"Headline: Calling $250k on the quarter.

Current Q CW = $1.4k
Gap to call = $273.6k
Pipe coverage to forecast: 0.45x

Logic:
Key deals + Create and Close Opps

Key deals impacting my call:
OnVertex - 55k
ECM Corporate Services - 12k
+ Create and Close

Upside:
- Concourse Technologies - 50k",2026-05-20T15:50:03,2026-05-15T06:00:00,2026-05-22T06:00:00,Standard Submission
Cody Danforth,Active,2024-07-26,FALSE,Maya Delgado,Q2-FY2027,2027,QUARTER,2,5,Best Case,Forecast,250000.0,"Headline: Calling $250k on the quarter.

Current Q CW = $1.4k
Gap to call = $273.6k
Pipe coverage to forecast: 1.1x

Logic:
Key deals + Create and Close Opps

Key deals impacting my call:
OnVertex - 55k
ECM Corporate Services - 12k
Concourse Technologies - 50k
+ Create and Close

Upside:",2026-05-27T16:37:55,2026-05-22T06:00:00,2026-05-29T06:00:00,Standard Submission
Cody Danforth,Active,2024-07-26,FALSE,Maya Delgado,Q2-FY2027,2027,QUARTER,2,6,Best Case,Forecast,250000.0,"Headline: Calling $250k on the quarter.

Current Q CW = $1.4k
Gap to call = $273.6k
Pipe coverage to forecast: 1.1x

Logic:
Key deals + Create and Close Opps

Key deals impacting my call:
OnVertex - 55k
ECM Corporate Services - 12k
Concourse Technologies - 50k
+ Create and Close

Upside:",2026-06-03T15:25:10,2026-05-29T06:00:00,2026-06-05T06:00:00,Standard Submission
Cody Danforth,Active,2024-07-26,FALSE,Maya Delgado,Q2-FY2027,2027,QUARTER,2,7,Best Case,Forecast,250000.0,"Headline: Calling $250k on the quarter.

Current Q CW = $1.4k
Gap to call = $273.6k
Pipe coverage to forecast: 1.1x

Logic:
Key deals + Create and Close Opps

Key deals impacting my call:
OnVertex - 55k
ECM Corporate Services - 12k
Concourse Technologies - 50k
+ Create and Close

Upside:",2026-06-10T15:34:34,2026-06-05T06:00:00,2026-06-12T06:00:00,Standard Submission
Cody Danforth,Active,2024-07-26,FALSE,Maya Delgado,Q2-FY2027,2027,QUARTER,2,8,Best Case,Forecast,225000.0,"Headline: Calling $250k on the quarter.

Current Q CW = $1.4k
Gap to call = $273.6k
Pipe coverage to forecast: 1.1x

Logic:
Key deals + Create and Close Opps

Key deals impacting my call:
OnVertex - 140k
ECM Corporate Services - 12k
Concourse Technologies - 80k
+ Create and Close

Upside:
VVista - 40k",2026-06-17T14:07:58,2026-06-12T06:00:00,2026-06-19T06:00:00,Standard Submission
Cody Danforth,Active,2024-07-26,FALSE,Maya Delgado,Q2-FY2027,2027,QUARTER,2,9,Best Case,Forecast,132000.0,"Headline: $132k BC

Current Q CW = $1.4k
Gap to call = $130.5k
Pipe coverage to forecast: 1.26x

Logic:
Key deals + Create and Close Opps

Key deals impacting my call:
Concourse Technologies - 80k
VVista - 40k
ECM Corporate Services - 12k

+ Create and Close

Upside:
OnVertex - 140k",2026-06-24T15:55:30,2026-06-19T06:00:00,2026-06-26T06:00:00,Standard Submission
Cody Danforth,Active,2024-07-26,FALSE,Maya Delgado,Q2-FY2027,2027,QUARTER,2,10,Best Case,Forecast,132000.0,"Headline: $132k BC

Current Q CW = $1.4k
Gap to call = $130.5k
Pipe coverage to forecast: 1.26x

Logic:
Key deals + Create and Close Opps

Key deals impacting my call:
Concourse Technologies - 80k
VVista - 40k
ECM Corporate Services - 12k

+ Create and Close

Upside:
OnVertex - 140k",2026-06-30T18:32:34,2026-06-26T06:00:00,2026-07-03T06:00:00,Standard Submission
Cody Danforth,Active,2024-07-26,FALSE,Maya Delgado,Q2-FY2027,2027,QUARTER,2,11,Best Case,Forecast,132000.0,"Headline: $132k BC

Current Q CW = $1.4k
Gap to call = $130.5k
Pipe coverage to forecast: 1.26x

Logic:
Key deals + Create and Close Opps

Key deals impacting my call:
Concourse Technologies - 80k
VVista - 40k
ECM Corporate Services - 12k

+ Create and Close

Upside:
OnVertex - 140k",2026-07-08T15:51:14,2026-07-03T06:00:00,2026-07-10T06:00:00,Standard Submission
Cody Danforth,Active,2024-07-26,FALSE,Maya Delgado,Q2-FY2027,2027,QUARTER,2,12,Best Case,Forecast,132000.0,"Headline: $132k BC

Current Q CW = $1.4k
Gap to call = $130.5k
Pipe coverage to forecast: 1.26x

Logic:
Key deals + Create and Close Opps

Key deals impacting my call:
Concourse Technologies - 80k
VVista - 40k
ECM Corporate Services - 12k

+ Create and Close

Upside:
OnVertex - 140k",2026-07-15T16:52:05,2026-07-10T06:00:00,2026-07-17T06:00:00,Standard Submission
Cody Danforth,Active,2024-07-26,FALSE,Maya Delgado,Q2-FY2027,2027,QUARTER,2,13,Best Case,Forecast,132000.0,"Headline: $132k BC

Current Q CW = $1.4k
Gap to call = $130.5k
Pipe coverage to forecast: 1.26x

Logic:
Key deals + Create and Close Opps

Key deals impacting my call:
Concourse Technologies - 80k
VVista - 40k
ECM Corporate Services - 12k

+ Create and Close

Upside:
OnVertex - 140k",2026-07-22T16:02:06,2026-07-17T06:00:00,2026-07-24T06:00:00,Standard Submission
Cody Danforth,Active,2024-07-26,FALSE,Maya Delgado,Q2-FY2027,2027,QUARTER,2,3,New Logos Forecast (#),Forecast,1.0,,2026-05-13T15:54:20,2026-05-08T06:00:00,2026-05-15T06:00:00,Standard Submission
Cody Danforth,Active,2024-07-26,FALSE,Maya Delgado,Q2-FY2027,2027,QUARTER,2,4,New Logos Forecast (#),Forecast,2.0,,2026-05-20T15:50:18,2026-05-15T06:00:00,2026-05-22T06:00:00,Standard Submission
Cody Danforth,Active,2024-07-26,FALSE,Maya Delgado,Q2-FY2027,2027,QUARTER,2,5,New Logos Forecast (#),Forecast,2.0,,2026-05-27T15:11:53,2026-05-22T06:00:00,2026-05-29T06:00:00,Standard Submission
Cody Danforth,Active,2024-07-26,FALSE,Maya Delgado,Q2-FY2027,2027,QUARTER,2,6,New Logos Forecast (#),Forecast,2.0,,2026-06-03T15:25:16,2026-05-29T06:00:00,2026-06-05T06:00:00,Standard Submission
Cody Danforth,Active,2024-07-26,FALSE,Maya Delgado,Q2-FY2027,2027,QUARTER,2,7,New Logos Forecast (#),Forecast,2.0,,2026-06-10T15:34:19,2026-06-05T06:00:00,2026-06-12T06:00:00,Standard Submission
Cody Danforth,Active,2024-07-26,FALSE,Maya Delgado,Q2-FY2027,2027,QUARTER,2,8,New Logos Forecast (#),Forecast,2.0,,2026-06-17T14:08:05,2026-06-12T06:00:00,2026-06-19T06:00:00,Standard Submission
Cody Danforth,Active,2024-07-26,FALSE,Maya Delgado,Q2-FY2027,2027,QUARTER,2,9,New Logos Forecast (#),Forecast,2.0,,2026-06-24T15:57:28,2026-06-19T06:00:00,2026-06-26T06:00:00,Standard Submission
Cody Danforth,Active,2024-07-26,FALSE,Maya Delgado,Q2-FY2027,2027,QUARTER,2,10,New Logos Forecast (#),Forecast,2.0,,2026-06-30T18:32:11,2026-06-26T06:00:00,2026-07-03T06:00:00,Standard Submission
Cody Danforth,Active,2024-07-26,FALSE,Maya Delgado,Q2-FY2027,2027,QUARTER,2,11,New Logos Forecast (#),Forecast,1.0,,2026-07-08T15:52:15,2026-07-03T06:00:00,2026-07-10T06:00:00,Standard Submission
Cody Danforth,Active,2024-07-26,FALSE,Maya Delgado,Q2-FY2027,2027,QUARTER,2,12,New Logos Forecast (#),Forecast,0.0,,2026-07-15T17:05:04,2026-07-10T06:00:00,2026-07-17T06:00:00,Standard Submission
Cody Danforth,Active,2024-07-26,FALSE,Maya Delgado,Q2-FY2027,2027,QUARTER,2,13,New Logos Forecast (#),Forecast,0.0,,2026-07-22T16:01:49,2026-07-17T06:00:00,2026-07-24T06:00:00,Standard Submission
Cody Danforth,Active,2024-07-26,FALSE,Maya Delgado,M6-FY2027,2027,MONTH,6,3,Forecast,Forecast,67000.0,"Headline: Calling $67k on the quarter.

Current Q CW = $0
Gap to call = $67k
Pipe coverage to forecast: 0x

Logic:
Key deals + Create and Close Opps

Key deals impacting my call:
OnVertex - 55k
ECM Corporate Services - 12k
+ Create and Close

Upside:
- n/a",2026-05-13T16:39:00,2026-05-08T06:00:00,2026-05-15T06:00:00,Standard Submission
Cody Danforth,Active,2024-07-26,FALSE,Maya Delgado,M6-FY2027,2027,MONTH,6,4,Forecast,Forecast,67000.0,"Headline: Calling $67k on the quarter.

Current Q CW = $0
Gap to call = $67k
Pipe coverage to forecast: 0x

Logic:
Key deals + Create and Close Opps

Key deals impacting my call:
OnVertex - 55k
ECM Corporate Services - 12k
+ Create and Close

Upside:
- n/a",2026-05-20T16:21:18,2026-05-15T06:00:00,2026-05-22T06:00:00,Standard Submission
Cody Danforth,Active,2024-07-26,FALSE,Maya Delgado,M6-FY2027,2027,MONTH,6,5,Forecast,Forecast,67000.0,"Headline: Calling $67k on the quarter.

Current Q CW = $0
Gap to call = $67k
Pipe coverage to forecast: 0x

Logic:
Key deals + Create and Close Opps

Key deals impacting my call:
OnVertex - 55k
ECM Corporate Services - 12k
+ Create and Close

Upside:
- n/a",2026-05-27T16:15:21,2026-05-22T06:00:00,2026-05-29T06:00:00,Standard Submission
Cody Danforth,Active,2024-07-26,FALSE,Maya Delgado,M6-FY2027,2027,MONTH,6,6,Forecast,Forecast,55000.0,"Headline: Lowering call to $55k for June

Current Q CW = $0
Gap to call = $67k
Pipe coverage to forecast: 0x

Logic:
Key deals + Create and Close Opps

Key deals impacting my call:
OnVertex - 120k
Concourse Technologies - 75k
ECM Corporate Services - 12k
+ Create and Close

Upside:
- n/a",2026-06-03T16:14:17,2026-05-29T06:00:00,2026-06-05T06:00:00,Standard Submission
Cody Danforth,Active,2024-07-26,FALSE,Maya Delgado,M6-FY2027,2027,MONTH,6,7,Forecast,Forecast,55000.0,"Headline: Lowering call to $55k for June

Current Q CW = $0
Gap to call = $55k
Pipe coverage to forecast: 1x

Logic:
Key deals + Create and Close Opps

Key deals impacting my call:
Concourse Technologies - 75k

Upside:
OnVertex - 120k
ECM Corporate Services - 12k
+ Create and Close
- n/a",2026-06-10T15:34:26,2026-06-05T06:00:00,2026-06-12T06:00:00,Standard Submission
Cody Danforth,Active,2024-07-26,FALSE,Maya Delgado,M6-FY2027,2027,MONTH,6,8,Forecast,Forecast,55000.0,"Headline: Holding call at 55k for June

Current Q CW = $0
Gap to call = $55k
Pipe coverage to forecast: 1x

Logic:
Key deals + Create and Close Opps

Key deals impacting my call:
Concourse Technologies - 70k

Upside:
OnVertex - 110k
ECM Corporate Services - 12k
VVista - 40k
+ Create and Close",2026-06-17T16:26:52,2026-06-12T06:00:00,2026-06-19T06:00:00,Standard Submission
Cody Danforth,Active,2024-07-26,FALSE,Maya Delgado,M6-FY2027,2027,MONTH,6,9,Forecast,Forecast,55000.0,"Headline: Holding call at 55k for June; VVista and/or CT

Current Q CW = $0
Gap to call = $55k
Pipe coverage to forecast: 2.25x

Logic:
Key deals + Create and Close Opps

Key deals impacting my call:
VVista - 40k
Concourse Technologies - 70k

Upside:
OnVertex - 110k
ECM Corporate Services - 12k
+ Create and Close",2026-06-24T15:56:26,2026-06-19T06:00:00,2026-06-26T06:00:00,Standard Submission
Cody Danforth,Active,2024-07-26,FALSE,Maya Delgado,M6-FY2027,2027,MONTH,6,10,Forecast,Forecast,29850.0,"Headline: Holding call at 55k for June; VVista and/or CT

Current Q CW = $0
Gap to call = $55k
Pipe coverage to forecast: 2.25x

Logic:
Key deals + Create and Close Opps

Key deals impacting my call:
VVista - 30k
Concourse Technologies - 70k

Upside:
OnVertex - 110k
ECM Corporate Services - 12k
+ Create and Close",2026-06-30T18:33:12,2026-06-26T06:00:00,2026-07-03T06:00:00,Standard Submission
Cody Danforth,Active,2024-07-26,FALSE,Maya Delgado,M6-FY2027,2027,MONTH,6,3,Best Case,Forecast,105000.0,"Headline: Calling $105k on the quarter.

Current Q CW = $0
Gap to call = $105k
Pipe coverage to forecast: 0x

Logic:
Key deals + Create and Close Opps

Key deals impacting my call:
OnVertex - 55k
ECM Corporate Services - 12k
+ Create and Close

Upside:
- n/a",2026-05-13T16:41:39,2026-05-08T06:00:00,2026-05-15T06:00:00,Standard Submission
Cody Danforth,Active,2024-07-26,FALSE,Maya Delgado,M6-FY2027,2027,MONTH,6,4,Best Case,Forecast,105000.0,"Headline: Calling $105k on the quarter.

Current Q CW = $0
Gap to call = $105k
Pipe coverage to forecast: 0x

Logic:
Key deals + Create and Close Opps

Key deals impacting my call:
OnVertex - 55k
ECM Corporate Services - 12k
+ Create and Close

Upside:
- n/a",2026-05-20T15:50:03,2026-05-15T06:00:00,2026-05-22T06:00:00,Standard Submission
Cody Danforth,Active,2024-07-26,FALSE,Maya Delgado,M6-FY2027,2027,MONTH,6,5,Best Case,Forecast,105000.0,"Headline: Calling $105k on the quarter.

Current Q CW = $0
Gap to call = $105k
Pipe coverage to forecast: 0x

Logic:
Key deals + Create and Close Opps

Key deals impacting my call:
OnVertex - 55k
ECM Corporate Services - 12k
+ Create and Close

Upside:
- n/a",2026-05-27T16:37:55,2026-05-22T06:00:00,2026-05-29T06:00:00,Standard Submission
Cody Danforth,Active,2024-07-26,FALSE,Maya Delgado,M6-FY2027,2027,MONTH,6,6,Best Case,Forecast,105000.0,"Headline: Calling $105k on the quarter.

Current Q CW = $0
Gap to call = $105k
Pipe coverage to forecast: 0x

Logic:
Key deals + Create and Close Opps

Key deals impacting my call:
OnVertex - 55k
ECM Corporate Services - 12k
+ Create and Close

Upside:
- n/a",2026-06-03T15:25:39,2026-05-29T06:00:00,2026-06-05T06:00:00,Standard Submission
Cody Danforth,Active,2024-07-26,FALSE,Maya Delgado,M6-FY2027,2027,MONTH,6,7,Best Case,Forecast,90000.0,"Headline: Calling $105k on the quarter.

Current Q CW = $0
Gap to call = $90k
Pipe coverage to forecast: 1x

Logic:
Key deals + Create and Close Opps

Key deals impacting my call:
OnVertex - 120k
ECM Corporate Services - 10k
+ Create and Close

Upside:
- n/a",2026-06-10T15:34:42,2026-06-05T06:00:00,2026-06-12T06:00:00,Standard Submission
Cody Danforth,Active,2024-07-26,FALSE,Maya Delgado,M6-FY2027,2027,MONTH,6,8,Best Case,Forecast,90000.0,"Headline: Calling $80k BC on the quarter.

Current Q CW = $0
Gap to call = $80k
Pipe coverage to forecast: 1x

Logic:
Key deals + Create and Close Opps

Key deals impacting my call:
Concourse Technologies - 70k
OnVertex - 110k
ECM Corporate Services - 10k
+ Create and Close

Upside:
VVista",2026-06-17T14:09:30,2026-06-12T06:00:00,2026-06-19T06:00:00,Standard Submission
Cody Danforth,Active,2024-07-26,FALSE,Maya Delgado,M6-FY2027,2027,MONTH,6,9,Best Case,Forecast,90000.0,"Headline: $110k BC

Current Q CW = $0
Gap to call = $108.5k
Pipe coverage to forecast: 1x

Logic:
Key deals + Create and Close Opps

Key deals impacting my call:
Concourse Technologies - 70k
VVista - 40k

Upside:
OnVertex - 110k
ECM Corporate Services - 10k
+ Create and Close",2026-06-24T15:57:10,2026-06-19T06:00:00,2026-06-26T06:00:00,Standard Submission
Cody Danforth,Active,2024-07-26,FALSE,Maya Delgado,M6-FY2027,2027,MONTH,6,10,Best Case,Forecast,29850.0,"Headline: $110k BC

Current Q CW = $0
Gap to call = $108.5k
Pipe coverage to forecast: 1x

Logic:
Key deals + Create and Close Opps

Key deals impacting my call:
Concourse Technologies - 70k
VVista - 40k

Upside:
OnVertex - 110k
ECM Corporate Services - 10k
+ Create and Close",2026-06-30T18:32:34,2026-06-26T06:00:00,2026-07-03T06:00:00,Standard Submission
Cody Danforth,Active,2024-07-26,FALSE,Maya Delgado,M6-FY2027,2027,MONTH,6,6,New Logos Forecast (#),Forecast,1.0,,2026-06-03T15:26:50,2026-05-29T06:00:00,2026-06-05T06:00:00,Standard Submission
Cody Danforth,Active,2024-07-26,FALSE,Maya Delgado,M6-FY2027,2027,MONTH,6,7,New Logos Forecast (#),Forecast,1.0,,2026-06-10T15:34:19,2026-06-05T06:00:00,2026-06-12T06:00:00,Standard Submission
Cody Danforth,Active,2024-07-26,FALSE,Maya Delgado,M6-FY2027,2027,MONTH,6,8,New Logos Forecast (#),Forecast,1.0,,2026-06-17T14:09:37,2026-06-12T06:00:00,2026-06-19T06:00:00,Standard Submission
Cody Danforth,Active,2024-07-26,FALSE,Maya Delgado,M6-FY2027,2027,MONTH,6,9,New Logos Forecast (#),Forecast,1.0,,2026-06-24T15:57:36,2026-06-19T06:00:00,2026-06-26T06:00:00,Standard Submission
Cody Danforth,Active,2024-07-26,FALSE,Maya Delgado,M6-FY2027,2027,MONTH,6,10,New Logos Forecast (#),Forecast,1.0,,2026-06-30T18:32:11,2026-06-26T06:00:00,2026-07-03T06:00:00,Standard Submission
Rowan Sinclair,Active,2025-08-25,FALSE,Maya Delgado,M7-FY2027,2027,MONTH,7,10,Forecast,Forecast,60000.0,"Kiln Growth & Built Seats.

Plus Lantern Enable and renewal.",2026-07-01T12:56:10,2026-06-26T06:00:00,2026-07-03T06:00:00,Standard Submission
Rowan Sinclair,Active,2025-08-25,FALSE,Maya Delgado,M7-FY2027,2027,MONTH,7,11,Forecast,Forecast,60000.0,"Kiln Growth & Built Seats.

Plus Lantern Enable and renewal.",2026-07-08T15:55:28,2026-07-03T06:00:00,2026-07-10T06:00:00,Standard Submission
Rowan Sinclair,Active,2025-08-25,FALSE,Maya Delgado,M7-FY2027,2027,MONTH,7,12,Forecast,Forecast,60000.0,"Kiln Growth & Built Seats.

Plus Lantern Enable and renewal.",2026-07-15T18:36:53,2026-07-10T06:00:00,2026-07-17T06:00:00,Standard Submission
Rowan Sinclair,Active,2025-08-25,FALSE,Maya Delgado,M7-FY2027,2027,MONTH,7,13,Forecast,Forecast,60000.0,"Kiln Growth & Built Seats.

Plus Lantern Enable and renewal.",2026-07-22T12:51:16,2026-07-17T06:00:00,2026-07-24T06:00:00,Standard Submission
Rowan Sinclair,Active,2025-08-25,FALSE,Maya Delgado,M7-FY2027,2027,MONTH,7,10,Best Case,Forecast,115000.0,,2026-07-01T12:58:35,2026-06-26T06:00:00,2026-07-03T06:00:00,Standard Submission
Rowan Sinclair,Active,2025-08-25,FALSE,Maya Delgado,M7-FY2027,2027,MONTH,7,11,Best Case,Forecast,115000.0,,2026-07-08T15:56:22,2026-07-03T06:00:00,2026-07-10T06:00:00,Standard Submission
Rowan Sinclair,Active,2025-08-25,FALSE,Maya Delgado,M7-FY2027,2027,MONTH,7,12,Best Case,Forecast,115000.0,,2026-07-15T15:14:53,2026-07-10T06:00:00,2026-07-17T06:00:00,Standard Submission
Rowan Sinclair,Active,2025-08-25,FALSE,Maya Delgado,M7-FY2027,2027,MONTH,7,13,Best Case,Forecast,115000.0,,2026-07-22T12:51:36,2026-07-17T06:00:00,2026-07-24T06:00:00,Standard Submission
Rowan Sinclair,Active,2025-08-25,FALSE,Maya Delgado,M7-FY2027,2027,MONTH,7,10,New Logos Forecast (#),Forecast,0.0,,2026-07-01T12:58:42,2026-06-26T06:00:00,2026-07-03T06:00:00,Standard Submission
Rowan Sinclair,Active,2025-08-25,FALSE,Maya Delgado,M7-FY2027,2027,MONTH,7,11,New Logos Forecast (#),Forecast,0.0,,2026-07-08T15:58:07,2026-07-03T06:00:00,2026-07-10T06:00:00,Standard Submission
Rowan Sinclair,Active,2025-08-25,FALSE,Maya Delgado,M7-FY2027,2027,MONTH,7,12,New Logos Forecast (#),Forecast,0.0,,2026-07-15T15:21:27,2026-07-10T06:00:00,2026-07-17T06:00:00,Standard Submission
Rowan Sinclair,Active,2025-08-25,FALSE,Maya Delgado,M7-FY2027,2027,MONTH,7,13,New Logos Forecast (#),Forecast,0.0,,2026-07-22T12:53:31,2026-07-17T06:00:00,2026-07-24T06:00:00,Standard Submission
Rowan Sinclair,Active,2025-08-25,FALSE,Maya Delgado,M5-FY2027,2027,MONTH,5,2,Forecast,Forecast,65000.0,"Headline: 65K Call w/ Speranza (hedge at 60 K)

Current Q CW = $0
Gap to call = $65K
Pipe coverage to forecast: 1.25X

Logic:
- Calling Speranza at about 60K as a hedge. Upside to 75K and even higher if they want to re-sell to DT

Bulit- 6k in overages

Kiln Labs- 24 K enable upsell

Key deals impacting my call:
For May:
-Speranza
-Built

For the Q:
-Speranza - 60k
-Splashwave- 100k
- Kiln enable - 24K

Upside:
- Lantern Risk Early renewal exapansion
-GTM New sell",2026-05-06T16:50:04,2026-05-01T06:00:00,2026-05-08T06:00:00,Standard Submission
Rowan Sinclair,Active,2025-08-25,FALSE,Maya Delgado,M5-FY2027,2027,MONTH,5,3,Forecast,Forecast,35000.0,"Headline: Revise May call down W/ Speranza Pilot uncertainty

Current Q CW = $3920
Gap to call = $65K
Pipe coverage to forecast: .75

Logic:
- Due to some uncertainty on Pilot allignment I'll move Speranza to best case for May.

Factoring in a transactional cycle on Lantern CS team ramp seats

Bulit- 6k in overages

Kiln Labs Organic growth should be about 15-20 K.

Killing Kiln Labs Kiln Labs- 24 K enable upsell

Key deals impacting my call:
For May:
-Speranza
-Built
-Kiln Labs
Lantern Risk

For the Q:
-Speranza - 60k
-Splashwave- 100k
-Horizontal very Early 175K
- Early stage GTM- 50K
-Lantern Risk- 35K
- Kiln enable - 24K

Upside:
Clear upside and need is in T1 big deal execution as well as source and close.
- Lantern Risk Early renewal exapansion

-GTM New sell",2026-05-13T16:41:49,2026-05-08T06:00:00,2026-05-15T06:00:00,Standard Submission
Rowan Sinclair,Active,2025-08-25,FALSE,Maya Delgado,M5-FY2027,2027,MONTH,5,4,Forecast,Forecast,15000.0,"Headline: Revise May call down W/ Speranza Pilot uncertainty and Lantern uncertainty

Current Q CW = $3920
Gap to call = $65K
Pipe coverage to forecast: .75

Logic:
- Due to some uncertainty on Pilot alignment I'll move Speranza to best case for May.

Factoring in a transactional cycle on Lantern CS team ramp seats

Bulit- 6k in overages

Key deals impacting my call:
For May:
-Built
- Lantern Risk
-Speranza

For the Q:
-Speranza - 60k
-Splashwave- 100k
-Horizontal very Early 175K
- Early stage GTM- 50K
-Lantern Risk- 35K
- Kiln enable - 24K

Upside:
Clear upside and need is in T1 big deal execution as well as source and close.
- Lantern Risk Early renewal exapansion

-GTM New sell",2026-05-20T15:58:10,2026-05-15T06:00:00,2026-05-22T06:00:00,Standard Submission
Rowan Sinclair,Active,2025-08-25,FALSE,Maya Delgado,M5-FY2027,2027,MONTH,5,5,Forecast,Forecast,23200.0,"Headline: Revise May call down W/ Speranza Pilot uncertainty and Lantern uncertainty

Current Q CW = $3920
Gap to call = $65K
Pipe coverage to forecast: .75

Logic:
- Due to some uncertainty on Pilot alignment I'll move Speranza to best case for May.

Factoring in a transactional cycle on Lantern CS team ramp seats

Bulit- 6k in overages

Key deals impacting my call:
For May:
-Built
- Lantern Risk
-Speranza

For the Q:
-Speranza - 60k
-Splashwave- 100k
-Horizontal very Early 175K
- Early stage GTM- 50K
-Lantern Risk- 35K
- Kiln enable - 24K

Upside:
Clear upside and need is in T1 big deal execution as well as source and close.
- Lantern Risk Early renewal exapansion

-GTM New sell",2026-05-27T16:04:43,2026-05-22T06:00:00,2026-05-29T06:00:00,Standard Submission
Rowan Sinclair,Active,2025-08-25,FALSE,Maya Delgado,M5-FY2027,2027,MONTH,5,2,Best Case,Forecast,85000.0,,2026-05-06T15:40:38,2026-05-01T06:00:00,2026-05-08T06:00:00,Standard Submission
Rowan Sinclair,Active,2025-08-25,FALSE,Maya Delgado,M5-FY2027,2027,MONTH,5,3,Best Case,Forecast,95000.0,,2026-05-13T12:13:00,2026-05-08T06:00:00,2026-05-15T06:00:00,Standard Submission
Rowan Sinclair,Active,2025-08-25,FALSE,Maya Delgado,M5-FY2027,2027,MONTH,5,4,Best Case,Forecast,55000.0,,2026-05-20T15:58:34,2026-05-15T06:00:00,2026-05-22T06:00:00,Standard Submission
Rowan Sinclair,Active,2025-08-25,FALSE,Maya Delgado,M5-FY2027,2027,MONTH,5,5,Best Case,Forecast,29000.0,If built can sign,2026-05-27T15:20:46,2026-05-22T06:00:00,2026-05-29T06:00:00,Standard Submission
Rowan Sinclair,Active,2025-08-25,FALSE,Maya Delgado,M5-FY2027,2027,MONTH,5,2,New Logos Forecast (#),Forecast,1.0,,2026-05-06T15:40:47,2026-05-01T06:00:00,2026-05-08T06:00:00,Standard Submission
Rowan Sinclair,Active,2025-08-25,FALSE,Maya Delgado,M5-FY2027,2027,MONTH,5,3,New Logos Forecast (#),Forecast,0.0,,2026-05-13T12:13:30,2026-05-08T06:00:00,2026-05-15T06:00:00,Standard Submission
Rowan Sinclair,Active,2025-08-25,FALSE,Maya Delgado,M5-FY2027,2027,MONTH,5,4,New Logos Forecast (#),Forecast,0.0,,2026-05-20T15:58:43,2026-05-15T06:00:00,2026-05-22T06:00:00,Standard Submission
Rowan Sinclair,Active,2025-08-25,FALSE,Maya Delgado,M5-FY2027,2027,MONTH,5,5,New Logos Forecast (#),Forecast,0.0,,2026-05-27T15:20:52,2026-05-22T06:00:00,2026-05-29T06:00:00,Standard Submission
Rowan Sinclair,Active,2025-08-25,FALSE,Maya Delgado,Q2-FY2027,2027,QUARTER,2,2,Forecast,Forecast,213000.0,"Headline: Medium to slightly medium sizes deal w/ conviction and upside w/ Big deals that are early stage

Current Q CW = $0
Gap to call = $22000
Pipe coverage to forecast: 1.2x

Logic:
Early stage w/ Splashwave w/ plenty of risk that appears to be a swing deal.

Source and close remains top priority

High Upside with some upcoming early renewal and white space on accounts.

Key deals impacting my call:
For May:
- none
- Speranza 60 k
- Kiln - 24 K
-GTM- 50K
Early stage Splashwave-125K
- Source & Close $75k

Upside:
- early stage opps but could convert multiple",2026-05-06T16:50:04,2026-05-01T06:00:00,2026-05-08T06:00:00,Standard Submission
Rowan Sinclair,Active,2025-08-25,FALSE,Maya Delgado,Q2-FY2027,2027,QUARTER,2,3,Forecast,Forecast,213000.0,"Headline: Holding call w/ no change on already existing deals and Horizontal being very early stage.

Current Q CW = $3,920
Gap to call = $209,000
Pipe coverage to forecast: 2.2 X

Logic:
Big Swing deals w/ Splashwave and Horizontal that are both really early stage relevant to line of sight buying this Q

Speranza 60-90K- Range. Upside w/ Re-sell direct motion. I predict being around 70K

Early stage w/ Splashwave w/ plenty of risk that appears to be a swing deal. Multi product Foundation, Engage, Forecast sell.

Horizontal 180K - Very early stage. But core use case and pain. 150 sellers. W/ Multi product upside.

Lantern Risk CS team 35K-

GTM- Early Stage 50K.

Source and close remains top priority

High Upside with some upcoming early renewal and white space on accounts.

Key deals impacting my call:
- none
- Speranza 60 k
Early stage Splashwave-125K
Horizontal- 180K
- Source & Close $75k
-GTM- 50K
-Oragami Risk - 32K

Upside:
- My upside (but also risk)relies in Big deal execution and converting these T1's.",2026-05-13T16:41:49,2026-05-08T06:00:00,2026-05-15T06:00:00,Standard Submission
Rowan Sinclair,Active,2025-08-25,FALSE,Maya Delgado,Q2-FY2027,2027,QUARTER,2,4,Forecast,Forecast,175000.0,"Headline: Lowering call due to losing momentum w/ key swing deals.

Current Q CW = $3,920
Gap to call = $209,000
Pipe coverage to forecast: 2.2 X

Logic:
Big Swing deals have all lost momentum this week. Lowering call to reflect this.

Must regain momentum w/ Key swing deals or generate more pipeline.

Key deals impacting my call:
- Speranza 60k
-Splashwave - 175K
-Horizontal - 250K

-Lantern Risk 40K-60K
- Kiln Organic Growth- 30K-50K

Upside:
- My upside (but also risk)relies in Big deal execution and converting these T1's.",2026-05-20T15:55:30,2026-05-15T06:00:00,2026-05-22T06:00:00,Standard Submission
Rowan Sinclair,Active,2025-08-25,FALSE,Maya Delgado,Q2-FY2027,2027,QUARTER,2,5,Forecast,Forecast,175000.0,"Headline: Keeping call the same

Current Q CW = $23,200
Gap to call = $151,000
Pipe coverage to forecast: 4x

Logic:
Keeping call the same.

Clear and obtainable pathway to 120K.

Huge Risk in big deals. Being single threaded in Splashwave and Horizontal. Offer huge upside but not calling.

This call accounts for 50K more in Source and Close in last 8 weeks of quarter which is very doable.

Key deals impacting my call:
- Speranza 60k- Stalling w/ risks
-Splashwave - 175K- Single threaded risk
-Horizontal - 250K- Stalled

-Lantern Risk 40K-60K. Ill Keep Lantern at this 40-60K mark but do believe when can secure more upside if we play are cards right. Enable and Forecast.

- Kiln Organic Growth- 40-65K. Actually feel confident we will get at least another 50K here.

Need to source and close more deals this quarter.

Upside:
- Right now all of my big deals have alot of risk and them and are trending the wrong way.",2026-05-27T16:04:43,2026-05-22T06:00:00,2026-05-29T06:00:00,Standard Submission
Rowan Sinclair,Active,2025-08-25,FALSE,Maya Delgado,Q2-FY2027,2027,QUARTER,2,6,Forecast,Forecast,175000.0,"Headline: Keeping call the same

Current Q CW = $23,200
Gap to call = $151,000
Pipe coverage to forecast: 2.5x

Logic:
Keeping call the same.

Clear and obtainable pathway to 120K.

Huge Risk in big deals. Being single threaded in Splashwave. Splashwave being brought up in board room meetings today and tomorrow.

This call accounts for 50K more in Source and Close in last 7 weeks of quarter which is very doable.

Key deals impacting my call:
- Speranza 60k- Stalling w/ risks
-Splashwave - 175K- Single threaded risk
-Built 10 K overages

-Lantern Risk 40K-60K. Ill Keep Lantern at this 40-60K mark but do believe when can secure more upside if we play are cards right. Enable and Forecast.

- Kiln Organic Growth- 40-65K. Actually feel confident we will get at least another 50K here. would bring call to 110 K mark alone.

Need to source and close more deals this quarter.

Upside:
- Net new deal progression has been lacking. Working on Multi thread skill set.",2026-06-03T15:20:27,2026-05-29T06:00:00,2026-06-05T06:00:00,Standard Submission
Rowan Sinclair,Active,2025-08-25,FALSE,Maya Delgado,Q2-FY2027,2027,QUARTER,2,7,Forecast,Forecast,160000.0,"Headline: Drop by 15K

Current Q CW = $40,00
Gap to call = $120,000
Pipe coverage to forecast: 1.2

Logic:
Dropping call w/ net new deals closing

Clear and obtainable pathway to 120K.

Through Kiln and Lantern upsells.

Key deals impacting my call:
- Lantern Risk Enable 25k + Early renwal CS team
-Kiln Growth - will land 80-120K
-Built - 7k
-
Need to source and close more deals this quarter. This week and next week huge.

Upside:
- GTM 60K - Early stages w/ Plenty of risk for a Q2 call.
- Kiln early renewal growth upside $$$",2026-06-10T14:44:48,2026-06-05T06:00:00,2026-06-12T06:00:00,Standard Submission
Rowan Sinclair,Active,2025-08-25,FALSE,Maya Delgado,Q2-FY2027,2027,QUARTER,2,8,Forecast,Forecast,160000.0,"Headline: Drop by 15K

Current Q CW = $40,00
Gap to call = $120,000
Pipe coverage to forecast: 1.2

Logic:
Dropping call w/ net new deals closing

Clear and obtainable pathway to 120K.

Through Kiln and Lantern upsells.

Key deals impacting my call:
- Lantern Risk Enable 25k + Early renwal CS team
-Kiln Growth - will land 80-120K
-Built - 7k
-
Need to source and close more deals this quarter. This week and next week huge.

Upside:
- GTM 60K - Early stages w/ Plenty of risk for a Q2 call.
- Kiln early renewal growth upside $$$",2026-06-19T06:03:24,2026-06-12T06:00:00,2026-06-19T06:00:00,Missing Submission
Rowan Sinclair,Active,2025-08-25,FALSE,Maya Delgado,Q2-FY2027,2027,QUARTER,2,9,Forecast,Forecast,140000.0,"Headline: Drop by 20K

Current Q CW = $57,000
Gap to call = $80,000
Pipe coverage to forecast: 1X

Logic:
Dropping call by 10K b/c of inability to gain traction w/ net new deal

Key deals impacting my call:
- Lantern Risk Enable 35k + Early renwal CS team - extra 20-30K
-Kiln Growth - will land 90-110 K for the quarter
-Kiln Forecasting opp 75K
- Built 6-8K maybe in July w/ adding CS team and Implementation team

Need to source and close more deals this quarter. This week and next week huge.

Upside:
- Kiln & Lantern early renewal growth upside $$$.",2026-06-24T15:58:54,2026-06-19T06:00:00,2026-06-26T06:00:00,Standard Submission
Rowan Sinclair,Active,2025-08-25,FALSE,Maya Delgado,Q2-FY2027,2027,QUARTER,2,10,Forecast,Forecast,165000.0,"Headline: Raise by 25K

Current Q CW = $108,000
Gap to call = $57,000
Pipe coverage to forecast: 3x

Logic:
Raising call by 20 K

Key deals impacting my call:
-Kiln Growth -I anticipate another 40-60K in growth based on what I know about their hiring plans. Could be more....
- Built 6-8K - Enable and extra seat adds. already there dealing with some internal politics on getting this in though

- Lantern Risk Enable 30k + Early renewal CS team - extra 20-30K. Should be viewed as 40-50K plus deal in total. This deal is tight but do believe there is a pathway.

Need to source and close more deals this quarter.

Upside:
- Kiln forecasting sell 60K- Due to this being consumption based and team unwilling to move without a pilot this is unlikely to close in July.",2026-07-01T12:53:58,2026-06-26T06:00:00,2026-07-03T06:00:00,Standard Submission
Rowan Sinclair,Active,2025-08-25,FALSE,Maya Delgado,Q2-FY2027,2027,QUARTER,2,11,Forecast,Forecast,165000.0,"Headline: Raise by 25K

Current Q CW = $108,000
Gap to call = $57,000
Pipe coverage to forecast: 3x

Logic:
Raising call by 20 K

Key deals impacting my call:
-Kiln Growth -I anticipate another 40-60K in growth based on what I know about their hiring plans. Could be more....
- Built 6-8K - Enable and extra seat adds. already there dealing with some internal politics on getting this in though

- Lantern Risk Enable 30k + Early renewal CS team - extra 20-30K. Should be viewed as 40-50K plus deal in total. This deal is tight but do believe there is a pathway.

Need to source and close more deals this quarter.

Upside:
- Kiln forecasting sell 60K- Due to this being consumption based and team unwilling to move without a pilot this is unlikely to close in July.",2026-07-08T15:55:28,2026-07-03T06:00:00,2026-07-10T06:00:00,Standard Submission
Rowan Sinclair,Active,2025-08-25,FALSE,Maya Delgado,Q2-FY2027,2027,QUARTER,2,12,Forecast,Forecast,150000.0,"Headline: dropping by 10K

Current Q CW = $108,000
Gap to call = $47,000
Pipe coverage to forecast: 3x

Logic:
Dropping by 15K

Key deals impacting my call:
-Kiln Growth -I anticipate another 40-60K in growth based on what I know about their hiring plans. Could be more....

- Built 2K - Enable and extra seat adds. already there dealing with some internal politics on getting this in though

-Focused on squeezing what I can add Kiln, Lantern Risk and Suki.

Need to source and close more deals this quarter.

Upside:
- Kiln forecasting sell 60K- Due to this being consumption based and team unwilling to move without a pilot this is unlikely to close in July.

-Lantern Risk Enable 30k + Early renewal CS team - extra 20-30K. Should be viewed as 40-50K plus deal in total. This deal is tight but do believe there is a pathway.",2026-07-15T18:36:53,2026-07-10T06:00:00,2026-07-17T06:00:00,Standard Submission
Rowan Sinclair,Active,2025-08-25,FALSE,Maya Delgado,Q2-FY2027,2027,QUARTER,2,13,Forecast,Forecast,183945.0,"Headline: Raising due to Kiln

Current Q CW = $183,945
Gap to call = $0
Pipe coverage to forecast: 0

Logic:
At my Forecast have at the moment one more in play

Key deals impacting my call:
-

Upside:
-Lantern Risk Early Renwal and Ramping 20 seats -31K",2026-07-22T12:51:16,2026-07-17T06:00:00,2026-07-24T06:00:00,Standard Submission
Rowan Sinclair,Active,2025-08-25,FALSE,Maya Delgado,Q2-FY2027,2027,QUARTER,2,2,Best Case,Forecast,300000.0,,2026-05-06T15:40:38,2026-05-01T06:00:00,2026-05-08T06:00:00,Standard Submission
Rowan Sinclair,Active,2025-08-25,FALSE,Maya Delgado,Q2-FY2027,2027,QUARTER,2,3,Best Case,Forecast,300000.0,Will hold call steady,2026-05-13T12:13:00,2026-05-08T06:00:00,2026-05-15T06:00:00,Standard Submission
Rowan Sinclair,Active,2025-08-25,FALSE,Maya Delgado,Q2-FY2027,2027,QUARTER,2,4,Best Case,Forecast,325000.0,Will hold call steady,2026-05-20T15:55:45,2026-05-15T06:00:00,2026-05-22T06:00:00,Standard Submission
Rowan Sinclair,Active,2025-08-25,FALSE,Maya Delgado,Q2-FY2027,2027,QUARTER,2,5,Best Case,Forecast,325000.0,This is reflective of closing a large T1 deal in my pipeline,2026-05-27T15:19:28,2026-05-22T06:00:00,2026-05-29T06:00:00,Standard Submission
Rowan Sinclair,Active,2025-08-25,FALSE,Maya Delgado,Q2-FY2027,2027,QUARTER,2,6,Best Case,Forecast,325000.0,This is reflective of closing a large T1 deal in my pipeline,2026-06-03T15:20:44,2026-05-29T06:00:00,2026-06-05T06:00:00,Standard Submission
Rowan Sinclair,Active,2025-08-25,FALSE,Maya Delgado,Q2-FY2027,2027,QUARTER,2,7,Best Case,Forecast,250000.0,This is reflective of closing,2026-06-10T14:45:11,2026-06-05T06:00:00,2026-06-12T06:00:00,Standard Submission
Rowan Sinclair,Active,2025-08-25,FALSE,Maya Delgado,Q2-FY2027,2027,QUARTER,2,8,Best Case,Forecast,250000.0,This is reflective of closing,2026-06-19T06:03:24,2026-06-12T06:00:00,2026-06-19T06:00:00,Missing Submission
Rowan Sinclair,Active,2025-08-25,FALSE,Maya Delgado,Q2-FY2027,2027,QUARTER,2,9,Best Case,Forecast,220000.0,This is reflective of closing,2026-06-24T13:37:07,2026-06-19T06:00:00,2026-06-26T06:00:00,Standard Submission
Rowan Sinclair,Active,2025-08-25,FALSE,Maya Delgado,Q2-FY2027,2027,QUARTER,2,10,Best Case,Forecast,220000.0,This is reflective of closing,2026-07-01T12:54:34,2026-06-26T06:00:00,2026-07-03T06:00:00,Standard Submission
Rowan Sinclair,Active,2025-08-25,FALSE,Maya Delgado,Q2-FY2027,2027,QUARTER,2,11,Best Case,Forecast,220000.0,This is reflective of closing,2026-07-08T15:56:22,2026-07-03T06:00:00,2026-07-10T06:00:00,Standard Submission
Rowan Sinclair,Active,2025-08-25,FALSE,Maya Delgado,Q2-FY2027,2027,QUARTER,2,12,Best Case,Forecast,220000.0,This is reflective of closing,2026-07-15T15:14:53,2026-07-10T06:00:00,2026-07-17T06:00:00,Standard Submission
Rowan Sinclair,Active,2025-08-25,FALSE,Maya Delgado,Q2-FY2027,2027,QUARTER,2,13,Best Case,Forecast,214000.0,Lantern Risk early renewal and ramp seats,2026-07-22T12:51:36,2026-07-17T06:00:00,2026-07-24T06:00:00,Standard Submission
Rowan Sinclair,Active,2025-08-25,FALSE,Maya Delgado,Q2-FY2027,2027,QUARTER,2,2,New Logos Forecast (#),Forecast,3.0,,2026-05-06T15:40:47,2026-05-01T06:00:00,2026-05-08T06:00:00,Standard Submission
Rowan Sinclair,Active,2025-08-25,FALSE,Maya Delgado,Q2-FY2027,2027,QUARTER,2,3,New Logos Forecast (#),Forecast,3.0,"Speranza
one of Horizontal/ Splashwave/ GTM

and a source and close",2026-05-13T12:13:30,2026-05-08T06:00:00,2026-05-15T06:00:00,Standard Submission
Rowan Sinclair,Active,2025-08-25,FALSE,Maya Delgado,Q2-FY2027,2027,QUARTER,2,4,New Logos Forecast (#),Forecast,2.0,"Speranza
one of Horizontal/ Splashwave/ GTM

and a source and close",2026-05-20T15:56:07,2026-05-15T06:00:00,2026-05-22T06:00:00,Standard Submission
Rowan Sinclair,Active,2025-08-25,FALSE,Maya Delgado,Q2-FY2027,2027,QUARTER,2,5,New Logos Forecast (#),Forecast,2.0,"Speranza
one of Horizontal/ Splashwave/ GTM

and a source and close",2026-05-27T15:19:36,2026-05-22T06:00:00,2026-05-29T06:00:00,Standard Submission
Rowan Sinclair,Active,2025-08-25,FALSE,Maya Delgado,Q2-FY2027,2027,QUARTER,2,6,New Logos Forecast (#),Forecast,2.0,"Speranza
one of Horizontal/ Splashwave/ GTM

and a source and close",2026-06-03T15:23:57,2026-05-29T06:00:00,2026-06-05T06:00:00,Standard Submission
Rowan Sinclair,Active,2025-08-25,FALSE,Maya Delgado,Q2-FY2027,2027,QUARTER,2,7,New Logos Forecast (#),Forecast,1.0,"Speranza
one of Horizontal/ Splashwave/ GTM

and a source and close",2026-06-10T14:45:17,2026-06-05T06:00:00,2026-06-12T06:00:00,Standard Submission
Rowan Sinclair,Active,2025-08-25,FALSE,Maya Delgado,Q2-FY2027,2027,QUARTER,2,8,New Logos Forecast (#),Forecast,1.0,"Speranza
one of Horizontal/ Splashwave/ GTM

and a source and close",2026-06-19T06:03:24,2026-06-12T06:00:00,2026-06-19T06:00:00,Missing Submission
Rowan Sinclair,Active,2025-08-25,FALSE,Maya Delgado,Q2-FY2027,2027,QUARTER,2,9,New Logos Forecast (#),Forecast,0.0,"Speranza
one of Horizontal/ Splashwave/ GTM

and a source and close",2026-06-24T13:37:17,2026-06-19T06:00:00,2026-06-26T06:00:00,Standard Submission
Rowan Sinclair,Active,2025-08-25,FALSE,Maya Delgado,Q2-FY2027,2027,QUARTER,2,10,New Logos Forecast (#),Forecast,0.0,"Speranza
one of Horizontal/ Splashwave/ GTM

and a source and close",2026-07-01T12:55:25,2026-06-26T06:00:00,2026-07-03T06:00:00,Standard Submission
Rowan Sinclair,Active,2025-08-25,FALSE,Maya Delgado,Q2-FY2027,2027,QUARTER,2,11,New Logos Forecast (#),Forecast,0.0,"Speranza
one of Horizontal/ Splashwave/ GTM

and a source and close",2026-07-08T15:56:29,2026-07-03T06:00:00,2026-07-10T06:00:00,Standard Submission
Rowan Sinclair,Active,2025-08-25,FALSE,Maya Delgado,Q2-FY2027,2027,QUARTER,2,12,New Logos Forecast (#),Forecast,0.0,"Speranza
one of Horizontal/ Splashwave/ GTM

and a source and close",2026-07-15T15:15:01,2026-07-10T06:00:00,2026-07-17T06:00:00,Standard Submission
Rowan Sinclair,Active,2025-08-25,FALSE,Maya Delgado,Q2-FY2027,2027,QUARTER,2,13,New Logos Forecast (#),Forecast,0.0,"Speranza
one of Horizontal/ Splashwave/ GTM

and a source and close",2026-07-22T12:53:31,2026-07-17T06:00:00,2026-07-24T06:00:00,Standard Submission
Rowan Sinclair,Active,2025-08-25,FALSE,Maya Delgado,M6-FY2027,2027,MONTH,6,6,Forecast,Forecast,35000.0,"This call is reflective of

Built overages 10K
Kiln organic Growth -25k
Maybe Lantern this month 20-30K",2026-06-03T15:22:00,2026-05-29T06:00:00,2026-06-05T06:00:00,Standard Submission
Rowan Sinclair,Active,2025-08-25,FALSE,Maya Delgado,M6-FY2027,2027,MONTH,6,7,Forecast,Forecast,28000.0,"This call is reflective of

Built overages 10K
Kiln organic Growth -25k
Maybe Lantern this month 20-30K",2026-06-10T14:45:57,2026-06-05T06:00:00,2026-06-12T06:00:00,Standard Submission
Rowan Sinclair,Active,2025-08-25,FALSE,Maya Delgado,M6-FY2027,2027,MONTH,6,8,Forecast,Forecast,28000.0,"This call is reflective of

Built overages 10K
Kiln organic Growth -25k
Maybe Lantern this month 20-30K",2026-06-19T06:03:24,2026-06-12T06:00:00,2026-06-19T06:00:00,Missing Submission
Rowan Sinclair,Active,2025-08-25,FALSE,Maya Delgado,M6-FY2027,2027,MONTH,6,9,Forecast,Forecast,21200.0,Built will not happen this month. Vendor send freeze.,2026-06-24T15:58:54,2026-06-19T06:00:00,2026-06-26T06:00:00,Standard Submission
Rowan Sinclair,Active,2025-08-25,FALSE,Maya Delgado,M6-FY2027,2027,MONTH,6,6,Best Case,Forecast,60000.0,,2026-06-03T15:22:21,2026-05-29T06:00:00,2026-06-05T06:00:00,Standard Submission
Rowan Sinclair,Active,2025-08-25,FALSE,Maya Delgado,M6-FY2027,2027,MONTH,6,7,Best Case,Forecast,60000.0,,2026-06-10T14:46:03,2026-06-05T06:00:00,2026-06-12T06:00:00,Standard Submission
Rowan Sinclair,Active,2025-08-25,FALSE,Maya Delgado,M6-FY2027,2027,MONTH,6,8,Best Case,Forecast,60000.0,,2026-06-19T06:03:24,2026-06-12T06:00:00,2026-06-19T06:00:00,Missing Submission
Rowan Sinclair,Active,2025-08-25,FALSE,Maya Delgado,M6-FY2027,2027,MONTH,6,9,Best Case,Forecast,60000.0,,2026-06-24T13:37:07,2026-06-19T06:00:00,2026-06-26T06:00:00,Standard Submission
Rowan Sinclair,Active,2025-08-25,FALSE,Maya Delgado,M6-FY2027,2027,MONTH,6,6,New Logos Forecast (#),Forecast,0.0,,2026-06-03T15:23:57,2026-05-29T06:00:00,2026-06-05T06:00:00,Standard Submission
Rowan Sinclair,Active,2025-08-25,FALSE,Maya Delgado,M6-FY2027,2027,MONTH,6,7,New Logos Forecast (#),Forecast,0.0,,2026-06-10T14:46:08,2026-06-05T06:00:00,2026-06-12T06:00:00,Standard Submission
Rowan Sinclair,Active,2025-08-25,FALSE,Maya Delgado,M6-FY2027,2027,MONTH,6,8,New Logos Forecast (#),Forecast,0.0,,2026-06-19T06:03:24,2026-06-12T06:00:00,2026-06-19T06:00:00,Missing Submission
Rowan Sinclair,Active,2025-08-25,FALSE,Maya Delgado,M6-FY2027,2027,MONTH,6,9,New Logos Forecast (#),Forecast,0.0,,2026-06-24T13:37:17,2026-06-19T06:00:00,2026-06-26T06:00:00,Standard Submission
Harper Ramsey,Active,2025-12-23,FALSE,Maya Delgado,M7-FY2027,2027,MONTH,7,10,Forecast,Forecast,60000.0,,2026-07-01T16:14:58,2026-06-26T06:00:00,2026-07-03T06:00:00,Standard Submission
Harper Ramsey,Active,2025-12-23,FALSE,Maya Delgado,M7-FY2027,2027,MONTH,7,11,Forecast,Forecast,60000.0,,2026-07-08T15:14:56,2026-07-03T06:00:00,2026-07-10T06:00:00,Standard Submission
Harper Ramsey,Active,2025-12-23,FALSE,Maya Delgado,M7-FY2027,2027,MONTH,7,12,Forecast,Forecast,60000.0,,2026-07-15T18:43:01,2026-07-10T06:00:00,2026-07-17T06:00:00,Standard Submission
Harper Ramsey,Active,2025-12-23,FALSE,Maya Delgado,M7-FY2027,2027,MONTH,7,13,Forecast,Forecast,60000.0,,2026-07-22T15:04:30,2026-07-17T06:00:00,2026-07-24T06:00:00,Standard Submission
Harper Ramsey,Active,2025-12-23,FALSE,Maya Delgado,M7-FY2027,2027,MONTH,7,10,Best Case,Forecast,150000.0,,2026-07-01T15:16:02,2026-06-26T06:00:00,2026-07-03T06:00:00,Standard Submission
Harper Ramsey,Active,2025-12-23,FALSE,Maya Delgado,M7-FY2027,2027,MONTH,7,11,Best Case,Forecast,150000.0,,2026-07-08T15:15:38,2026-07-03T06:00:00,2026-07-10T06:00:00,Standard Submission
Harper Ramsey,Active,2025-12-23,FALSE,Maya Delgado,M7-FY2027,2027,MONTH,7,12,Best Case,Forecast,150000.0,,2026-07-15T15:05:06,2026-07-10T06:00:00,2026-07-17T06:00:00,Standard Submission
Harper Ramsey,Active,2025-12-23,FALSE,Maya Delgado,M7-FY2027,2027,MONTH,7,13,Best Case,Forecast,150000.0,,2026-07-22T15:06:00,2026-07-17T06:00:00,2026-07-24T06:00:00,Standard Submission
Harper Ramsey,Active,2025-12-23,FALSE,Maya Delgado,M7-FY2027,2027,MONTH,7,10,New Logos Forecast (#),Forecast,1.0,,2026-07-01T15:16:25,2026-06-26T06:00:00,2026-07-03T06:00:00,Standard Submission
Harper Ramsey,Active,2025-12-23,FALSE,Maya Delgado,M7-FY2027,2027,MONTH,7,11,New Logos Forecast (#),Forecast,1.0,,2026-07-08T15:15:47,2026-07-03T06:00:00,2026-07-10T06:00:00,Standard Submission
Harper Ramsey,Active,2025-12-23,FALSE,Maya Delgado,M7-FY2027,2027,MONTH,7,12,New Logos Forecast (#),Forecast,1.0,,2026-07-15T15:05:14,2026-07-10T06:00:00,2026-07-17T06:00:00,Standard Submission
Harper Ramsey,Active,2025-12-23,FALSE,Maya Delgado,M7-FY2027,2027,MONTH,7,13,New Logos Forecast (#),Forecast,1.0,,2026-07-22T15:04:44,2026-07-17T06:00:00,2026-07-24T06:00:00,Standard Submission
Harper Ramsey,Active,2025-12-23,FALSE,Maya Delgado,M5-FY2027,2027,MONTH,5,3,Forecast,Forecast,30000.0,"Headline: 2 quality rollover deals and need to source and close at least 2 more

Current Quarter CW: $0
Gap to call: $178K
Pipe coverage to forecast: 1x

Logic:
- 3 net new deals (120k)
- upsells/expansion (60k),
Key deals impacting my call:
- BAF - 45K
- Cargo Handling - 35k
- beyond/ellevation/fundera upsells",2026-05-13T15:28:09,2026-05-08T06:00:00,2026-05-15T06:00:00,Standard Submission
Harper Ramsey,Active,2025-12-23,FALSE,Maya Delgado,M5-FY2027,2027,MONTH,5,4,Forecast,Forecast,30000.0,"Headline: 2 quality rollover deals and need to source and close at least 2 more

Current Quarter CW: $0
Gap to call: $178K
Pipe coverage to forecast: 1x

Logic:
- 3 net new deals (120k)
- upsells/expansion (60k),
Key deals impacting my call:
- BAF - 45K
- Cargo Handling - 35k
- beyond/ellevation/fundera upsells",2026-05-22T06:03:04,2026-05-15T06:00:00,2026-05-22T06:00:00,Missing Submission
Harper Ramsey,Active,2025-12-23,FALSE,Maya Delgado,M5-FY2027,2027,MONTH,5,5,Forecast,Forecast,0.0,"Headline: 2 quality rollover deals and need to source and close at least 2 more

Current Quarter CW: $0
Gap to call: $178K
Pipe coverage to forecast: 1x

Logic:
- 3 net new deals (120k)
- upsells/expansion (60k),
Key deals impacting my call:
- BAF - 45K
- Cargo Handling - 35k
- beyond/ellevation/fundera upsells",2026-05-27T16:45:50,2026-05-22T06:00:00,2026-05-29T06:00:00,Standard Submission
Harper Ramsey,Active,2025-12-23,FALSE,Maya Delgado,M5-FY2027,2027,MONTH,5,3,Best Case,Forecast,55000.0,,2026-05-13T15:26:58,2026-05-08T06:00:00,2026-05-15T06:00:00,Standard Submission
Harper Ramsey,Active,2025-12-23,FALSE,Maya Delgado,M5-FY2027,2027,MONTH,5,4,Best Case,Forecast,55000.0,,2026-05-22T06:03:04,2026-05-15T06:00:00,2026-05-22T06:00:00,Missing Submission
Harper Ramsey,Active,2025-12-23,FALSE,Maya Delgado,M5-FY2027,2027,MONTH,5,5,Best Case,Forecast,15000.0,"chasing seats from beyond, unlikely because they are working to remove overage instead of paying for additional",2026-05-27T15:08:56,2026-05-22T06:00:00,2026-05-29T06:00:00,Standard Submission
Harper Ramsey,Active,2025-12-23,FALSE,Maya Delgado,M5-FY2027,2027,MONTH,5,3,New Logos Forecast (#),Forecast,0.0,,2026-05-13T15:27:10,2026-05-08T06:00:00,2026-05-15T06:00:00,Standard Submission
Harper Ramsey,Active,2025-12-23,FALSE,Maya Delgado,M5-FY2027,2027,MONTH,5,4,New Logos Forecast (#),Forecast,0.0,,2026-05-22T06:03:04,2026-05-15T06:00:00,2026-05-22T06:00:00,Missing Submission
Harper Ramsey,Active,2025-12-23,FALSE,Maya Delgado,M5-FY2027,2027,MONTH,5,5,New Logos Forecast (#),Forecast,0.0,,2026-05-27T15:15:38,2026-05-22T06:00:00,2026-05-29T06:00:00,Standard Submission
Harper Ramsey,Active,2025-12-23,FALSE,Maya Delgado,Q2-FY2027,2027,QUARTER,2,0,Forecast,Forecast,178000.0,,2026-04-22T15:08:44,,,Standard Submission
Harper Ramsey,Active,2025-12-23,FALSE,Maya Delgado,Q2-FY2027,2027,QUARTER,2,1,Forecast,Forecast,178000.0,"Headline: 2 quality rollover deals and need to source and close at least 2 more

Current Quarter CW: $0
Gap to call: $178K
Pipe coverage to forecast: 1x

Logic:
- 3 net new deals (120k)
- upsells/expansion (60k),
Key deals impacting my call:
- BAF - 45K
- Cargo Handling - 35k
- beyond/ellevation/fundera upsells",2026-04-29T15:50:00,2026-05-01T00:00:00,2026-05-01T06:00:00,Standard Submission
Harper Ramsey,Active,2025-12-23,FALSE,Maya Delgado,Q2-FY2027,2027,QUARTER,2,2,Forecast,Forecast,178000.0,"Headline: 2 quality rollover deals and need to source and close at least 2 more

Current Quarter CW: $0
Gap to call: $178K
Pipe coverage to forecast: 1x

Logic:
- 3 net new deals (120k)
- upsells/expansion (60k),
Key deals impacting my call:
- BAF - 45K
- Cargo Handling - 35k
- beyond/ellevation/fundera upsells",2026-05-08T06:02:41,2026-05-01T06:00:00,2026-05-08T06:00:00,Missing Submission
Harper Ramsey,Active,2025-12-23,FALSE,Maya Delgado,Q2-FY2027,2027,QUARTER,2,3,Forecast,Forecast,178000.0,"Headline: 2 quality rollover deals and need to source and close at least 2 more

Current Quarter CW: $0
Gap to call: $178K
Pipe coverage to forecast: 1x

Logic:
- 3 net new deals (120k)
- upsells/expansion (60k),
Key deals impacting my call:
- BAF - 45K
- Cargo Handling - 35k
- beyond/ellevation/fundera upsells",2026-05-13T15:25:20,2026-05-08T06:00:00,2026-05-15T06:00:00,Standard Submission
Harper Ramsey,Active,2025-12-23,FALSE,Maya Delgado,Q2-FY2027,2027,QUARTER,2,4,Forecast,Forecast,178000.0,"Headline: 2 quality rollover deals and need to source and close at least 2 more

Current Quarter CW: $0
Gap to call: $178K
Pipe coverage to forecast: 1x

Logic:
- 3 net new deals (120k)
- upsells/expansion (60k),
Key deals impacting my call:
- BAF - 45K
- Cargo Handling - 35k
- beyond/ellevation/fundera upsells",2026-05-22T06:03:04,2026-05-15T06:00:00,2026-05-22T06:00:00,Missing Submission
Harper Ramsey,Active,2025-12-23,FALSE,Maya Delgado,Q2-FY2027,2027,QUARTER,2,5,Forecast,Forecast,125000.0,"Headline: 2 net new deals 80k(BAF, MH) total, 2 new upsell 40k (Fundera enable, DS engage), create close 60k, back fill current deals

Current Quarter CW: $0
Gap to call: $178K
Pipe coverage to forecast: 1x

Key deals impacting my call:
- BAF - 45K
- Cargo Handling - 35k
- beyond/ellevation/fundera upsells",2026-05-27T16:45:50,2026-05-22T06:00:00,2026-05-29T06:00:00,Standard Submission
Harper Ramsey,Active,2025-12-23,FALSE,Maya Delgado,Q2-FY2027,2027,QUARTER,2,6,Forecast,Forecast,125000.0,"Headline: bring back late stage lost deals and source and close, execute early stage deals net new

Current Quarter CW: $0
Gap to call: $120k
Pipe coverage to forecast: 2x

Logic:
- Early stage upsell opps need to convert at 30% win rate (40k)
- 25% execution on net new, bring back one closed lost (2) or net new deal(2) (50k)
- create and close to backfill + find 35k more revenue, generate 200k pipe before June 22 (5 weeks before EOQ)

Key deals impacting my call:
- DraftSketch upsell - 20k
- CardinalMSP -5k seats
- Fundera earlier renewal - 20k RA contact
- EE - enable upsell 25k June 15th sync
- Beacon June 15 sync
- BAF - 45K pricing review
- JRP 75k+",2026-06-03T16:28:48,2026-05-29T06:00:00,2026-06-05T06:00:00,Standard Submission
Harper Ramsey,Active,2025-12-23,FALSE,Maya Delgado,Q2-FY2027,2027,QUARTER,2,7,Forecast,Forecast,125000.0,"Headline: execute early stage deals net new, small upsells, bring back late stage lost deals and source and close,

Current Quarter CW: $0
Gap to call: $125k
Pipe coverage to forecast: 1.36x

Logic:
- Early stage upsell opps need to convert at 30% win rate (40k)
- 25% execution on net new, bring back one closed lost (2) or net new deal(2) (50k)
- create and close to backfill + find 35k more revenue, generate 200k pipe before June 22 (5 weeks before EOQ), seat adds

Key deals impacting my call:
- DraftSketch upsell - 20k
- CardinalMSP -5k seats
- SARELLA - 8k upsell seats
- Fundera earlier renewal - 20k RA contact, call on 23rd
- EE - QBR / enable upsell 25k June 15th sync
- Beacon QBR June 15 sync
- BAF - 45K pricing review
- JRP/Frontier Legal - High risk high upside deals not likely this quarter",2026-06-10T14:53:32,2026-06-05T06:00:00,2026-06-12T06:00:00,Standard Submission
Harper Ramsey,Active,2025-12-23,FALSE,Maya Delgado,Q2-FY2027,2027,QUARTER,2,8,Forecast,Forecast,60000.0,"Headline: execute early stage deals net new, small upsells, bring back late stage lost deals and source and close,

Current Quarter CW: $0
Gap to call: $43k
Pipe coverage to forecast: 1.36x

Logic:
- Early stage upsell opps need to convert at 30% win rate (40k)
- 25% execution on net new, bring back one closed lost (2) or net new deal(2) (50k)
- create and close to backfill + find 35k more revenue, generate 200k pipe before June 22 (5 weeks before EOQ), seat adds

Key deals impacting my call:
- DraftSketch upsell - 20k
- DraftSketch 10k seats
- CardinalMSP -5k seats
- SARELLA - 8k upsell seats
- *Enable PEO - 20k*
- Fundera earlier renewal - 20k RA contact, call on 23rd
- EE - QBR / enable upsell 25k June 15th sync
- Beacon pushed QBR June 15 sync
- BAF - 45K pricing review
- JRP/Frontier Legal - High risk high upside deals not likely this quarter",2026-06-17T16:24:15,2026-06-12T06:00:00,2026-06-19T06:00:00,Standard Submission
Harper Ramsey,Active,2025-12-23,FALSE,Maya Delgado,Q2-FY2027,2027,QUARTER,2,9,Forecast,Forecast,60000.0,"Headline: Need to close NB deal. Back fill is high risk upsells and create and close.

Current Quarter CW: $17k
Gap to call: $42k
Pipe coverage to forecast: 1.8x

Logic:
- Hedge of BAF
- backfills are currently JetExclusive 30k and DraftSketch 20k
- create and close to backfill generate 150k pipe by July 10th

Key deals impacting my call:
- BAF 40k upside 80k
- DraftSketch upsell - 20k
- DraftSketch 10k seats
- CardinalMSP -5k seats
- SARELLA - 8k upsell seats
- Enable PEO - 20k
- Fundera earlier renewal - 20k RA contact, call on 23rd
- EE - QBR / enable upsell 25k June push sync",2026-06-24T16:24:24,2026-06-19T06:00:00,2026-06-26T06:00:00,Standard Submission
Harper Ramsey,Active,2025-12-23,FALSE,Maya Delgado,Q2-FY2027,2027,QUARTER,2,10,Forecast,Forecast,60000.0,"Headline: Need to close NB deal. Back fill is high risk upsells and create and close.

Current Quarter CW: $17k
Gap to call: $42k
Pipe coverage to forecast: 1.8x

Logic:
- Hedge of BAF
- backfill is and DraftSketch 20k
- create and close to backfill generate 150k pipe by July 10th

Key deals impacting my call:
- BAF 40k upside 150k
- DraftSketch upsell - 20k
- DraftSketch 10k seats (Closed)
- CardinalMSP -5k seats
- SARELLA - 8k upsell seats (Closed)
- Enable PEO - 20k
- Fundera earlier renewal - 20k RA contact, call on 23rd
- EE - QBR / enable upsell 25k June push sync",2026-07-01T16:14:58,2026-06-26T06:00:00,2026-07-03T06:00:00,Standard Submission
Harper Ramsey,Active,2025-12-23,FALSE,Maya Delgado,Q2-FY2027,2027,QUARTER,2,11,Forecast,Forecast,60000.0,"Headline: Need to close NB deal. Back fill is high risk upsells and create and close.

Current Quarter CW: $17k
Gap to call: $42k
Pipe coverage to forecast: 1.8x

Logic:
- Hedge of BAF 40k -- 150k
- current backfill options are fundera enable 40k is and DraftSketch engage 20k
- create and close to backfill (upcoming potentail deals (stova, hustle, trace one)

Key deals impacting my call:
- BAF
- DraftSketch upsell - 20k
- DraftSketch 10k seats (Closed)
- CardinalMSP -5k seats
- SARELLA - 8k upsell seats (Closed)
- Fundera earlier renewal - 20k RA contact, call on 23rd
- EE - QBR / enable upsell 25k June push sync",2026-07-08T15:14:56,2026-07-03T06:00:00,2026-07-10T06:00:00,Standard Submission
Harper Ramsey,Active,2025-12-23,FALSE,Maya Delgado,Q2-FY2027,2027,QUARTER,2,12,Forecast,Forecast,40000.0,"Headline: 3 active deals + BAF + create and close

Current Quarter CW: $17k
Gap to call: $20k
Pipe coverage to forecast: 1.8x

Logic:
- Hedge of BAF 40k -- 150k
- current backfill options are fundera enable 40k is and DraftSketch engage 20k, stova 15k
- create and close to backfill (upcoming potentail deals (hustle, trace one,Tavro)

Key deals impacting my call:
- BAF
- DraftSketch upsell - 20k
- DraftSketch 10k seats (Closed)
- CardinalMSP -5k seats
- SARELLA - 8k upsell seats (Closed)
- Fundera earlier renewal - enable evaluation with leadership yes/no 17th
- Stova 15k - enable upsell July 16th next step, introduced enable on last call, next call will be formal discovery
- DraftSketch - 20k engage, call next week with aiden (director) and Matt (VP) and actively working with CRO of technical issue",2026-07-15T18:43:01,2026-07-10T06:00:00,2026-07-17T06:00:00,Standard Submission
Harper Ramsey,Active,2025-12-23,FALSE,Maya Delgado,Q2-FY2027,2027,QUARTER,2,13,Forecast,Forecast,30000.0,"Headline: + BAF + create and close

Current Quarter CW: $20k
Gap to call: $10k
Pipe coverage to forecast: 0 (bumped pipe to next quarter)

Logic:
- BAF alignment call (27th)
- current opps I am attempting to pull forward,
1. Fundera - Open support ticket, no SNE, but upcoming renewal in q3, messaging leadership and completing support ticket, Tina RA is involved
2. DraftSketch - see if EOQ initiatives can move the needle for leadership, battling oct. timeline,
3. Stova - meeting on 28th with leadership enable upsell, contact is OOO running 5 minute play with power Vantera users in account
- create and close to backfill (upcoming potentail deals (hustle, trace one, Tavro)

Key deals impacting my call:
- BAF 20/80 deal size = 80k-150k
- DraftSketch upsell - 20k
- DraftSketch 10k seats (Closed)
- SARELLA - 8k upsell seats (Closed)
- Fundera earlier renewal - enable evaluation with leadership yes/no
- Stova 15k - enable upsell July 28th next step, introduced enable on last call, next call will be formal discovery
- DraftSketch - 20k engage, call next week with aiden (director) and Matt (VP) and actively working with CRO of technical issue",2026-07-22T15:04:30,2026-07-17T06:00:00,2026-07-24T06:00:00,Standard Submission
Harper Ramsey,Active,2025-12-23,FALSE,Maya Delgado,Q2-FY2027,2027,QUARTER,2,0,Best Case,Forecast,225000.0,,2026-04-22T15:08:58,,,Standard Submission
Harper Ramsey,Active,2025-12-23,FALSE,Maya Delgado,Q2-FY2027,2027,QUARTER,2,1,Best Case,Forecast,225000.0,,2026-05-01T06:02:40,2026-05-01T00:00:00,2026-05-01T06:00:00,Missing Submission
Harper Ramsey,Active,2025-12-23,FALSE,Maya Delgado,Q2-FY2027,2027,QUARTER,2,2,Best Case,Forecast,225000.0,,2026-05-08T06:02:41,2026-05-01T06:00:00,2026-05-08T06:00:00,Missing Submission
Harper Ramsey,Active,2025-12-23,FALSE,Maya Delgado,Q2-FY2027,2027,QUARTER,2,3,Best Case,Forecast,225000.0,,2026-05-13T15:25:30,2026-05-08T06:00:00,2026-05-15T06:00:00,Standard Submission
Harper Ramsey,Active,2025-12-23,FALSE,Maya Delgado,Q2-FY2027,2027,QUARTER,2,4,Best Case,Forecast,225000.0,,2026-05-22T06:03:04,2026-05-15T06:00:00,2026-05-22T06:00:00,Missing Submission
Harper Ramsey,Active,2025-12-23,FALSE,Maya Delgado,Q2-FY2027,2027,QUARTER,2,5,Best Case,Forecast,225000.0,create and close 100k instead of 60k,2026-05-27T15:08:56,2026-05-22T06:00:00,2026-05-29T06:00:00,Standard Submission
Harper Ramsey,Active,2025-12-23,FALSE,Maya Delgado,Q2-FY2027,2027,QUARTER,2,6,Best Case,Forecast,225000.0,"Headline: upside from create and close + 50% execution on current pipe

Current Quarter CW: $0
Gap to call: $120k
Pipe coverage to forecast: 2x

Key deals impacting my call:
- DraftSketch upsell - 20k
- BAF - 45K pricing review
- fundera earlier renewal - 20k RA contact
- EE - enable upsell 25k June 15th sync
- Beacon June 15 sync
- JRP 75k+",2026-06-03T15:05:15,2026-05-29T06:00:00,2026-06-05T06:00:00,Standard Submission
Harper Ramsey,Active,2025-12-23,FALSE,Maya Delgado,Q2-FY2027,2027,QUARTER,2,7,Best Case,Forecast,225000.0,"Headline: upside from create and close + 50% execution on current pipe

Current Quarter CW: $0
Gap to call: $120k
Pipe coverage to forecast: 2x

Key deals impacting my call:
- DraftSketch upsell - 20k
- BAF - 45K pricing review
- fundera earlier renewal - 20k RA contact
- EE - enable upsell 25k June 15th sync
- Beacon June 15 sync
- JRP 75k+",2026-06-10T14:54:35,2026-06-05T06:00:00,2026-06-12T06:00:00,Standard Submission
Harper Ramsey,Active,2025-12-23,FALSE,Maya Delgado,Q2-FY2027,2027,QUARTER,2,8,Best Case,Forecast,120000.0,"Headline: upside from create and close + 50% execution on current pipe

Current Quarter CW: $0
Gap to call: $120k
Pipe coverage to forecast: 2x

Key deals impacting my call:
- DraftSketch upsell - 20k
- BAF - 45K pricing review
- fundera earlier renewal - 20k RA contact
- EE - enable upsell 25k June 15th sync
- Beacon June 15 sync
- JRP 75k+",2026-06-17T16:00:06,2026-06-12T06:00:00,2026-06-19T06:00:00,Standard Submission
Harper Ramsey,Active,2025-12-23,FALSE,Maya Delgado,Q2-FY2027,2027,QUARTER,2,9,Best Case,Forecast,120000.0,"Headline: upside from create and close + 50% execution on current pipe

Current Quarter CW: $0
Gap to call: $120k
Pipe coverage to forecast: 2x

Key deals impacting my call:
- DraftSketch upsell - 20k
- BAF - 45K pricing review
- fundera earlier renewal - 20k RA contact
- EE - enable upsell 25k June 15th sync
- Beacon June 15 sync
- JRP 75k+",2026-06-24T15:55:49,2026-06-19T06:00:00,2026-06-26T06:00:00,Standard Submission
Harper Ramsey,Active,2025-12-23,FALSE,Maya Delgado,Q2-FY2027,2027,QUARTER,2,10,Best Case,Forecast,175000.0,"Headline: upside from create and close + 50% execution on current pipe

Current Quarter CW: $0
Gap to call: $120k
Pipe coverage to forecast: 2x

Key deals impacting my call:
- DraftSketch upsell - 20k
- BAF - 45K pricing review
- fundera earlier renewal - 20k RA contact
- EE - enable upsell 25k June 15th sync
- Beacon June 15 sync
- JRP 75k+",2026-07-01T15:14:32,2026-06-26T06:00:00,2026-07-03T06:00:00,Standard Submission
Harper Ramsey,Active,2025-12-23,FALSE,Maya Delgado,Q2-FY2027,2027,QUARTER,2,11,Best Case,Forecast,170000.0,"Headline: BAF upside

Current Quarter CW: $0
Gap to call: $150k
Pipe coverage to forecast: 2x

Key deals impacting my call:
- DraftSketch upsell - 20k
- BAF - 45K pricing review
- fundera earlier renewal - 20k RA contact
- EE - enable upsell 25k June 15th sync
- Beacon June 15 sync
- JRP 75k+",2026-07-08T15:15:38,2026-07-03T06:00:00,2026-07-10T06:00:00,Standard Submission
Harper Ramsey,Active,2025-12-23,FALSE,Maya Delgado,Q2-FY2027,2027,QUARTER,2,12,Best Case,Forecast,170000.0,"Headline: BAF upside

Current Quarter CW: $0
Gap to call: $150k
Pipe coverage to forecast: 2x

Key deals impacting my call:
- DraftSketch upsell - 20k
- BAF - 45K pricing review
- fundera earlier renewal - 40k RA contact",2026-07-15T15:05:06,2026-07-10T06:00:00,2026-07-17T06:00:00,Standard Submission
Harper Ramsey,Active,2025-12-23,FALSE,Maya Delgado,Q2-FY2027,2027,QUARTER,2,13,Best Case,Forecast,170000.0,"Headline: BAF upside

Current Quarter CW: $20k
Gap to upside: $130k
Pipe coverage to forecast: 0 (bumped pipe to next quarter)

Logic:
- BAF alignment call (27th)
- current opps I am attempting to pull forward,
1. Fundera - Open support ticket, no SNE, but upcoming renewal in q3, messaging leadership and completing support ticket, Tina RA is involved
2. DraftSketch - see if EOQ initiatives can move the needle for leadership, battling oct. timeline,
3. Stova - meeting on 28th with leadership enable upsell, contact is OOO running 5 minute play with power Vantera users in account
- create and close to backfill (upcoming potentail deals (hustle, trace one, Tavro)

Key deals impacting my call:
- BAF 20/80 deal size = 80k-150k
- DraftSketch upsell - 20k
- DraftSketch 10k seats (Closed)
- SARELLA - 8k upsell seats (Closed)
- Fundera earlier renewal - enable evaluation with leadership yes/no
- Stova 15k - enable upsell July 28th next step, introduced enable on last call, next call will be formal discovery
- DraftSketch - 20k engage, call next week with aiden (director) and Matt (VP) and actively working with CRO of technical issue",2026-07-22T15:06:00,2026-07-17T06:00:00,2026-07-24T06:00:00,Standard Submission
Harper Ramsey,Active,2025-12-23,FALSE,Maya Delgado,Q2-FY2027,2027,QUARTER,2,3,New Logos Forecast (#),Forecast,2.0,,2026-05-13T15:25:58,2026-05-08T06:00:00,2026-05-15T06:00:00,Standard Submission
Harper Ramsey,Active,2025-12-23,FALSE,Maya Delgado,Q2-FY2027,2027,QUARTER,2,4,New Logos Forecast (#),Forecast,2.0,,2026-05-22T06:03:04,2026-05-15T06:00:00,2026-05-22T06:00:00,Missing Submission
Harper Ramsey,Active,2025-12-23,FALSE,Maya Delgado,Q2-FY2027,2027,QUARTER,2,5,New Logos Forecast (#),Forecast,2.0,,2026-05-27T15:15:38,2026-05-22T06:00:00,2026-05-29T06:00:00,Standard Submission
Harper Ramsey,Active,2025-12-23,FALSE,Maya Delgado,Q2-FY2027,2027,QUARTER,2,6,New Logos Forecast (#),Forecast,1.0,,2026-06-03T15:03:27,2026-05-29T06:00:00,2026-06-05T06:00:00,Standard Submission
Harper Ramsey,Active,2025-12-23,FALSE,Maya Delgado,Q2-FY2027,2027,QUARTER,2,7,New Logos Forecast (#),Forecast,1.0,,2026-06-10T14:54:47,2026-06-05T06:00:00,2026-06-12T06:00:00,Standard Submission
Harper Ramsey,Active,2025-12-23,FALSE,Maya Delgado,Q2-FY2027,2027,QUARTER,2,8,New Logos Forecast (#),Forecast,1.0,,2026-06-17T16:00:24,2026-06-12T06:00:00,2026-06-19T06:00:00,Standard Submission
Harper Ramsey,Active,2025-12-23,FALSE,Maya Delgado,Q2-FY2027,2027,QUARTER,2,9,New Logos Forecast (#),Forecast,1.0,,2026-06-24T15:56:45,2026-06-19T06:00:00,2026-06-26T06:00:00,Standard Submission
Harper Ramsey,Active,2025-12-23,FALSE,Maya Delgado,Q2-FY2027,2027,QUARTER,2,10,New Logos Forecast (#),Forecast,1.0,,2026-07-01T15:15:08,2026-06-26T06:00:00,2026-07-03T06:00:00,Standard Submission
Harper Ramsey,Active,2025-12-23,FALSE,Maya Delgado,Q2-FY2027,2027,QUARTER,2,11,New Logos Forecast (#),Forecast,1.0,,2026-07-08T15:15:47,2026-07-03T06:00:00,2026-07-10T06:00:00,Standard Submission
Harper Ramsey,Active,2025-12-23,FALSE,Maya Delgado,Q2-FY2027,2027,QUARTER,2,12,New Logos Forecast (#),Forecast,1.0,,2026-07-15T15:05:14,2026-07-10T06:00:00,2026-07-17T06:00:00,Standard Submission
Harper Ramsey,Active,2025-12-23,FALSE,Maya Delgado,Q2-FY2027,2027,QUARTER,2,13,New Logos Forecast (#),Forecast,0.0,,2026-07-22T15:04:44,2026-07-17T06:00:00,2026-07-24T06:00:00,Standard Submission
Harper Ramsey,Active,2025-12-23,FALSE,Maya Delgado,M6-FY2027,2027,MONTH,6,6,Forecast,Forecast,25000.0,"Headline: current customer execution and earlier renewal,

Current Quarter CW: $0
Gap to call: $120k
Pipe coverage to forecast: 2x

Key deals impacting my call:
- DraftSketch upsell - 20k
- BAF - 45K pricing review
- fundera earlier renewal - 20k RA contact
- EE - enable upsell 25k June 15th sync
- Beacon June 15 sync
- JRP 75k+
- CardinalMSP 10k",2026-06-03T16:28:48,2026-05-29T06:00:00,2026-06-05T06:00:00,Standard Submission
Harper Ramsey,Active,2025-12-23,FALSE,Maya Delgado,M6-FY2027,2027,MONTH,6,7,Forecast,Forecast,10000.0,"Headline: current customer execution and earlier renewal,

Current Quarter CW: $0
Gap to call: $120k
Pipe coverage to forecast: 2x

Key deals impacting my call:
- CardinalMSP and SARELLA
- DraftSketch upsell - 20k
- BAF - 45K pricing review
- fundera earlier renewal - 20k RA contact
- EE - enable upsell 25k June 15th sync
- Beacon June 15 sync
- JRP 75k+
- CardinalMSP 10k",2026-06-10T14:55:59,2026-06-05T06:00:00,2026-06-12T06:00:00,Standard Submission
Harper Ramsey,Active,2025-12-23,FALSE,Maya Delgado,M6-FY2027,2027,MONTH,6,8,Forecast,Forecast,10000.0,"Headline: current customer execution and earlier renewal,

Current Quarter CW: $0
Gap to call: $120k
Pipe coverage to forecast: 2x

Key deals impacting my call:
- CardinalMSP and SARELLA
- DraftSketch upsell - 20k
- BAF - 45K pricing review
- fundera earlier renewal - 20k RA contact
- EE - enable upsell 25k June 15th sync
- Beacon June 15 sync
- JRP 75k+
- CardinalMSP 10k",2026-06-17T16:24:15,2026-06-12T06:00:00,2026-06-19T06:00:00,Standard Submission
Harper Ramsey,Active,2025-12-23,FALSE,Maya Delgado,M6-FY2027,2027,MONTH,6,9,Forecast,Forecast,10000.0,"Headline: current customer execution and earlier renewal,

Current Quarter CW: $0
Gap to call: $120k
Pipe coverage to forecast: 2x

Key deals impacting my call:
- CardinalMSP and SARELLA
- DraftSketch upsell - 20k
- BAF - 45K pricing review
- fundera earlier renewal - 20k RA contact
- EE - enable upsell 25k June 15th sync
- Beacon June 15 sync
- JRP 75k+
- CardinalMSP 10k",2026-06-24T16:46:25,2026-06-19T06:00:00,2026-06-26T06:00:00,Standard Submission
Harper Ramsey,Active,2025-12-23,FALSE,Maya Delgado,M6-FY2027,2027,MONTH,6,6,Best Case,Forecast,50000.0,,2026-06-03T15:06:27,2026-05-29T06:00:00,2026-06-05T06:00:00,Standard Submission
Harper Ramsey,Active,2025-12-23,FALSE,Maya Delgado,M6-FY2027,2027,MONTH,6,7,Best Case,Forecast,50000.0,,2026-06-10T14:56:16,2026-06-05T06:00:00,2026-06-12T06:00:00,Standard Submission
Harper Ramsey,Active,2025-12-23,FALSE,Maya Delgado,M6-FY2027,2027,MONTH,6,8,Best Case,Forecast,50000.0,,2026-06-17T16:00:06,2026-06-12T06:00:00,2026-06-19T06:00:00,Standard Submission
Harper Ramsey,Active,2025-12-23,FALSE,Maya Delgado,M6-FY2027,2027,MONTH,6,9,Best Case,Forecast,50000.0,,2026-06-24T15:55:49,2026-06-19T06:00:00,2026-06-26T06:00:00,Standard Submission
Harper Ramsey,Active,2025-12-23,FALSE,Maya Delgado,M6-FY2027,2027,MONTH,6,6,New Logos Forecast (#),Forecast,0.0,,2026-06-03T15:06:46,2026-05-29T06:00:00,2026-06-05T06:00:00,Standard Submission
Harper Ramsey,Active,2025-12-23,FALSE,Maya Delgado,M6-FY2027,2027,MONTH,6,7,New Logos Forecast (#),Forecast,0.0,,2026-06-10T14:56:21,2026-06-05T06:00:00,2026-06-12T06:00:00,Standard Submission
Harper Ramsey,Active,2025-12-23,FALSE,Maya Delgado,M6-FY2027,2027,MONTH,6,8,New Logos Forecast (#),Forecast,0.0,,2026-06-17T16:00:24,2026-06-12T06:00:00,2026-06-19T06:00:00,Standard Submission
Harper Ramsey,Active,2025-12-23,FALSE,Maya Delgado,M6-FY2027,2027,MONTH,6,9,New Logos Forecast (#),Forecast,0.0,,2026-06-24T15:56:45,2026-06-19T06:00:00,2026-06-26T06:00:00,Standard Submission